Aroma,Flavor,Aftertaste,Acidity,Body,Balance,Cupper.Points
3.485375941633611,3.8218807671507173,3.621773517664036,3.787289635744015,3.3326909677462404,2.5682454595875135,2.919170811456369
3.7387611163991084,3.3537248865850082,3.1356894818036953,3.2556907967999957,3.0596690539681135,2.5682454595875135,2.5210207993842637
2.6935472704914325,2.856309263483943,2.9069440531635347,2.755362477793859,2.752519400967722,2.5682454595875135,4.0902002587272674
1.901718599349254,3.090387203766798,2.9069440531635347,2.755362477793859,3.3326909677462404,2.0813773907642408,2.731806099893025
2.1551037741147514,2.856309263483943,2.420860017303194,3.0055266372969274,3.0596690539681135,2.31049177609284,2.5210207993842637
3.2003176200224273,2.6222313232010888,2.9069440531635347,3.0055266372969274,2.4794974871895956,2.31049177609284,1.935506075748815
2.6935472704914325,2.856309263483943,2.6496054459433545,3.0055266372969274,2.4794974871895956,2.0813773907642408,2.33365608782092
2.1551037741147514,2.358893640382878,3.1356894818036953,2.755362477793859,2.752519400967722,2.797359844916113,3.5046855350918182
3.485375941633611,3.3537248865850082,3.364434910443856,2.755362477793859,2.752519400967722,2.5682454595875135,2.731806099893025
1.6166602777380703,3.090387203766798,3.1356894818036953,3.0055266372969274,0.5000886122981792,2.5682454595875135,2.33365608782092
1.901718599349254,3.3537248865850082,2.420860017303194,3.0055266372969274,0.7731105260763058,1.8522630054356417,2.5210207993842637
2.1551037741147514,2.6222313232010888,2.192114588663033,2.4739277983529075,1.8993259204110773,1.8522630054356417,2.33365608782092
1.6166602777380703,3.3537248865850082,2.6496054459433545,2.755362477793859,1.6263040066329506,1.594509321940968,1.935506075748815
2.408488948880249,2.6222313232010888,1.934775981442853,2.223763638849839,2.4794974871895956,1.3653949366123688,2.5210207993842637
2.1551037741147514,2.358893640382878,3.1356894818036953,2.223763638849839,3.605712881524367,3.513342299067985,2.33365608782092
1.363275102972573,2.856309263483943,3.364434910443856,1.973599479346771,2.2064755734114687,1.3653949366123688,1.5607766526221272
2.408488948880249,2.1248157001000236,1.2199465169423513,0.6602376419556635,3.3326909677462404,2.5682454595875135,1.935506075748815
1.901718599349254,2.358893640382878,2.420860017303194,2.4739277983529075,3.0596690539681135,2.31049177609284,3.106535523019713
2.6935472704914325,2.1248157001000236,1.934775981442853,1.973599479346771,1.3532820928548241,1.3653949366123688,2.1462913762575764
1.901718599349254,1.890737759817169,1.7060305528026922,1.973599479346771,1.8993259204110773,2.31049177609284,1.935506075748815
1.363275102972573,2.1248157001000236,1.934775981442853,3.0055266372969274,2.4794974871895956,1.3653949366123688,1.5607766526221272
1.6166602777380703,2.1248157001000236,1.7060305528026922,1.973599479346771,1.6263040066329506,2.31049177609284,1.935506075748815
1.901718599349254,2.1248157001000236,2.192114588663033,1.4420006404027514,1.0461324398544325,1.8522630054356417,2.5210207993842637
2.1551037741147514,2.358893640382878,2.192114588663033,1.973599479346771,1.0461324398544325,1.8522630054356417,1.5607766526221272
2.6935472704914325,1.890737759817169,1.4772851241625315,1.973599479346771,2.752519400967722,1.3653949366123688,1.3499913521133657
2.94693244525693,2.856309263483943,1.7060305528026922,1.4420006404027514,1.6263040066329506,1.3653949366123688,0.9752619289866782
0.8248316065958918,2.1248157001000236,1.934775981442853,1.973599479346771,2.2064755734114687,1.8522630054356417,1.748141364185471
2.6935472704914325,1.890737759817169,2.192114588663033,1.973599479346771,1.0461324398544325,1.1362805512837695,1.5607766526221272
1.901718599349254,1.6274000769989585,1.934775981442853,1.4420006404027514,1.8993259204110773,1.3653949366123688,1.748141364185471
1.363275102972573,1.393322136716104,1.7060305528026922,2.223763638849839,1.6263040066329506,1.8522630054356417,1.5607766526221272
1.1098899282070755,2.1248157001000236,1.7060305528026922,2.4739277983529075,1.6263040066329506,1.594509321940968,1.162626640550022
2.6935472704914325,1.890737759817169,2.192114588663033,1.4420006404027514,0.19293895929778762,1.3653949366123688,1.5607766526221272
2.94693244525693,1.890737759817169,1.7060305528026922,0.6602376419556635,1.6263040066329506,1.3653949366123688,1.162626640550022
1.901718599349254,0.8959065136150388,1.7060305528026922,1.6921647999058198,1.0461324398544325,1.3653949366123688,2.1462913762575764
1.363275102972573,1.6274000769989585,1.4772851241625315,1.4420006404027514,1.8993259204110773,1.594509321940968,1.3499913521133657
1.6166602777380703,1.393322136716104,1.7060305528026922,2.223763638849839,1.3532820928548241,1.1362805512837695,1.3499913521133657
1.6166602777380703,1.890737759817169,1.7060305528026922,1.191836480899683,1.3532820928548241,0.878526867789096,1.935506075748815
2.1551037741147514,2.6222313232010888,1.934775981442853,0.6602376419556635,0.5000886122981792,0.878526867789096,1.748141364185471
1.1098899282070755,0.6618285733321844,1.934775981442853,1.6921647999058198,1.8993259204110773,1.8522630054356417,1.5607766526221272
0.31806125706489713,1.890737759817169,1.7060305528026922,1.4420006404027514,2.2064755734114687,1.594509321940968,1.3499913521133657
0.8248316065958918,2.358893640382878,1.2199465169423513,2.223763638849839,0.19293895929778762,1.1362805512837695,2.1462913762575764
1.901718599349254,1.1592441964332494,1.4772851241625315,0.6602376419556635,2.752519400967722,1.3653949366123688,1.3499913521133657
2.6935472704914325,1.1592441964332494,1.7060305528026922,0.6602376419556635,1.3532820928548241,1.3653949366123688,1.5607766526221272
1.6166602777380703,1.890737759817169,0.9912010883021907,1.6921647999058198,0.7731105260763058,0.878526867789096,2.1462913762575764
1.6166602777380703,1.6274000769989585,1.7060305528026922,1.4420006404027514,1.0461324398544325,1.594509321940968,1.162626640550022
2.408488948880249,1.393322136716104,1.7060305528026922,1.4420006404027514,0.7731105260763058,1.3653949366123688,1.162626640550022
1.6166602777380703,1.6274000769989585,1.2199465169423513,1.191836480899683,1.8993259204110773,1.1362805512837695,1.3499913521133657
0.5714464318303945,1.1592441964332494,1.2199465169423513,1.6921647999058198,1.8993259204110773,1.8522630054356417,1.5607766526221272
1.1098899282070755,1.890737759817169,1.2199465169423513,3.0055266372969274,-0.08008295448033896,1.1362805512837695,1.5607766526221272
2.1551037741147514,1.393322136716104,1.2199465169423513,1.6921647999058198,1.6263040066329506,1.1362805512837695,0.9752619289866782
0.5714464318303945,1.6274000769989585,1.7060305528026922,2.223763638849839,1.6263040066329506,1.3653949366123688,0.9752619289866782
2.408488948880249,1.890737759817169,0.9912010883021907,1.4420006404027514,0.7731105260763058,0.878526867789096,1.5607766526221272
1.1098899282070755,1.6274000769989585,1.4772851241625315,1.6921647999058198,1.8993259204110773,0.878526867789096,1.162626640550022
1.901718599349254,1.890737759817169,1.4772851241625315,1.6921647999058198,1.0461324398544325,0.6494124824604968,1.162626640550022
1.363275102972573,1.393322136716104,1.7060305528026922,1.973599479346771,1.0461324398544325,1.3653949366123688,0.9752619289866782
1.363275102972573,1.393322136716104,1.4772851241625315,1.6921647999058198,1.0461324398544325,1.3653949366123688,1.162626640550022
0.8248316065958918,1.6274000769989585,1.4772851241625315,1.6921647999058198,1.6263040066329506,1.1362805512837695,1.162626640550022
0.8248316065958918,1.393322136716104,1.7060305528026922,1.973599479346771,1.0461324398544325,1.3653949366123688,1.162626640550022
1.363275102972573,1.393322136716104,1.2199465169423513,2.4739277983529075,1.0461324398544325,0.878526867789096,1.162626640550022
0.8248316065958918,1.393322136716104,1.2199465169423513,1.973599479346771,1.3532820928548241,1.3653949366123688,1.162626640550022
1.363275102972573,1.393322136716104,1.7060305528026922,1.6921647999058198,1.3532820928548241,0.6494124824604968,1.162626640550022
2.408488948880249,2.6222313232010888,1.2199465169423513,2.4739277983529075,1.6263040066329506,2.0813773907642408,0.9752619289866782
1.1098899282070755,1.890737759817169,1.7060305528026922,1.191836480899683,0.7731105260763058,0.878526867789096,1.162626640550022
0.8248316065958918,1.393322136716104,1.7060305528026922,0.6602376419556635,1.3532820928548241,1.8522630054356417,0.9752619289866782
0.8248316065958918,1.393322136716104,1.4772851241625315,0.6602376419556635,1.8993259204110773,1.3653949366123688,1.162626640550022
1.363275102972573,0.6618285733321844,1.2199465169423513,0.9104018014587318,0.5000886122981792,3.026474230244712,0.7644766284779169
1.1098899282070755,1.1592441964332494,1.2199465169423513,1.6921647999058198,1.0461324398544325,1.1362805512837695,1.162626640550022
0.8248316065958918,1.393322136716104,1.2199465169423513,1.191836480899683,1.0461324398544325,1.594509321940968,1.162626640550022
2.408488948880249,1.1592441964332494,0.7624556596620299,1.191836480899683,0.5000886122981792,1.1362805512837695,1.3499913521133657
1.363275102972573,0.8959065136150388,0.7624556596620299,2.4739277983529075,1.0461324398544325,1.3653949366123688,0.7644766284779169
0.5714464318303945,0.8959065136150388,1.2199465169423513,1.973599479346771,1.3532820928548241,0.878526867789096,1.3499913521133657
1.6166602777380703,1.393322136716104,1.2199465169423513,0.41007348245259506,1.6263040066329506,0.878526867789096,1.162626640550022
1.1098899282070755,1.1592441964332494,0.9912010883021907,1.191836480899683,0.7731105260763058,1.1362805512837695,1.748141364185471
1.363275102972573,1.393322136716104,1.7060305528026922,0.41007348245259506,0.7731105260763058,1.3653949366123688,1.162626640550022
1.6166602777380703,0.8959065136150388,1.2199465169423513,1.6921647999058198,1.0461324398544325,0.878526867789096,0.9752619289866782
1.363275102972573,1.393322136716104,1.7060305528026922,0.9104018014587318,1.0461324398544325,0.6494124824604968,0.9752619289866782
0.8248316065958918,0.6618285733321844,1.2199465169423513,0.41007348245259506,1.0461324398544325,3.026474230244712,0.7644766284779169
1.1098899282070755,1.6274000769989585,1.7060305528026922,1.191836480899683,1.6263040066329506,1.594509321940968,1.162626640550022
1.363275102972573,0.16441295023111924,0.5051170524418498,0.41007348245259506,1.8993259204110773,2.797359844916113,0.9752619289866782
0.8248316065958918,1.6274000769989585,0.9912010883021907,1.6921647999058198,1.3532820928548241,0.6494124824604968,0.9752619289866782
1.363275102972573,1.1592441964332494,1.4772851241625315,1.6921647999058198,1.0461324398544325,0.6494124824604968,0.7644766284779169
0.8248316065958918,0.8959065136150388,1.4772851241625315,1.6921647999058198,0.7731105260763058,0.878526867789096,1.3499913521133657
1.1098899282070755,0.8959065136150388,0.9912010883021907,2.4739277983529075,0.7731105260763058,0.6494124824604968,1.162626640550022
1.363275102972573,1.1592441964332494,0.9912010883021907,1.4420006404027514,1.3532820928548241,0.878526867789096,0.7644766284779169
1.901718599349254,1.1592441964332494,1.2199465169423513,1.4420006404027514,0.19293895929778762,0.878526867789096,0.9752619289866782
0.033002935453713314,1.6274000769989585,1.4772851241625315,0.9104018014587318,1.6263040066329506,1.1362805512837695,0.9752619289866782
0.5714464318303945,0.8959065136150388,0.7624556596620299,1.4420006404027514,1.8993259204110773,0.878526867789096,1.162626640550022
2.1551037741147514,1.393322136716104,0.7624556596620299,1.191836480899683,0.7731105260763058,0.42029809713189753,0.9752619289866782
0.5714464318303945,1.393322136716104,0.5051170524418498,1.4420006404027514,1.6263040066329506,1.1362805512837695,0.7644766284779169
1.901718599349254,0.8959065136150388,0.5051170524418498,1.6921647999058198,1.6263040066329506,0.6494124824604968,0.38974720535122914
2.6935472704914325,1.393322136716104,0.04762619516152833,1.4420006404027514,1.3532820928548241,1.1362805512837695,1.3499913521133657
0.033002935453713314,0.8959065136150388,1.2199465169423513,1.191836480899683,1.0461324398544325,1.8522630054356417,0.9752619289866782
0.8248316065958918,1.393322136716104,0.9912010883021907,0.6602376419556635,1.0461324398544325,0.878526867789096,1.3499913521133657
1.6166602777380703,1.890737759817169,1.4772851241625315,1.4420006404027514,1.8993259204110773,1.3653949366123688,1.5607766526221272
0.31806125706489713,1.393322136716104,1.2199465169423513,1.4420006404027514,1.3532820928548241,0.878526867789096,0.7644766284779169
-0.22038223931178402,1.1592441964332494,2.420860017303194,0.9104018014587318,1.3532820928548241,0.6494124824604968,0.9752619289866782
1.901718599349254,1.1592441964332494,0.9912010883021907,0.6602376419556635,0.5000886122981792,0.6494124824604968,1.162626640550022
1.363275102972573,1.1592441964332494,0.9912010883021907,1.191836480899683,0.7731105260763058,0.878526867789096,0.7644766284779169
0.8248316065958918,1.393322136716104,0.5051170524418498,1.191836480899683,1.3532820928548241,0.878526867789096,0.9752619289866782
0.8248316065958918,1.393322136716104,1.2199465169423513,0.6602376419556635,0.5000886122981792,0.878526867789096,1.3499913521133657
1.901718599349254,0.8959065136150388,1.4772851241625315,0.6602376419556635,0.5000886122981792,0.878526867789096,0.7644766284779169
0.5714464318303945,0.8959065136150388,0.9912010883021907,1.6921647999058198,1.6263040066329506,0.6494124824604968,0.7644766284779169
1.363275102972573,1.393322136716104,1.2199465169423513,0.9104018014587318,0.5000886122981792,0.42029809713189753,1.162626640550022
1.1098899282070755,1.890737759817169,0.9912010883021907,1.6921647999058198,-0.35310486825846554,0.878526867789096,0.7644766284779169
0.5714464318303945,1.1592441964332494,0.9912010883021907,0.6602376419556635,1.6263040066329506,1.3653949366123688,0.7644766284779169
0.8248316065958918,1.6274000769989585,0.7624556596620299,1.4420006404027514,0.7731105260763058,0.42029809713189753,1.162626640550022
1.1098899282070755,1.1592441964332494,0.7624556596620299,0.9104018014587318,1.3532820928548241,0.878526867789096,0.7644766284779169
1.1098899282070755,0.8959065136150388,0.9912010883021907,0.9104018014587318,0.7731105260763058,1.3653949366123688,0.7644766284779169
0.31806125706489713,0.8959065136150388,1.7060305528026922,0.12863880301164385,1.6263040066329506,1.1362805512837695,0.9752619289866782
1.363275102972573,0.8959065136150388,1.2199465169423513,1.191836480899683,0.7731105260763058,0.6494124824604968,0.7644766284779169
0.5714464318303945,1.1592441964332494,1.2199465169423513,0.6602376419556635,0.7731105260763058,1.3653949366123688,0.9752619289866782
0.5714464318303945,1.393322136716104,0.9912010883021907,0.9104018014587318,-0.08008295448033896,1.1362805512837695,1.5607766526221272
1.363275102972573,1.1592441964332494,0.9912010883021907,0.6602376419556635,1.6263040066329506,0.6494124824604968,0.577111916914573
1.363275102972573,1.393322136716104,0.9912010883021907,1.4420006404027514,-0.08008295448033896,0.6494124824604968,0.9752619289866782
1.363275102972573,0.42775063304932986,1.2199465169423513,1.973599479346771,1.3532820928548241,0.6494124824604968,0.1789619048424678
1.1098899282070755,0.16441295023111924,1.2199465169423513,0.9104018014587318,1.0461324398544325,0.878526867789096,1.162626640550022
0.5714464318303945,1.1592441964332494,0.7624556596620299,0.41007348245259506,2.4794974871895956,0.6494124824604968,0.7644766284779169
0.31806125706489713,0.6618285733321844,0.9912010883021907,0.6602376419556635,1.0461324398544325,1.3653949366123688,1.3499913521133657
0.5714464318303945,1.1592441964332494,1.2199465169423513,1.191836480899683,0.7731105260763058,0.42029809713189753,1.162626640550022
-0.47376741407728135,1.1592441964332494,1.4772851241625315,1.4420006404027514,1.0461324398544325,0.878526867789096,0.9752619289866782
0.5714464318303945,0.6618285733321844,0.9912010883021907,0.6602376419556635,1.6263040066329506,0.6494124824604968,1.162626640550022
1.1098899282070755,0.8959065136150388,0.5051170524418498,1.191836480899683,0.7731105260763058,0.878526867789096,0.9752619289866782
0.8248316065958918,0.6618285733321844,1.7060305528026922,0.41007348245259506,0.5000886122981792,0.42029809713189753,1.5607766526221272
0.5714464318303945,1.393322136716104,1.7060305528026922,2.4739277983529075,0.5000886122981792,1.1362805512837695,0.577111916914573
0.8248316065958918,0.16441295023111924,0.5051170524418498,0.9104018014587318,0.7731105260763058,0.42029809713189753,2.33365608782092
0.8248316065958918,0.8959065136150388,0.27637162380168906,1.4420006404027514,1.0461324398544325,0.42029809713189753,1.162626640550022
1.1098899282070755,0.8959065136150388,0.9912010883021907,0.6602376419556635,0.7731105260763058,0.6494124824604968,0.9752619289866782
0.5714464318303945,0.6618285733321844,0.9912010883021907,-0.37168951599449285,1.8993259204110773,0.878526867789096,1.3499913521133657
1.6166602777380703,0.6618285733321844,0.7624556596620299,0.9104018014587318,-0.08008295448033896,1.1362805512837695,0.9752619289866782
0.5714464318303945,0.8959065136150388,0.5051170524418498,1.4420006404027514,1.3532820928548241,0.6494124824604968,0.7644766284779169
1.901718599349254,1.393322136716104,1.2199465169423513,-1.1534525144415808,1.0461324398544325,0.6494124824604968,0.9752619289866782
1.6166602777380703,0.8959065136150388,0.9912010883021907,0.9104018014587318,0.19293895929778762,0.42029809713189753,0.9752619289866782
0.31806125706489713,0.16441295023111924,0.9912010883021907,0.6602376419556635,0.5000886122981792,3.026474230244712,0.38974720535122914
1.363275102972573,0.16441295023111924,1.2199465169423513,0.6602376419556635,0.7731105260763058,0.6494124824604968,1.162626640550022
1.6166602777380703,0.8959065136150388,0.9912010883021907,0.9104018014587318,1.3532820928548241,1.3653949366123688,0.9752619289866782
1.363275102972573,1.1592441964332494,0.9912010883021907,0.6602376419556635,0.7731105260763058,0.6494124824604968,0.577111916914573
0.5714464318303945,0.8959065136150388,0.9912010883021907,0.9104018014587318,0.7731105260763058,0.878526867789096,0.9752619289866782
0.5714464318303945,1.1592441964332494,1.2199465169423513,1.4420006404027514,0.19293895929778762,0.6494124824604968,0.7644766284779169
1.363275102972573,0.8959065136150388,0.7624556596620299,0.9104018014587318,0.5000886122981792,1.3653949366123688,0.38974720535122914
0.31806125706489713,0.8959065136150388,0.7624556596620299,1.4420006404027514,0.5000886122981792,0.878526867789096,1.162626640550022
0.8248316065958918,0.16441295023111924,0.7624556596620299,1.191836480899683,1.3532820928548241,0.878526867789096,0.9752619289866782
1.1098899282070755,0.8959065136150388,0.9912010883021907,1.191836480899683,0.5000886122981792,0.6494124824604968,0.7644766284779169
0.31806125706489713,0.8959065136150388,0.9912010883021907,0.6602376419556635,1.3532820928548241,0.878526867789096,0.9752619289866782
-0.47376741407728135,0.6618285733321844,0.9912010883021907,1.4420006404027514,1.6263040066329506,1.1362805512837695,0.7644766284779169
1.1098899282070755,0.6618285733321844,1.2199465169423513,0.6602376419556635,0.19293895929778762,1.1362805512837695,0.7644766284779169
0.8248316065958918,0.42775063304932986,0.5051170524418498,1.191836480899683,0.5000886122981792,0.878526867789096,1.3499913521133657
1.1098899282070755,0.8959065136150388,0.5051170524418498,1.4420006404027514,1.0461324398544325,0.42029809713189753,0.577111916914573
0.8248316065958918,0.8959065136150388,1.2199465169423513,0.6602376419556635,0.19293895929778762,0.878526867789096,0.9752619289866782
0.5714464318303945,0.8959065136150388,0.7624556596620299,1.191836480899683,0.7731105260763058,0.878526867789096,0.7644766284779169
1.363275102972573,1.1592441964332494,0.7624556596620299,0.12863880301164385,0.19293895929778762,0.42029809713189753,1.5607766526221272
0.31806125706489713,0.42775063304932986,0.5051170524418498,0.6602376419556635,0.19293895929778762,2.797359844916113,0.7644766284779169
0.5714464318303945,0.6618285733321844,1.2199465169423513,0.6602376419556635,0.19293895929778762,1.3653949366123688,0.9752619289866782
0.5714464318303945,0.6618285733321844,0.9912010883021907,1.6921647999058198,0.7731105260763058,0.6494124824604968,0.577111916914573
0.31806125706489713,0.8959065136150388,1.2199465169423513,1.4420006404027514,0.19293895929778762,1.1362805512837695,0.577111916914573
0.5714464318303945,0.8959065136150388,0.9912010883021907,1.4420006404027514,1.0461324398544325,0.42029809713189753,0.577111916914573
-0.47376741407728135,0.42775063304932986,0.9912010883021907,0.6602376419556635,1.8993259204110773,0.878526867789096,1.3499913521133657
1.363275102972573,1.393322136716104,0.9912010883021907,0.6602376419556635,0.19293895929778762,0.6494124824604968,0.577111916914573
2.94693244525693,1.393322136716104,0.27637162380168906,0.6602376419556635,-0.08008295448033896,0.878526867789096,-0.008402806720876047
1.1098899282070755,0.42775063304932986,1.4772851241625315,0.6602376419556635,0.5000886122981792,0.16254441363722402,1.162626640550022
1.1098899282070755,0.6618285733321844,0.7624556596620299,0.6602376419556635,1.0461324398544325,0.6494124824604968,0.7644766284779169
0.5714464318303945,1.1592441964332494,0.7624556596620299,0.9104018014587318,0.7731105260763058,0.42029809713189753,0.9752619289866782
1.1098899282070755,0.8959065136150388,1.2199465169423513,0.9104018014587318,0.19293895929778762,0.16254441363722402,0.9752619289866782
1.6166602777380703,0.42775063304932986,1.2199465169423513,0.9104018014587318,0.5000886122981792,0.42029809713189753,0.577111916914573
0.31806125706489713,1.393322136716104,0.9912010883021907,0.9104018014587318,0.7731105260763058,0.16254441363722402,0.9752619289866782
1.901718599349254,0.8959065136150388,0.7624556596620299,0.9104018014587318,0.5000886122981792,0.878526867789096,-0.008402806720876047
1.1098899282070755,0.8959065136150388,0.7624556596620299,1.4420006404027514,0.5000886122981792,0.6494124824604968,0.38974720535122914
1.363275102972573,1.1592441964332494,0.04762619516152833,1.6921647999058198,-0.08008295448033896,0.42029809713189753,0.9752619289866782
1.1098899282070755,0.8959065136150388,0.9912010883021907,0.6602376419556635,0.7731105260763058,0.878526867789096,0.38974720535122914
0.31806125706489713,1.393322136716104,0.7624556596620299,1.4420006404027514,-0.08008295448033896,0.878526867789096,0.7644766284779169
0.761485312904516,0.8373870285443239,1.3629124098424512,0.6602376419556635,-0.4896158251475288,2.0813773907642408,1.4670942968404572
1.901718599349254,0.42775063304932986,0.9912010883021907,0.6602376419556635,0.5000886122981792,0.6494124824604968,0.577111916914573
0.033002935453713314,0.8959065136150388,1.2199465169423513,1.4420006404027514,0.5000886122981792,0.16254441363722402,0.9752619289866782
0.31806125706489713,0.42775063304932986,1.2199465169423513,0.12863880301164385,1.0461324398544325,0.878526867789096,1.162626640550022
1.1098899282070755,0.8959065136150388,0.9912010883021907,0.41007348245259506,1.3532820928548241,0.42029809713189753,0.38974720535122914
1.1098899282070755,0.6618285733321844,0.7624556596620299,1.191836480899683,0.5000886122981792,0.6494124824604968,0.577111916914573
0.8248316065958918,0.8959065136150388,0.9912010883021907,1.4420006404027514,-0.08008295448033896,0.6494124824604968,0.577111916914573
1.1098899282070755,1.1592441964332494,0.27637162380168906,0.9104018014587318,-0.08008295448033896,1.1362805512837695,0.7644766284779169
0.5714464318303945,1.1592441964332494,0.9912010883021907,0.41007348245259506,1.0461324398544325,0.42029809713189753,0.7644766284779169
-0.22038223931178402,0.6618285733321844,1.2199465169423513,1.191836480899683,1.3532820928548241,0.6494124824604968,0.577111916914573
-0.7588257356884651,0.16441295023111924,1.2199465169423513,0.6602376419556635,0.7731105260763058,1.1362805512837695,1.5607766526221272
1.1098899282070755,1.393322136716104,0.9912010883021907,0.41007348245259506,0.5000886122981792,0.6494124824604968,0.1789619048424678
0.033002935453713314,0.6618285733321844,0.27637162380168906,0.9104018014587318,0.5000886122981792,2.797359844916113,-0.008402806720876047
0.033002935453713314,1.1592441964332494,0.5051170524418498,0.6602376419556635,1.3532820928548241,0.6494124824604968,0.7644766284779169
0.31806125706489713,0.42775063304932986,0.9912010883021907,0.9104018014587318,0.7731105260763058,0.878526867789096,0.7644766284779169
0.5714464318303945,0.42775063304932986,1.7060305528026922,0.41007348245259506,1.8993259204110773,0.878526867789096,-0.4065528187929812
0.5714464318303945,0.16441295023111924,-0.20971241205865185,0.9104018014587318,0.19293895929778762,1.594509321940968,1.5607766526221272
1.363275102972573,0.6618285733321844,0.9912010883021907,0.9104018014587318,-0.08008295448033896,0.42029809713189753,0.7644766284779169
1.901718599349254,1.393322136716104,0.27637162380168906,0.6602376419556635,-0.08008295448033896,0.42029809713189753,0.577111916914573
1.363275102972573,1.393322136716104,0.27637162380168906,-0.12152535649142451,0.5000886122981792,0.6494124824604968,0.9752619289866782
0.5714464318303945,0.6618285733321844,1.4772851241625315,0.6602376419556635,-0.08008295448033896,1.1362805512837695,0.577111916914573
-0.22038223931178402,0.42775063304932986,0.9912010883021907,0.41007348245259506,1.3532820928548241,1.1362805512837695,0.9752619289866782
1.1098899282070755,0.6618285733321844,0.9912010883021907,0.41007348245259506,0.5000886122981792,0.878526867789096,0.38974720535122914
0.8248316065958918,0.6618285733321844,0.9912010883021907,-0.37168951599449285,1.0461324398544325,0.42029809713189753,1.162626640550022
0.8248316065958918,0.16441295023111924,0.9912010883021907,0.12863880301164385,0.5000886122981792,1.3653949366123688,0.7644766284779169
0.5714464318303945,0.6618285733321844,0.5051170524418498,1.191836480899683,0.7731105260763058,0.6494124824604968,0.577111916914573
0.5714464318303945,1.1592441964332494,0.27637162380168906,1.6921647999058198,0.19293895929778762,0.42029809713189753,0.577111916914573
0.8248316065958918,0.8959065136150388,0.5051170524418498,0.6602376419556635,0.7731105260763058,0.6494124824604968,0.577111916914573
0.31806125706489713,0.42775063304932986,0.9912010883021907,0.6602376419556635,0.5000886122981792,1.1362805512837695,0.7644766284779169
0.8248316065958918,0.42775063304932986,0.9912010883021907,0.12863880301164385,1.3532820928548241,0.6494124824604968,0.577111916914573
0.8248316065958918,0.6618285733321844,1.2199465169423513,0.12863880301164385,0.5000886122981792,0.6494124824604968,0.7644766284779169
-0.47376741407728135,0.42775063304932986,1.2199465169423513,0.6602376419556635,1.3532820928548241,0.878526867789096,0.7644766284779169
0.8248316065958918,0.42775063304932986,0.9912010883021907,0.9104018014587318,0.5000886122981792,0.42029809713189753,0.7644766284779169
0.8248316065958918,0.6618285733321844,0.9912010883021907,0.6602376419556635,0.5000886122981792,0.6494124824604968,0.577111916914573
0.8248316065958918,0.8959065136150388,0.27637162380168906,1.191836480899683,0.19293895929778762,0.6494124824604968,0.7644766284779169
0.033002935453713314,-0.06966499005173525,0.9912010883021907,0.9104018014587318,1.3532820928548241,0.878526867789096,0.7644766284779169
-0.7588257356884651,1.1592441964332494,1.4772851241625315,1.191836480899683,1.3532820928548241,1.594509321940968,0.7644766284779169
0.8248316065958918,1.1592441964332494,0.7624556596620299,0.9104018014587318,-0.08008295448033896,0.6494124824604968,0.577111916914573
0.8248316065958918,0.8959065136150388,0.9912010883021907,0.41007348245259506,1.0461324398544325,0.16254441363722402,0.577111916914573
0.8248316065958918,1.1592441964332494,0.7624556596620299,0.6602376419556635,-0.08008295448033896,0.6494124824604968,0.7644766284779169
1.901718599349254,0.6618285733321844,0.5051170524418498,0.41007348245259506,1.0461324398544325,0.16254441363722402,0.38974720535122914
0.5714464318303945,0.8959065136150388,0.5051170524418498,0.9104018014587318,0.5000886122981792,0.6494124824604968,0.577111916914573
0.8248316065958918,0.6618285733321844,0.5051170524418498,0.41007348245259506,0.7731105260763058,0.878526867789096,0.577111916914573
1.1098899282070755,0.6618285733321844,0.7624556596620299,0.41007348245259506,-0.08008295448033896,0.42029809713189753,1.162626640550022
0.5714464318303945,0.6618285733321844,0.5051170524418498,1.4420006404027514,0.5000886122981792,0.878526867789096,0.1789619048424678
0.5714464318303945,1.1592441964332494,0.5051170524418498,1.191836480899683,0.5000886122981792,0.42029809713189753,0.38974720535122914
0.033002935453713314,0.8959065136150388,0.5051170524418498,0.9104018014587318,1.0461324398544325,0.42029809713189753,0.7644766284779169
1.363275102972573,-0.06966499005173525,0.27637162380168906,0.41007348245259506,1.6263040066329506,0.878526867789096,0.38974720535122914
0.31806125706489713,0.8959065136150388,1.2199465169423513,-0.12152535649142451,0.5000886122981792,0.878526867789096,0.7644766284779169
0.31806125706489713,0.6618285733321844,0.9912010883021907,0.41007348245259506,1.0461324398544325,0.6494124824604968,0.577111916914573
0.31806125706489713,0.6618285733321844,0.7624556596620299,0.6602376419556635,-0.08008295448033896,1.3653949366123688,0.7644766284779169
-0.22038223931178402,1.1592441964332494,0.5051170524418498,0.9104018014587318,0.7731105260763058,0.878526867789096,0.577111916914573
1.1098899282070755,0.6618285733321844,0.9912010883021907,0.6602376419556635,0.7731105260763058,0.16254441363722402,0.38974720535122914
0.31806125706489713,-0.06966499005173525,0.7624556596620299,-0.37168951599449285,1.0461324398544325,3.026474230244712,-0.008402806720876047
0.31806125706489713,0.6618285733321844,0.7624556596620299,0.6602376419556635,0.7731105260763058,0.6494124824604968,0.7644766284779169
0.033002935453713314,0.6618285733321844,0.9912010883021907,0.6602376419556635,0.7731105260763058,0.878526867789096,0.577111916914573
0.033002935453713314,0.8959065136150388,0.9912010883021907,0.41007348245259506,0.5000886122981792,1.3653949366123688,0.38974720535122914
1.1098899282070755,0.6618285733321844,0.7624556596620299,0.41007348245259506,1.0461324398544325,1.1362805512837695,-0.1957675182842199
2.6935472704914325,1.6274000769989585,0.27637162380168906,-1.1534525144415808,0.19293895929778762,1.8522630054356417,0.9752619289866782
0.5714464318303945,0.6618285733321844,0.9912010883021907,0.6602376419556635,1.0461324398544325,0.6494124824604968,0.1789619048424678
0.8248316065958918,-0.06966499005173525,0.27637162380168906,1.4420006404027514,1.0461324398544325,0.878526867789096,0.38974720535122914
0.8248316065958918,0.6618285733321844,0.27637162380168906,0.9104018014587318,1.0461324398544325,0.6494124824604968,0.38974720535122914
0.761485312904516,1.0422052262918222,0.4479306952818083,0.6602376419556635,0.36357765540911596,0.6494124824604968,0.577111916914573
0.8248316065958918,-0.06966499005173525,0.04762619516152833,-0.12152535649142451,1.0461324398544325,2.797359844916113,-0.008402806720876047
0.033002935453713314,0.42775063304932986,0.7624556596620299,0.41007348245259506,0.7731105260763058,0.878526867789096,0.9752619289866782
1.363275102972573,0.6618285733321844,0.27637162380168906,0.12863880301164385,1.3532820928548241,0.42029809713189753,0.38974720535122914
1.1098899282070755,0.6618285733321844,0.7624556596620299,0.6602376419556635,0.5000886122981792,0.42029809713189753,0.38974720535122914
0.033002935453713314,0.6618285733321844,0.7624556596620299,1.4420006404027514,0.7731105260763058,0.42029809713189753,0.38974720535122914
0.8248316065958918,0.6618285733321844,1.2199465169423513,0.9104018014587318,-0.35310486825846554,1.594509321940968,1.162626640550022
0.31806125706489713,0.6618285733321844,0.7624556596620299,0.6602376419556635,0.5000886122981792,0.6494124824604968,0.7644766284779169
1.1098899282070755,1.1592441964332494,1.2199465169423513,1.4420006404027514,1.3532820928548241,1.1362805512837695,0.9752619289866782
0.033002935453713314,0.6618285733321844,0.7624556596620299,0.6602376419556635,1.0461324398544325,0.6494124824604968,0.38974720535122914
0.8248316065958918,0.6618285733321844,0.7624556596620299,0.6602376419556635,-0.6602545212588572,0.6494124824604968,0.9752619289866782
-0.47376741407728135,0.8959065136150388,0.9912010883021907,1.191836480899683,0.7731105260763058,0.16254441363722402,0.577111916914573
0.31806125706489713,0.8959065136150388,0.5051170524418498,1.191836480899683,0.7731105260763058,0.42029809713189753,0.1789619048424678
0.31806125706489713,0.42775063304932986,1.2199465169423513,0.12863880301164385,0.19293895929778762,0.878526867789096,0.7644766284779169
1.1098899282070755,0.42775063304932986,0.04762619516152833,1.191836480899683,0.7731105260763058,0.878526867789096,-0.008402806720876047
0.5714464318303945,0.8959065136150388,0.27637162380168906,0.9104018014587318,0.19293895929778762,0.42029809713189753,0.7644766284779169
0.31806125706489713,0.6618285733321844,0.7624556596620299,0.41007348245259506,0.5000886122981792,0.6494124824604968,0.7644766284779169
0.033002935453713314,-0.3037429303345897,0.9912010883021907,1.191836480899683,0.7731105260763058,1.1362805512837695,0.38974720535122914
0.31806125706489713,0.42775063304932986,0.27637162380168906,-0.12152535649142451,0.5000886122981792,0.42029809713189753,1.935506075748815
0.5714464318303945,0.6618285733321844,0.27637162380168906,0.12863880301164385,0.5000886122981792,1.1362805512837695,0.7644766284779169
0.033002935453713314,0.8959065136150388,0.7624556596620299,-0.9032883549385124,1.6263040066329506,0.6494124824604968,0.9752619289866782
0.31806125706489713,0.8959065136150388,0.7624556596620299,0.6602376419556635,0.5000886122981792,0.6494124824604968,0.38974720535122914
0.31806125706489713,0.8959065136150388,0.27637162380168906,0.6602376419556635,1.3532820928548241,0.42029809713189753,0.38974720535122914
1.1098899282070755,1.890737759817169,2.192114588663033,2.755362477793859,1.8993259204110773,1.8522630054356417,2.1462913762575764
0.31806125706489713,0.6618285733321844,0.7624556596620299,0.6602376419556635,1.0461324398544325,0.42029809713189753,0.38974720535122914
1.1098899282070755,0.6618285733321844,0.5051170524418498,0.41007348245259506,0.5000886122981792,0.878526867789096,0.1789619048424678
0.033002935453713314,0.6618285733321844,0.5051170524418498,0.6602376419556635,0.19293895929778762,0.6494124824604968,1.162626640550022
-0.22038223931178402,0.6618285733321844,0.5051170524418498,-0.12152535649142451,0.19293895929778762,-0.06656997169137523,2.33365608782092
0.8248316065958918,0.8959065136150388,0.5051170524418498,1.191836480899683,-0.35310486825846554,-0.06656997169137523,0.7644766284779169
0.31806125706489713,0.6618285733321844,0.27637162380168906,0.41007348245259506,0.5000886122981792,0.878526867789096,0.7644766284779169
0.033002935453713314,0.42775063304932986,0.7624556596620299,0.6602376419556635,0.19293895929778762,0.878526867789096,0.7644766284779169
0.8248316065958918,0.6618285733321844,1.2199465169423513,0.6602376419556635,1.0461324398544325,0.6494124824604968,0.7644766284779169
0.5714464318303945,0.42775063304932986,0.27637162380168906,0.6602376419556635,1.0461324398544325,0.6494124824604968,0.38974720535122914
0.5714464318303945,0.16441295023111924,0.27637162380168906,0.9104018014587318,0.7731105260763058,1.1362805512837695,0.1789619048424678
0.5714464318303945,0.6618285733321844,0.5051170524418498,0.6602376419556635,0.7731105260763058,0.42029809713189753,0.38974720535122914
1.1098899282070755,0.42775063304932986,0.27637162380168906,0.9104018014587318,0.19293895929778762,0.42029809713189753,0.577111916914573
0.8248316065958918,0.6618285733321844,0.5051170524418498,0.12863880301164385,0.7731105260763058,0.6494124824604968,0.38974720535122914
0.5714464318303945,0.16441295023111924,0.7624556596620299,0.9104018014587318,1.0461324398544325,0.42029809713189753,0.1789619048424678
1.363275102972573,1.1592441964332494,1.4772851241625315,1.191836480899683,0.5000886122981792,-0.553438040514648,-0.7812822419196689
0.31806125706489713,0.8959065136150388,0.7624556596620299,0.6602376419556635,0.5000886122981792,0.878526867789096,-0.008402806720876047
0.31806125706489713,0.6618285733321844,0.5051170524418498,0.41007348245259506,0.7731105260763058,0.878526867789096,0.38974720535122914
-0.22038223931178402,0.42775063304932986,0.5051170524418498,0.9104018014587318,0.7731105260763058,0.6494124824604968,0.7644766284779169
0.5714464318303945,1.1592441964332494,1.2199465169423513,1.191836480899683,0.7731105260763058,0.42029809713189753,0.577111916914573
1.1098899282070755,0.16441295023111924,0.27637162380168906,0.9104018014587318,0.19293895929778762,0.42029809713189753,0.577111916914573
0.8248316065958918,0.42775063304932986,0.27637162380168906,0.6602376419556635,0.7731105260763058,0.6494124824604968,0.1789619048424678
0.31806125706489713,0.42775063304932986,0.9912010883021907,0.41007348245259506,-0.08008295448033896,0.6494124824604968,0.7644766284779169
0.5714464318303945,0.6618285733321844,0.27637162380168906,0.6602376419556635,1.0461324398544325,0.16254441363722402,0.38974720535122914
0.5714464318303945,0.42775063304932986,0.27637162380168906,0.6602376419556635,0.7731105260763058,0.42029809713189753,0.577111916914573
-1.0122109104539625,0.16441295023111924,0.04762619516152833,1.4420006404027514,0.7731105260763058,0.878526867789096,1.162626640550022
0.31806125706489713,0.6618285733321844,0.7624556596620299,0.6602376419556635,-0.35310486825846554,0.6494124824604968,0.7644766284779169
0.5714464318303945,0.6618285733321844,0.7624556596620299,0.41007348245259506,0.19293895929778762,0.42029809713189753,0.577111916914573
0.31806125706489713,0.42775063304932986,0.5051170524418498,-0.12152535649142451,1.0461324398544325,1.8522630054356417,1.3499913521133657
0.8248316065958918,-0.3037429303345897,0.27637162380168906,0.9104018014587318,0.7731105260763058,0.878526867789096,0.38974720535122914
0.033002935453713314,0.8959065136150388,-0.20971241205865185,1.4420006404027514,0.19293895929778762,0.6494124824604968,0.577111916914573
1.1098899282070755,-0.06966499005173525,-0.20971241205865185,0.41007348245259506,2.2064755734114687,-0.06656997169137523,0.577111916914573
-0.22038223931178402,0.42775063304932986,0.5051170524418498,0.6602376419556635,1.0461324398544325,0.878526867789096,0.38974720535122914
0.31806125706489713,0.16441295023111924,0.5051170524418498,0.9104018014587318,0.19293895929778762,0.42029809713189753,0.9752619289866782
-0.22038223931178402,0.8959065136150388,0.27637162380168906,0.9104018014587318,1.0461324398544325,0.42029809713189753,0.38974720535122914
0.31806125706489713,1.393322136716104,0.7624556596620299,-0.37168951599449285,0.5000886122981792,-0.06656997169137523,0.9752619289866782
0.31806125706489713,0.16441295023111924,0.27637162380168906,0.6602376419556635,0.7731105260763058,0.6494124824604968,0.7644766284779169
0.8248316065958918,0.8959065136150388,0.5051170524418498,0.41007348245259506,-0.08008295448033896,0.16254441363722402,0.7644766284779169
0.5714464318303945,0.6618285733321844,0.5051170524418498,1.4420006404027514,0.5000886122981792,0.16254441363722402,-0.008402806720876047
-0.22038223931178402,0.8959065136150388,0.5051170524418498,0.12863880301164385,0.7731105260763058,0.878526867789096,0.577111916914573
0.033002935453713314,0.8959065136150388,0.5051170524418498,1.4420006404027514,1.0461324398544325,-0.06656997169137523,-0.008402806720876047
0.5714464318303945,0.16441295023111924,0.27637162380168906,0.12863880301164385,0.7731105260763058,0.6494124824604968,0.7644766284779169
0.31806125706489713,0.42775063304932986,0.5051170524418498,0.6602376419556635,0.5000886122981792,0.42029809713189753,0.577111916914573
0.8248316065958918,0.8959065136150388,0.5051170524418498,0.12863880301164385,0.19293895929778762,0.16254441363722402,0.577111916914573
0.31806125706489713,0.42775063304932986,0.5051170524418498,0.12863880301164385,0.5000886122981792,0.878526867789096,0.577111916914573
1.1098899282070755,0.6618285733321844,0.27637162380168906,0.41007348245259506,0.7731105260763058,-0.06656997169137523,0.38974720535122914
0.8248316065958918,0.6618285733321844,0.7624556596620299,-0.12152535649142451,0.19293895929778762,0.42029809713189753,0.577111916914573
0.5714464318303945,0.42775063304932986,0.27637162380168906,0.41007348245259506,0.19293895929778762,0.878526867789096,0.577111916914573
1.363275102972573,1.1592441964332494,0.5051170524418498,0.6602376419556635,-0.6602545212588572,-0.06656997169137523,0.38974720535122914
0.8248316065958918,0.8959065136150388,1.2199465169423513,0.41007348245259506,1.6263040066329506,1.8522630054356417,0.577111916914573
0.31806125706489713,0.42775063304932986,0.7624556596620299,1.191836480899683,-0.08008295448033896,0.42029809713189753,0.38974720535122914
0.31806125706489713,-0.3037429303345897,0.04762619516152833,-0.37168951599449285,1.6263040066329506,2.31049177609284,-0.008402806720876047
0.033002935453713314,0.42775063304932986,0.9912010883021907,0.41007348245259506,0.5000886122981792,0.42029809713189753,0.577111916914573
0.5714464318303945,0.42775063304932986,0.9912010883021907,0.12863880301164385,-0.35310486825846554,1.3653949366123688,0.1789619048424678
-1.0122109104539625,-0.3037429303345897,0.7624556596620299,0.12863880301164385,1.0461324398544325,2.0813773907642408,0.577111916914573
0.8248316065958918,0.16441295023111924,0.5051170524418498,-0.12152535649142451,0.7731105260763058,0.42029809713189753,0.7644766284779169
0.31806125706489713,0.16441295023111924,0.5051170524418498,0.41007348245259506,0.7731105260763058,0.6494124824604968,0.577111916914573
0.8248316065958918,0.8959065136150388,0.5051170524418498,-0.6531241954354441,-0.35310486825846554,0.42029809713189753,1.3499913521133657
0.5714464318303945,0.42775063304932986,-0.43845784069881255,-0.9032883549385124,0.19293895929778762,2.797359844916113,0.577111916914573
0.8248316065958918,0.42775063304932986,0.9912010883021907,0.41007348245259506,0.19293895929778762,-0.06656997169137523,0.577111916914573
0.31806125706489713,0.8959065136150388,0.27637162380168906,0.41007348245259506,0.5000886122981792,-0.06656997169137523,0.7644766284779169
1.6166602777380703,0.42775063304932986,0.7624556596620299,0.12863880301164385,-0.9332764350369838,0.42029809713189753,0.577111916914573
-0.22038223931178402,-0.06966499005173525,0.7624556596620299,0.41007348245259506,1.6263040066329506,1.3653949366123688,-0.4065528187929812
0.31806125706489713,0.6618285733321844,0.7624556596620299,0.41007348245259506,1.0461324398544325,0.16254441363722402,-0.008402806720876047
0.033002935453713314,0.6618285733321844,0.5051170524418498,0.6602376419556635,0.19293895929778762,0.16254441363722402,0.7644766284779169
-0.22038223931178402,0.42775063304932986,-0.20971241205865185,1.191836480899683,1.0461324398544325,0.42029809713189753,0.577111916914573
-0.7588257356884651,0.42775063304932986,0.7624556596620299,-0.12152535649142451,0.5000886122981792,-0.06656997169137523,1.935506075748815
-0.22038223931178402,0.6618285733321844,0.5051170524418498,0.9104018014587318,0.5000886122981792,0.16254441363722402,0.577111916914573
-0.22038223931178402,0.6618285733321844,0.27637162380168906,0.6602376419556635,0.5000886122981792,0.42029809713189753,0.7644766284779169
1.363275102972573,-0.06966499005173525,-0.20971241205865185,1.4420006404027514,1.6263040066329506,1.3653949366123688,-0.008402806720876047
0.8248316065958918,0.6618285733321844,0.7624556596620299,0.12863880301164385,0.19293895929778762,0.42029809713189753,0.1789619048424678
0.31806125706489713,0.42775063304932986,0.7624556596620299,0.41007348245259506,-0.6602545212588572,0.6494124824604968,0.9752619289866782
0.31806125706489713,0.42775063304932986,0.04762619516152833,0.41007348245259506,1.6263040066329506,0.6494124824604968,-0.008402806720876047
0.8248316065958918,0.42775063304932986,-0.20971241205865185,0.41007348245259506,0.5000886122981792,0.878526867789096,0.38974720535122914
0.5714464318303945,0.6618285733321844,0.5051170524418498,0.9104018014587318,-1.2062983488151104,0.6494124824604968,0.7644766284779169
1.901718599349254,1.890737759817169,1.2199465169423513,0.41007348245259506,1.8993259204110773,0.6494124824604968,1.162626640550022
0.31806125706489713,1.890737759817169,0.27637162380168906,-0.37168951599449285,0.19293895929778762,0.878526867789096,-0.008402806720876047
0.31806125706489713,-0.06966499005173525,0.27637162380168906,-0.6531241954354441,1.0461324398544325,2.0813773907642408,0.1789619048424678
1.901718599349254,0.42775063304932986,0.5051170524418498,0.12863880301164385,-0.35310486825846554,0.42029809713189753,0.1789619048424678
0.31806125706489713,-0.06966499005173525,-0.20971241205865185,1.4420006404027514,0.5000886122981792,0.42029809713189753,0.7644766284779169
0.5714464318303945,1.393322136716104,1.4772851241625315,1.6921647999058198,0.7731105260763058,1.3653949366123688,1.5607766526221272
0.033002935453713314,0.42775063304932986,0.5051170524418498,0.12863880301164385,0.5000886122981792,0.16254441363722402,0.9752619289866782
0.5714464318303945,0.6618285733321844,0.27637162380168906,0.9104018014587318,0.19293895929778762,0.16254441363722402,0.1789619048424678
0.5714464318303945,0.6618285733321844,0.5051170524418498,0.12863880301164385,0.5000886122981792,0.16254441363722402,0.38974720535122914
0.31806125706489713,0.16441295023111924,0.5051170524418498,0.12863880301164385,0.5000886122981792,0.6494124824604968,0.577111916914573
0.31806125706489713,0.6618285733321844,0.5051170524418498,0.41007348245259506,0.7731105260763058,0.16254441363722402,0.1789619048424678
0.5714464318303945,0.6618285733321844,0.5051170524418498,0.12863880301164385,-0.08008295448033896,0.42029809713189753,0.577111916914573
0.5714464318303945,0.42775063304932986,0.5051170524418498,0.41007348245259506,-0.08008295448033896,0.42029809713189753,0.577111916914573
0.31806125706489713,0.42775063304932986,0.04762619516152833,0.6602376419556635,0.7731105260763058,0.42029809713189753,0.38974720535122914
0.31806125706489713,0.16441295023111924,0.7624556596620299,0.41007348245259506,0.5000886122981792,0.42029809713189753,0.38974720535122914
0.31806125706489713,0.16441295023111924,0.7624556596620299,0.12863880301164385,0.5000886122981792,0.6494124824604968,0.38974720535122914
0.5714464318303945,0.16441295023111924,0.27637162380168906,0.12863880301164385,0.7731105260763058,0.878526867789096,0.1789619048424678
0.5714464318303945,0.6618285733321844,0.9912010883021907,0.6602376419556635,-0.08008295448033896,0.16254441363722402,-0.008402806720876047
0.31806125706489713,0.42775063304932986,0.5051170524418498,0.41007348245259506,0.7731105260763058,0.16254441363722402,0.38974720535122914
0.8248316065958918,0.42775063304932986,0.5051170524418498,0.12863880301164385,0.5000886122981792,0.16254441363722402,0.38974720535122914
0.31806125706489713,0.16441295023111924,0.5051170524418498,0.12863880301164385,0.5000886122981792,0.6494124824604968,0.577111916914573
0.8248316065958918,0.6618285733321844,0.27637162380168906,0.6602376419556635,-0.08008295448033896,0.16254441363722402,0.38974720535122914
0.5714464318303945,0.16441295023111924,0.5051170524418498,0.6602376419556635,0.7731105260763058,-0.06656997169137523,0.1789619048424678
0.033002935453713314,0.16441295023111924,-0.6672032693389732,-1.1534525144415808,-1.7864699155936286,-1.4985348799951193,5.846744429633614
1.1098899282070755,-0.3037429303345897,0.27637162380168906,0.41007348245259506,-0.08008295448033896,0.42029809713189753,0.7644766284779169
0.5714464318303945,0.16441295023111924,0.5051170524418498,-0.12152535649142451,0.7731105260763058,0.6494124824604968,0.1789619048424678
0.31806125706489713,0.6618285733321844,0.27637162380168906,0.9104018014587318,0.19293895929778762,0.16254441363722402,0.1789619048424678
0.033002935453713314,0.16441295023111924,0.5051170524418498,0.12863880301164385,0.7731105260763058,0.42029809713189753,0.577111916914573
0.5714464318303945,0.42775063304932986,0.5051170524418498,0.41007348245259506,0.5000886122981792,0.16254441363722402,0.1789619048424678
-1.0122109104539625,0.42775063304932986,0.5051170524418498,1.191836480899683,1.0461324398544325,0.16254441363722402,0.38974720535122914
0.31806125706489713,0.6618285733321844,0.27637162380168906,0.12863880301164385,0.7731105260763058,0.42029809713189753,0.1789619048424678
0.31806125706489713,-0.3037429303345897,0.7624556596620299,0.9104018014587318,0.19293895929778762,0.42029809713189753,0.38974720535122914
1.363275102972573,0.16441295023111924,-0.43845784069881255,0.12863880301164385,1.3532820928548241,0.16254441363722402,0.1789619048424678
0.033002935453713314,0.6618285733321844,0.27637162380168906,0.9104018014587318,-0.35310486825846554,0.42029809713189753,0.577111916914573
0.5714464318303945,0.16441295023111924,-0.20971241205865185,-0.12152535649142451,1.0461324398544325,0.878526867789096,0.38974720535122914
0.31806125706489713,-0.06966499005173525,0.7624556596620299,-0.12152535649142451,0.5000886122981792,0.42029809713189753,0.7644766284779169
0.033002935453713314,0.6618285733321844,0.04762619516152833,0.41007348245259506,0.7731105260763058,0.42029809713189753,0.38974720535122914
0.033002935453713314,0.42775063304932986,0.5051170524418498,0.6602376419556635,0.19293895929778762,0.6494124824604968,0.1789619048424678
0.8248316065958918,0.16441295023111924,-0.43845784069881255,-0.12152535649142451,-0.08008295448033896,-0.2956843570199745,2.1462913762575764
0.31806125706489713,0.6618285733321844,0.7624556596620299,0.6602376419556635,0.19293895929778762,-0.06656997169137523,0.1789619048424678
0.5714464318303945,0.42775063304932986,0.7624556596620299,0.6602376419556635,-0.6602545212588572,-0.06656997169137523,0.7644766284779169
0.8248316065958918,-0.06966499005173525,0.27637162380168906,1.4420006404027514,0.5000886122981792,-0.06656997169137523,-0.008402806720876047
0.31806125706489713,0.16441295023111924,0.5051170524418498,0.41007348245259506,0.5000886122981792,0.42029809713189753,0.38974720535122914
-0.22038223931178402,-0.06966499005173525,0.9912010883021907,-0.12152535649142451,1.6263040066329506,0.42029809713189753,0.1789619048424678
-0.22038223931178402,0.42775063304932986,0.5051170524418498,1.191836480899683,0.19293895929778762,0.42029809713189753,0.1789619048424678
0.8248316065958918,0.16441295023111924,0.5051170524418498,0.12863880301164385,0.7731105260763058,0.16254441363722402,0.1789619048424678
-0.22038223931178402,0.16441295023111924,0.5051170524418498,-0.12152535649142451,0.7731105260763058,0.878526867789096,0.38974720535122914
0.31806125706489713,0.6618285733321844,0.27637162380168906,0.12863880301164385,0.19293895929778762,0.42029809713189753,0.38974720535122914
0.31806125706489713,0.42775063304932986,0.27637162380168906,0.41007348245259506,0.5000886122981792,0.16254441363722402,0.38974720535122914
0.033002935453713314,-0.06966499005173525,0.04762619516152833,1.191836480899683,-0.08008295448033896,0.42029809713189753,0.7644766284779169
0.31806125706489713,0.42775063304932986,-1.1532873051993142,-1.434887193882532,-1.7864699155936286,-1.4985348799951193,5.846744429633614
0.033002935453713314,0.6618285733321844,-0.20971241205865185,0.6602376419556635,0.5000886122981792,0.16254441363722402,0.577111916914573
-0.22038223931178402,0.16441295023111924,0.9912010883021907,-0.12152535649142451,0.7731105260763058,0.42029809713189753,0.38974720535122914
0.033002935453713314,-0.06966499005173525,0.9912010883021907,0.12863880301164385,0.7731105260763058,0.42029809713189753,0.1789619048424678
0.033002935453713314,0.42775063304932986,0.5051170524418498,0.41007348245259506,0.19293895929778762,0.42029809713189753,0.38974720535122914
-0.7588257356884651,0.8959065136150388,0.9912010883021907,-0.12152535649142451,-0.35310486825846554,0.878526867789096,0.577111916914573
0.5714464318303945,0.42775063304932986,0.5051170524418498,0.41007348245259506,0.19293895929778762,0.16254441363722402,0.1789619048424678
0.033002935453713314,0.16441295023111924,-0.43845784069881255,0.6602376419556635,0.7731105260763058,3.026474230244712,0.1789619048424678
0.5714464318303945,0.8959065136150388,-0.20971241205865185,0.9104018014587318,-0.08008295448033896,0.42029809713189753,-0.008402806720876047
0.31806125706489713,0.6618285733321844,0.27637162380168906,0.9104018014587318,0.19293895929778762,-0.06656997169137523,0.1789619048424678
0.31806125706489713,-0.06966499005173525,0.9912010883021907,-0.37168951599449285,0.7731105260763058,0.6494124824604968,0.1789619048424678
-0.47376741407728135,0.6618285733321844,0.7624556596620299,0.12863880301164385,0.5000886122981792,0.42029809713189753,0.38974720535122914
-0.22038223931178402,0.6618285733321844,0.5051170524418498,-0.12152535649142451,0.5000886122981792,0.6494124824604968,0.38974720535122914
0.033002935453713314,0.16441295023111924,0.5051170524418498,0.41007348245259506,0.7731105260763058,0.42029809713189753,0.1789619048424678
-0.22038223931178402,1.1592441964332494,0.04762619516152833,0.41007348245259506,1.0461324398544325,0.16254441363722402,-0.008402806720876047
0.033002935453713314,-0.8011585534356549,0.27637162380168906,1.191836480899683,1.3532820928548241,-0.2956843570199745,0.7644766284779169
-1.0122109104539625,1.0422052262918222,-0.06674651915855202,0.2849914027010609,-0.08008295448033896,3.513342299067985,1.162626640550022
0.5714464318303945,-0.06966499005173525,0.9912010883021907,0.12863880301164385,0.19293895929778762,0.16254441363722402,0.1789619048424678
0.31806125706489713,0.16441295023111924,0.5051170524418498,-0.37168951599449285,0.5000886122981792,0.6494124824604968,0.38974720535122914
0.8248316065958918,0.16441295023111924,0.5051170524418498,0.12863880301164385,-0.08008295448033896,0.16254441363722402,0.38974720535122914
-0.22038223931178402,0.8959065136150388,-0.20971241205865185,0.12863880301164385,0.19293895929778762,1.1362805512837695,0.1789619048424678
0.5714464318303945,0.6618285733321844,0.27637162380168906,0.41007348245259506,-0.08008295448033896,0.16254441363722402,0.1789619048424678
0.31806125706489713,0.6618285733321844,0.04762619516152833,0.9104018014587318,1.0461324398544325,-0.2956843570199745,-0.1957675182842199
0.5714464318303945,0.16441295023111924,0.7624556596620299,0.12863880301164385,0.19293895929778762,0.16254441363722402,0.1789619048424678
0.31806125706489713,0.42775063304932986,0.5051170524418498,0.41007348245259506,-0.08008295448033896,0.16254441363722402,0.38974720535122914
0.31806125706489713,0.42775063304932986,0.04762619516152833,0.41007348245259506,0.5000886122981792,0.42029809713189753,0.1789619048424678
0.8248316065958918,0.16441295023111924,1.2199465169423513,0.41007348245259506,1.3532820928548241,1.3653949366123688,0.7644766284779169
-0.22038223931178402,0.42775063304932986,0.7624556596620299,-0.12152535649142451,1.0461324398544325,-1.0116668111718465,1.162626640550022
0.8248316065958918,0.6618285733321844,0.5051170524418498,0.9104018014587318,1.3532820928548241,0.16254441363722402,-0.008402806720876047
0.033002935453713314,-0.06966499005173525,0.7624556596620299,-0.12152535649142451,1.0461324398544325,-0.2956843570199745,0.7644766284779169
0.31806125706489713,0.42775063304932986,0.27637162380168906,0.41007348245259506,1.3532820928548241,-0.2956843570199745,-0.008402806720876047
0.8248316065958918,0.42775063304932986,-0.6672032693389732,0.41007348245259506,0.5000886122981792,0.42029809713189753,0.38974720535122914
1.1098899282070755,-0.06966499005173525,0.5051170524418498,0.9104018014587318,0.5000886122981792,0.42029809713189753,0.7644766284779169
0.5714464318303945,0.42775063304932986,-0.20971241205865185,-0.12152535649142451,-0.08008295448033896,0.6494124824604968,0.7644766284779169
-0.22038223931178402,0.42775063304932986,0.7624556596620299,0.12863880301164385,0.5000886122981792,0.16254441363722402,0.38974720535122914
1.6166602777380703,0.8959065136150388,1.2199465169423513,0.6602376419556635,0.5000886122981792,0.16254441363722402,0.9752619289866782
0.033002935453713314,0.42775063304932986,0.5051170524418498,-0.12152535649142451,1.0461324398544325,0.42029809713189753,-0.008402806720876047
0.31806125706489713,0.8959065136150388,0.04762619516152833,0.9104018014587318,-0.6602545212588572,-0.06656997169137523,0.38974720535122914
-0.22038223931178402,-0.06966499005173525,1.2199465169423513,-0.12152535649142451,0.5000886122981792,0.42029809713189753,0.1789619048424678
0.8248316065958918,-0.06966499005173525,0.04762619516152833,0.41007348245259506,-0.08008295448033896,0.42029809713189753,0.38974720535122914
-0.22038223931178402,0.16441295023111924,0.04762619516152833,0.9104018014587318,0.5000886122981792,0.16254441363722402,0.38974720535122914
-0.22038223931178402,0.42775063304932986,0.7624556596620299,-0.37168951599449285,0.5000886122981792,0.42029809713189753,0.38974720535122914
0.033002935453713314,0.42775063304932986,0.04762619516152833,-0.12152535649142451,0.5000886122981792,-0.2956843570199745,1.162626640550022
0.033002935453713314,0.42775063304932986,0.7624556596620299,-1.1534525144415808,0.7731105260763058,0.878526867789096,0.1789619048424678
0.8248316065958918,0.6618285733321844,0.27637162380168906,0.12863880301164385,0.19293895929778762,0.16254441363722402,-0.1957675182842199
0.31806125706489713,-0.06966499005173525,0.27637162380168906,-0.12152535649142451,0.5000886122981792,0.878526867789096,0.1789619048424678
1.1098899282070755,0.8959065136150388,0.9912010883021907,0.12863880301164385,-0.08008295448033896,-0.553438040514648,-0.4065528187929812
0.033002935453713314,0.16441295023111924,0.27637162380168906,0.12863880301164385,0.19293895929778762,0.6494124824604968,0.38974720535122914
-0.22038223931178402,0.42775063304932986,0.5051170524418498,0.41007348245259506,0.5000886122981792,-0.06656997169137523,0.38974720535122914
0.8248316065958918,-0.06966499005173525,0.7624556596620299,-0.6531241954354441,0.5000886122981792,0.42029809713189753,0.1789619048424678
0.033002935453713314,0.6618285733321844,0.27637162380168906,-0.12152535649142451,0.19293895929778762,0.16254441363722402,0.577111916914573
0.033002935453713314,0.6618285733321844,1.2199465169423513,1.4420006404027514,1.8993259204110773,0.42029809713189753,0.38974720535122914
0.5714464318303945,0.16441295023111924,0.5051170524418498,0.12863880301164385,-0.08008295448033896,0.16254441363722402,0.38974720535122914
0.5714464318303945,0.6618285733321844,0.04762619516152833,1.191836480899683,-0.6602545212588572,-0.06656997169137523,0.1789619048424678
0.8248316065958918,0.16441295023111924,-0.9245418765591534,0.9104018014587318,-0.35310486825846554,1.594509321940968,-0.1957675182842199
0.5714464318303945,0.42775063304932986,0.27637162380168906,0.12863880301164385,0.19293895929778762,0.16254441363722402,0.1789619048424678
0.31806125706489713,0.16441295023111924,0.5051170524418498,-0.37168951599449285,1.0461324398544325,0.16254441363722402,0.1789619048424678
0.31806125706489713,0.42775063304932986,0.27637162380168906,-0.12152535649142451,0.19293895929778762,0.42029809713189753,0.38974720535122914
1.1098899282070755,0.6618285733321844,-0.43845784069881255,-0.37168951599449285,1.0461324398544325,0.16254441363722402,-0.008402806720876047
1.363275102972573,0.42775063304932986,0.7624556596620299,-0.9032883549385124,0.5000886122981792,-0.06656997169137523,-0.008402806720876047
1.1098899282070755,0.6618285733321844,0.27637162380168906,-0.37168951599449285,-0.35310486825846554,0.42029809713189753,0.1789619048424678
0.31806125706489713,-0.3037429303345897,0.27637162380168906,0.12863880301164385,0.5000886122981792,0.16254441363722402,0.577111916914573
0.033002935453713314,0.16441295023111924,-0.20971241205865185,0.41007348245259506,0.7731105260763058,0.16254441363722402,0.38974720535122914
0.31806125706489713,0.16441295023111924,0.04762619516152833,0.41007348245259506,0.5000886122981792,0.16254441363722402,0.1789619048424678
1.1098899282070755,-0.06966499005173525,0.27637162380168906,0.12863880301164385,0.5000886122981792,-0.06656997169137523,-0.008402806720876047
0.033002935453713314,-0.3037429303345897,-0.9245418765591534,-0.6531241954354441,0.19293895929778762,3.026474230244712,0.1789619048424678
0.31806125706489713,0.6618285733321844,0.04762619516152833,0.6602376419556635,0.19293895929778762,-0.06656997169137523,-0.008402806720876047
0.31806125706489713,0.42775063304932986,0.27637162380168906,0.41007348245259506,-0.08008295448033896,0.42029809713189753,-0.008402806720876047
-0.22038223931178402,0.42775063304932986,-0.20971241205865185,0.41007348245259506,0.5000886122981792,0.42029809713189753,0.38974720535122914
0.31806125706489713,0.42775063304932986,0.27637162380168906,0.41007348245259506,-0.35310486825846554,0.16254441363722402,0.38974720535122914
-0.22038223931178402,-0.06966499005173525,-0.20971241205865185,0.41007348245259506,1.6263040066329506,0.42029809713189753,-0.008402806720876047
-0.22038223931178402,0.6618285733321844,0.27637162380168906,0.9104018014587318,0.19293895929778762,-0.06656997169137523,-0.008402806720876047
1.1098899282070755,0.42775063304932986,0.04762619516152833,0.6602376419556635,-0.08008295448033896,-0.06656997169137523,-0.1957675182842199
0.8248316065958918,0.6618285733321844,0.7624556596620299,0.6602376419556635,1.0461324398544325,2.797359844916113,0.7644766284779169
0.31806125706489713,0.16441295023111924,0.5051170524418498,0.6602376419556635,-0.35310486825846554,0.42029809713189753,-0.008402806720876047
0.033002935453713314,0.42775063304932986,0.7624556596620299,0.12863880301164385,-0.35310486825846554,0.16254441363722402,0.38974720535122914
0.033002935453713314,-0.06966499005173525,0.27637162380168906,0.41007348245259506,-0.08008295448033896,0.42029809713189753,0.577111916914573
1.363275102972573,0.42775063304932986,0.27637162380168906,-0.37168951599449285,-0.6602545212588572,0.16254441363722402,0.38974720535122914
0.033002935453713314,0.6618285733321844,0.27637162380168906,0.12863880301164385,0.19293895929778762,0.16254441363722402,0.1789619048424678
-0.22038223931178402,-0.06966499005173525,0.27637162380168906,0.41007348245259506,0.5000886122981792,0.42029809713189753,0.38974720535122914
0.31806125706489713,0.42775063304932986,0.27637162380168906,0.41007348245259506,-0.08008295448033896,0.42029809713189753,-0.008402806720876047
-0.7588257356884651,0.8959065136150388,-0.6672032693389732,1.973599479346771,-0.6602545212588572,0.42029809713189753,0.38974720535122914
-0.22038223931178402,-0.06966499005173525,0.5051170524418498,-0.37168951599449285,1.3532820928548241,0.42029809713189753,0.1789619048424678
0.033002935453713314,-0.06966499005173525,0.5051170524418498,0.6602376419556635,0.19293895929778762,0.16254441363722402,0.1789619048424678
0.31806125706489713,0.8959065136150388,-0.20971241205865185,0.41007348245259506,-0.08008295448033896,0.42029809713189753,-0.008402806720876047
0.5714464318303945,0.16441295023111924,0.5051170524418498,0.12863880301164385,-0.08008295448033896,-0.2956843570199745,0.577111916914573
0.5714464318303945,0.42775063304932986,0.5051170524418498,-0.12152535649142451,-0.35310486825846554,0.16254441363722402,0.38974720535122914
0.033002935453713314,0.6618285733321844,0.04762619516152833,0.41007348245259506,-0.08008295448033896,0.16254441363722402,0.38974720535122914
0.31806125706489713,-0.06966499005173525,0.27637162380168906,-0.12152535649142451,0.19293895929778762,1.8522630054356417,-0.5939175303563251
0.5714464318303945,-0.06966499005173525,0.04762619516152833,0.6602376419556635,0.19293895929778762,0.16254441363722402,0.1789619048424678
0.033002935453713314,0.42775063304932986,0.27637162380168906,0.12863880301164385,0.5000886122981792,0.42029809713189753,-0.008402806720876047
-0.22038223931178402,0.6618285733321844,0.5051170524418498,0.12863880301164385,0.5000886122981792,-0.06656997169137523,0.1789619048424678
0.5714464318303945,0.42775063304932986,0.5051170524418498,-0.12152535649142451,0.19293895929778762,0.16254441363722402,-0.008402806720876047
1.1098899282070755,0.16441295023111924,0.27637162380168906,0.12863880301164385,-0.35310486825846554,-0.06656997169137523,0.38974720535122914
0.5714464318303945,-0.06966499005173525,0.7624556596620299,-0.12152535649142451,1.3532820928548241,1.3653949366123688,-0.008402806720876047
0.5714464318303945,-0.06966499005173525,0.5051170524418498,-0.12152535649142451,0.7731105260763058,-0.06656997169137523,0.1789619048424678
0.033002935453713314,0.6618285733321844,0.7624556596620299,-0.12152535649142451,0.5000886122981792,0.16254441363722402,-0.1957675182842199
-0.47376741407728135,0.8959065136150388,2.192114588663033,1.6921647999058198,-1.2062983488151104,0.16254441363722402,0.1789619048424678
0.5714464318303945,1.393322136716104,0.7624556596620299,1.6921647999058198,1.0461324398544325,1.1362805512837695,0.9752619289866782
0.033002935453713314,0.42775063304932986,-0.20971241205865185,0.41007348245259506,0.7731105260763058,0.16254441363722402,-0.008402806720876047
0.5714464318303945,-0.06966499005173525,0.27637162380168906,-0.37168951599449285,1.6263040066329506,0.6494124824604968,-0.7812822419196689
0.033002935453713314,0.16441295023111924,0.5051170524418498,-0.12152535649142451,0.5000886122981792,0.16254441363722402,0.1789619048424678
-0.7588257356884651,0.42775063304932986,0.7624556596620299,-0.6531241954354441,0.7731105260763058,-0.2956843570199745,0.9752619289866782
0.8248316065958918,1.1592441964332494,0.27637162380168906,0.9104018014587318,0.5000886122981792,-0.7825524258432472,0.577111916914573
-0.47376741407728135,0.42775063304932986,0.5051170524418498,-0.12152535649142451,0.7731105260763058,0.42029809713189753,-0.008402806720876047
0.033002935453713314,0.8959065136150388,0.7624556596620299,-0.37168951599449285,-0.35310486825846554,-0.06656997169137523,0.38974720535122914
0.8248316065958918,-0.5670806131528003,0.27637162380168906,0.41007348245259506,0.19293895929778762,0.42029809713189753,-0.008402806720876047
-0.7588257356884651,0.6618285733321844,0.5051170524418498,-0.6531241954354441,1.0461324398544325,0.42029809713189753,0.1789619048424678
0.5714464318303945,0.6618285733321844,0.27637162380168906,-0.12152535649142451,-0.08008295448033896,-0.06656997169137523,0.1789619048424678
0.8248316065958918,0.8959065136150388,-0.20971241205865185,-1.1534525144415808,0.7731105260763058,0.42029809713189753,-0.008402806720876047
0.5714464318303945,0.42775063304932986,0.04762619516152833,0.6602376419556635,-0.08008295448033896,-0.06656997169137523,-0.008402806720876047
0.31806125706489713,0.16441295023111924,0.27637162380168906,0.41007348245259506,1.3532820928548241,1.3653949366123688,1.3499913521133657
-0.7588257356884651,0.16441295023111924,0.5051170524418498,1.191836480899683,0.5000886122981792,0.16254441363722402,-0.1957675182842199
-0.7588257356884651,-0.5670806131528003,-0.20971241205865185,0.12863880301164385,-0.9332764350369838,1.594509321940968,1.5607766526221272
0.8248316065958918,0.6618285733321844,-0.20971241205865185,-0.9032883549385124,-0.35310486825846554,1.1362805512837695,0.1789619048424678
0.31806125706489713,0.16441295023111924,0.27637162380168906,0.12863880301164385,0.5000886122981792,0.16254441363722402,-0.008402806720876047
1.1098899282070755,0.42775063304932986,0.7624556596620299,-0.9032883549385124,1.0461324398544325,0.42029809713189753,0.577111916914573
0.033002935453713314,-0.06966499005173525,0.27637162380168906,0.6602376419556635,0.5000886122981792,-0.06656997169137523,-0.008402806720876047
-0.22038223931178402,0.16441295023111924,0.5051170524418498,0.41007348245259506,0.19293895929778762,-0.06656997169137523,0.1789619048424678
-0.22038223931178402,0.42775063304932986,0.5051170524418498,0.41007348245259506,0.19293895929778762,-0.2956843570199745,0.1789619048424678
0.31806125706489713,0.16441295023111924,0.04762619516152833,-0.37168951599449285,1.0461324398544325,-0.06656997169137523,0.1789619048424678
0.31806125706489713,0.42775063304932986,0.27637162380168906,0.12863880301164385,-0.35310486825846554,-0.06656997169137523,0.38974720535122914
0.31806125706489713,0.42775063304932986,-0.20971241205865185,0.41007348245259506,-0.08008295448033896,0.16254441363722402,0.1789619048424678
0.5714464318303945,0.42775063304932986,0.5051170524418498,0.12863880301164385,-0.35310486825846554,0.42029809713189753,1.162626640550022
0.31806125706489713,0.6618285733321844,-0.20971241205865185,1.191836480899683,-0.35310486825846554,-0.06656997169137523,-0.1957675182842199
0.5714464318303945,0.42775063304932986,-0.20971241205865185,0.6602376419556635,-0.08008295448033896,-0.2956843570199745,0.1789619048424678
0.8248316065958918,0.42775063304932986,-0.43845784069881255,0.41007348245259506,0.7731105260763058,-0.06656997169137523,-0.4065528187929812
0.31806125706489713,0.42775063304932986,0.7624556596620299,-0.12152535649142451,-0.35310486825846554,-0.06656997169137523,0.1789619048424678
1.1098899282070755,1.1592441964332494,1.2199465169423513,0.12863880301164385,-0.6602545212588572,-0.7825524258432472,-0.7812822419196689
0.8248316065958918,0.16441295023111924,0.27637162380168906,-0.12152535649142451,0.19293895929778762,-0.06656997169137523,-0.008402806720876047
0.31806125706489713,-0.06966499005173525,0.7624556596620299,0.9104018014587318,0.7731105260763058,0.878526867789096,-0.1957675182842199
0.31806125706489713,0.42775063304932986,0.04762619516152833,0.9104018014587318,-0.08008295448033896,-0.06656997169137523,-0.1957675182842199
0.31806125706489713,0.16441295023111924,0.27637162380168906,0.12863880301164385,-0.08008295448033896,-0.06656997169137523,0.38974720535122914
0.5714464318303945,0.16441295023111924,0.04762619516152833,0.41007348245259506,-0.35310486825846554,0.42029809713189753,-0.008402806720876047
0.5714464318303945,-0.3037429303345897,-0.20971241205865185,-0.12152535649142451,0.19293895929778762,-1.0116668111718465,1.748141364185471
0.8248316065958918,-0.06966499005173525,0.5051170524418498,-0.6531241954354441,-0.08008295448033896,0.42029809713189753,0.1789619048424678
-0.7588257356884651,0.42775063304932986,0.9912010883021907,-0.37168951599449285,0.7731105260763058,0.16254441363722402,-0.008402806720876047
0.033002935453713314,0.6618285733321844,0.04762619516152833,0.41007348245259506,0.19293895929778762,-0.2956843570199745,0.1789619048424678
-0.22038223931178402,-0.06966499005173525,0.04762619516152833,0.12863880301164385,0.7731105260763058,0.16254441363722402,0.38974720535122914
0.31806125706489713,0.16441295023111924,0.04762619516152833,-0.12152535649142451,0.5000886122981792,0.16254441363722402,0.1789619048424678
0.31806125706489713,0.8959065136150388,0.27637162380168906,0.12863880301164385,0.19293895929778762,0.42029809713189753,0.7644766284779169
-0.22038223931178402,0.42775063304932986,0.27637162380168906,-0.12152535649142451,0.19293895929778762,0.16254441363722402,0.38974720535122914
0.31806125706489713,0.16441295023111924,0.27637162380168906,-0.12152535649142451,0.7731105260763058,-0.06656997169137523,-0.008402806720876047
0.5714464318303945,0.16441295023111924,0.27637162380168906,0.41007348245259506,1.0461324398544325,0.6494124824604968,0.1789619048424678
0.31806125706489713,0.16441295023111924,0.5051170524418498,0.12863880301164385,0.5000886122981792,-0.2956843570199745,-0.008402806720876047
-0.22038223931178402,0.42775063304932986,0.27637162380168906,0.41007348245259506,-0.08008295448033896,0.878526867789096,-0.4065528187929812
0.31806125706489713,0.42775063304932986,0.5051170524418498,-0.12152535649142451,0.5000886122981792,-0.2956843570199745,-0.008402806720876047
-0.7588257356884651,0.42775063304932986,0.5051170524418498,-0.12152535649142451,0.7731105260763058,0.42029809713189753,-0.008402806720876047
-0.7588257356884651,0.42775063304932986,0.5051170524418498,-0.6531241954354441,0.19293895929778762,1.1362805512837695,0.1789619048424678
0.8248316065958918,0.8959065136150388,0.7624556596620299,0.9104018014587318,1.3532820928548241,0.878526867789096,1.3499913521133657
-0.22038223931178402,0.16441295023111924,0.04762619516152833,0.12863880301164385,0.19293895929778762,0.42029809713189753,0.38974720535122914
-0.22038223931178402,0.16441295023111924,0.7624556596620299,0.41007348245259506,0.19293895929778762,0.16254441363722402,-0.1957675182842199
0.033002935453713314,0.8959065136150388,0.9912010883021907,1.191836480899683,1.3532820928548241,1.594509321940968,0.9752619289866782
-0.22038223931178402,-0.8011585534356549,0.04762619516152833,0.6602376419556635,2.2064755734114687,-0.06656997169137523,-0.1957675182842199
0.31806125706489713,0.16441295023111924,0.27637162380168906,0.12863880301164385,0.19293895929778762,-0.06656997169137523,-0.008402806720876047
-0.22038223931178402,-0.06966499005173525,0.9912010883021907,0.12863880301164385,1.3532820928548241,0.878526867789096,-0.008402806720876047
0.033002935453713314,0.42775063304932986,0.27637162380168906,-0.6531241954354441,0.5000886122981792,0.16254441363722402,0.1789619048424678
-1.2655960852194599,0.8959065136150388,-0.43845784069881255,0.41007348245259506,0.5000886122981792,0.16254441363722402,0.577111916914573
0.033002935453713314,0.16441295023111924,0.27637162380168906,-0.12152535649142451,0.19293895929778762,0.16254441363722402,0.1789619048424678
-0.22038223931178402,0.16441295023111924,0.7624556596620299,-0.6531241954354441,-0.08008295448033896,0.6494124824604968,0.1789619048424678
0.033002935453713314,0.16441295023111924,0.7624556596620299,0.12863880301164385,-0.08008295448033896,-0.06656997169137523,-0.008402806720876047
1.6166602777380703,-0.06966499005173525,0.7624556596620299,-0.37168951599449285,-0.6602545212588572,-0.06656997169137523,-0.1957675182842199
0.8248316065958918,0.42775063304932986,-0.43845784069881255,0.12863880301164385,-0.08008295448033896,-0.06656997169137523,0.1789619048424678
0.5714464318303945,0.42775063304932986,0.04762619516152833,-0.37168951599449285,0.7731105260763058,-0.06656997169137523,-0.1957675182842199
-1.5506544068306436,-0.06966499005173525,0.27637162380168906,0.9104018014587318,0.7731105260763058,0.42029809713189753,0.1789619048424678
1.363275102972573,-0.06966499005173525,0.27637162380168906,0.12863880301164385,-0.6602545212588572,-0.2956843570199745,0.1789619048424678
0.5714464318303945,0.16441295023111924,0.5051170524418498,-0.12152535649142451,-0.08008295448033896,-0.06656997169137523,-0.008402806720876047
0.5714464318303945,-0.06966499005173525,0.04762619516152833,0.12863880301164385,0.5000886122981792,-0.06656997169137523,-0.008402806720876047
0.31806125706489713,0.8959065136150388,0.04762619516152833,-0.12152535649142451,-0.6602545212588572,-0.06656997169137523,0.38974720535122914
0.033002935453713314,0.16441295023111924,-0.43845784069881255,0.12863880301164385,0.19293895929778762,0.16254441363722402,0.577111916914573
0.033002935453713314,-0.06966499005173525,0.9912010883021907,-0.6531241954354441,0.19293895929778762,0.16254441363722402,0.1789619048424678
0.5714464318303945,-0.06966499005173525,-0.43845784069881255,-0.12152535649142451,0.7731105260763058,-0.06656997169137523,0.38974720535122914
0.8248316065958918,0.6618285733321844,-0.43845784069881255,1.191836480899683,-0.08008295448033896,-1.0116668111718465,-0.008402806720876047
0.8248316065958918,0.42775063304932986,0.04762619516152833,-0.37168951599449285,-0.08008295448033896,0.16254441363722402,-0.008402806720876047
0.033002935453713314,0.16441295023111924,-0.20971241205865185,-0.9032883549385124,0.19293895929778762,0.6494124824604968,0.7644766284779169
0.31806125706489713,-0.5670806131528003,-0.6672032693389732,0.12863880301164385,1.8993259204110773,-0.2956843570199745,0.38974720535122914
1.363275102972573,1.1592441964332494,0.7624556596620299,-1.1534525144415808,0.5000886122981792,-0.2956843570199745,0.577111916914573
-0.22038223931178402,-0.06966499005173525,0.27637162380168906,-0.37168951599449285,0.5000886122981792,0.878526867789096,-0.008402806720876047
-0.22038223931178402,0.6618285733321844,-0.20971241205865185,0.6602376419556635,-1.513448001815502,0.878526867789096,0.38974720535122914
-0.47376741407728135,0.16441295023111924,0.27637162380168906,-1.1534525144415808,-0.08008295448033896,1.3653949366123688,0.577111916914573
0.5714464318303945,0.16441295023111924,0.04762619516152833,0.12863880301164385,-0.08008295448033896,-0.06656997169137523,-0.008402806720876047
-0.22038223931178402,0.16441295023111924,-0.20971241205865185,0.41007348245259506,0.19293895929778762,0.16254441363722402,0.1789619048424678
0.31806125706489713,0.16441295023111924,0.5051170524418498,-0.12152535649142451,-0.08008295448033896,-0.2956843570199745,0.1789619048424678
-0.7588257356884651,0.42775063304932986,0.7624556596620299,0.9104018014587318,-0.6602545212588572,0.42029809713189753,-0.4065528187929812
0.8248316065958918,1.1592441964332494,0.9912010883021907,0.9104018014587318,0.7731105260763058,0.6494124824604968,1.162626640550022
-1.0122109104539625,0.16441295023111924,0.27637162380168906,-0.37168951599449285,0.7731105260763058,-0.2956843570199745,0.9752619289866782
0.033002935453713314,0.16441295023111924,-0.20971241205865185,0.41007348245259506,0.5000886122981792,-0.06656997169137523,-0.008402806720876047
0.033002935453713314,0.8959065136150388,-0.20971241205865185,0.41007348245259506,-0.35310486825846554,-0.553438040514648,0.38974720535122914
0.8248316065958918,0.42775063304932986,0.27637162380168906,0.12863880301164385,-0.08008295448033896,0.42029809713189753,-0.9920675424284302
-0.47376741407728135,0.16441295023111924,-0.43845784069881255,-0.12152535649142451,0.7731105260763058,0.6494124824604968,0.1789619048424678
0.31806125706489713,0.42775063304932986,0.9912010883021907,0.41007348245259506,-0.35310486825846554,-1.0116668111718465,-0.008402806720876047
-0.22038223931178402,-0.3037429303345897,0.5051170524418498,-0.12152535649142451,0.19293895929778762,0.16254441363722402,0.38974720535122914
0.8248316065958918,-0.06966499005173525,0.27637162380168906,-0.37168951599449285,-0.08008295448033896,-0.06656997169137523,0.1789619048424678
0.31806125706489713,-0.06966499005173525,-0.20971241205865185,-0.9032883549385124,0.19293895929778762,0.6494124824604968,0.577111916914573
0.033002935453713314,0.42775063304932986,0.27637162380168906,0.12863880301164385,-0.08008295448033896,-0.06656997169137523,-0.008402806720876047
0.31806125706489713,0.16441295023111924,0.04762619516152833,0.6602376419556635,-0.35310486825846554,-0.2956843570199745,0.1789619048424678
0.31806125706489713,0.42775063304932986,-0.20971241205865185,-0.12152535649142451,-0.6602545212588572,1.1362805512837695,-0.1957675182842199
0.033002935453713314,0.16441295023111924,0.27637162380168906,-0.37168951599449285,0.5000886122981792,0.16254441363722402,-0.008402806720876047
0.5714464318303945,0.16441295023111924,0.9912010883021907,0.6602376419556635,-0.9332764350369838,-0.06656997169137523,-0.5939175303563251
-0.22038223931178402,0.16441295023111924,0.04762619516152833,0.41007348245259506,0.19293895929778762,-0.06656997169137523,-0.008402806720876047
0.033002935453713314,0.42775063304932986,0.27637162380168906,0.12863880301164385,-0.08008295448033896,-0.2956843570199745,-0.008402806720876047
-0.22038223931178402,0.42775063304932986,-0.6672032693389732,0.41007348245259506,0.5000886122981792,0.16254441363722402,-0.008402806720876047
-0.22038223931178402,-0.06966499005173525,0.04762619516152833,0.12863880301164385,0.5000886122981792,-0.06656997169137523,0.1789619048424678
-0.47376741407728135,0.16441295023111924,0.04762619516152833,0.41007348245259506,-0.08008295448033896,-0.06656997169137523,0.38974720535122914
-0.22038223931178402,0.16441295023111924,0.04762619516152833,0.12863880301164385,0.19293895929778762,-0.06656997169137523,0.1789619048424678
0.033002935453713314,0.16441295023111924,-0.20971241205865185,0.12863880301164385,-0.6602545212588572,0.42029809713189753,0.38974720535122914
0.8248316065958918,0.42775063304932986,-0.20971241205865185,0.41007348245259506,0.19293895929778762,0.42029809713189753,0.38974720535122914
0.31806125706489713,0.42775063304932986,-0.6672032693389732,-0.6531241954354441,0.19293895929778762,0.42029809713189753,0.38974720535122914
0.033002935453713314,-0.06966499005173525,0.04762619516152833,0.41007348245259506,-0.35310486825846554,-0.06656997169137523,0.38974720535122914
0.033002935453713314,-0.06966499005173525,0.04762619516152833,0.12863880301164385,-0.08008295448033896,-0.06656997169137523,0.38974720535122914
-0.22038223931178402,-0.06966499005173525,0.5051170524418498,-0.12152535649142451,0.19293895929778762,0.16254441363722402,-0.008402806720876047
0.31806125706489713,-0.06966499005173525,-0.20971241205865185,-0.6531241954354441,0.5000886122981792,0.42029809713189753,0.1789619048424678
-0.22038223931178402,0.42775063304932986,0.04762619516152833,0.41007348245259506,-0.08008295448033896,-0.06656997169137523,-0.008402806720876047
-0.22038223931178402,0.16441295023111924,0.5051170524418498,0.6602376419556635,-0.6602545212588572,-0.06656997169137523,-0.008402806720876047
0.5714464318303945,0.16441295023111924,0.04762619516152833,-0.12152535649142451,-0.6602545212588572,-0.06656997169137523,0.38974720535122914
0.5714464318303945,-0.3037429303345897,-0.43845784069881255,0.6602376419556635,-0.08008295448033896,0.42029809713189753,-0.1957675182842199
0.31806125706489713,-0.3037429303345897,0.04762619516152833,0.12863880301164385,-0.6602545212588572,0.42029809713189753,0.38974720535122914
0.31806125706489713,0.16441295023111924,0.04762619516152833,0.9104018014587318,-0.6602545212588572,-0.06656997169137523,-0.1957675182842199
0.033002935453713314,0.8959065136150388,0.9912010883021907,0.6602376419556635,-0.35310486825846554,1.3653949366123688,0.577111916914573
0.033002935453713314,-0.5670806131528003,-0.6672032693389732,-0.6531241954354441,-0.9332764350369838,3.026474230244712,-0.008402806720876047
0.033002935453713314,0.16441295023111924,0.27637162380168906,-0.12152535649142451,-0.08008295448033896,-0.06656997169137523,0.1789619048424678
0.033002935453713314,0.16441295023111924,-0.20971241205865185,0.6602376419556635,-0.9332764350369838,0.16254441363722402,0.38974720535122914
1.6166602777380703,1.890737759817169,1.7060305528026922,1.4420006404027514,1.0461324398544325,1.1362805512837695,1.3499913521133657
-0.22038223931178402,0.16441295023111924,0.04762619516152833,0.41007348245259506,-0.08008295448033896,0.16254441363722402,-0.008402806720876047
0.31806125706489713,0.16441295023111924,0.5051170524418498,0.12863880301164385,-0.08008295448033896,-0.2956843570199745,-0.1957675182842199
-1.0122109104539625,0.6618285733321844,0.27637162380168906,0.9104018014587318,0.5000886122981792,0.42029809713189753,0.577111916914573
-0.47376741407728135,-0.3037429303345897,0.27637162380168906,0.12863880301164385,-0.08008295448033896,0.6494124824604968,0.1789619048424678
0.5714464318303945,0.42775063304932986,0.27637162380168906,0.9104018014587318,-1.2062983488151104,-0.2956843570199745,-0.1957675182842199
-0.22038223931178402,0.16441295023111924,-0.43845784069881255,0.6602376419556635,0.19293895929778762,-0.06656997169137523,-0.008402806720876047
-0.22038223931178402,0.16441295023111924,0.27637162380168906,0.41007348245259506,-0.08008295448033896,-0.2956843570199745,-0.008402806720876047
0.31806125706489713,0.42775063304932986,0.04762619516152833,-0.37168951599449285,-0.35310486825846554,-0.06656997169137523,0.1789619048424678
0.31806125706489713,0.42775063304932986,0.7624556596620299,0.41007348245259506,-0.08008295448033896,0.42029809713189753,-0.008402806720876047
-0.22038223931178402,0.42775063304932986,0.04762619516152833,0.6602376419556635,-0.35310486825846554,-1.0116668111718465,0.577111916914573
0.5714464318303945,-0.06966499005173525,-0.20971241205865185,0.12863880301164385,-0.6602545212588572,0.6494124824604968,-0.1957675182842199
0.033002935453713314,-0.06966499005173525,0.04762619516152833,0.41007348245259506,-0.08008295448033896,-0.06656997169137523,-0.008402806720876047
-0.7588257356884651,-0.06966499005173525,0.5051170524418498,0.12863880301164385,0.5000886122981792,-0.06656997169137523,-0.008402806720876047
-0.22038223931178402,-0.06966499005173525,0.27637162380168906,-0.12152535649142451,-0.08008295448033896,0.16254441363722402,0.1789619048424678
0.033002935453713314,-0.06966499005173525,0.27637162380168906,0.12863880301164385,-0.6602545212588572,0.16254441363722402,0.1789619048424678
1.363275102972573,0.8959065136150388,1.2199465169423513,-0.37168951599449285,-0.9332764350369838,-0.7825524258432472,-0.9920675424284302
0.31806125706489713,0.16441295023111924,0.04762619516152833,-0.12152535649142451,-0.35310486825846554,-0.06656997169137523,0.1789619048424678
0.31806125706489713,-0.06966499005173525,-0.20971241205865185,0.41007348245259506,-0.08008295448033896,-0.06656997169137523,-0.008402806720876047
0.31806125706489713,-0.06966499005173525,0.27637162380168906,-0.12152535649142451,-0.08008295448033896,-0.06656997169137523,-0.008402806720876047
-0.47376741407728135,-0.06966499005173525,0.27637162380168906,0.41007348245259506,0.19293895929778762,-0.06656997169137523,-0.008402806720876047
0.5714464318303945,0.16441295023111924,0.7624556596620299,-0.9032883549385124,0.19293895929778762,-0.2956843570199745,-0.1957675182842199
1.1098899282070755,1.393322136716104,0.27637162380168906,-2.466814351832688,1.3532820928548241,0.16254441363722402,0.38974720535122914
0.31806125706489713,0.42775063304932986,-0.6672032693389732,0.41007348245259506,-0.08008295448033896,-0.06656997169137523,-0.008402806720876047
0.8248316065958918,-0.5670806131528003,1.2199465169423513,-0.6531241954354441,0.19293895929778762,0.878526867789096,0.1789619048424678
0.033002935453713314,0.16441295023111924,0.04762619516152833,0.12863880301164385,-0.35310486825846554,-0.06656997169137523,0.1789619048424678
-0.22038223931178402,0.16441295023111924,0.5051170524418498,0.12863880301164385,-0.35310486825846554,-0.2956843570199745,0.1789619048424678
-0.7588257356884651,0.16441295023111924,0.04762619516152833,-0.37168951599449285,0.5000886122981792,0.42029809713189753,0.1789619048424678
0.8248316065958918,0.42775063304932986,0.27637162380168906,0.41007348245259506,-0.08008295448033896,0.16254441363722402,0.1789619048424678
0.5714464318303945,0.16441295023111924,-0.43845784069881255,0.6602376419556635,0.5000886122981792,0.16254441363722402,-0.9920675424284302
1.6166602777380703,0.42775063304932986,0.7624556596620299,-0.6531241954354441,-0.6602545212588572,-1.0116668111718465,-0.1957675182842199
-0.22038223931178402,-0.3037429303345897,-0.20971241205865185,-0.6531241954354441,0.5000886122981792,0.878526867789096,0.1789619048424678
-0.22038223931178402,-0.3037429303345897,0.04762619516152833,0.6602376419556635,-0.08008295448033896,-0.06656997169137523,-0.008402806720876047
0.31806125706489713,-0.3037429303345897,0.27637162380168906,-0.37168951599449285,0.19293895929778762,-0.06656997169137523,-0.008402806720876047
-0.22038223931178402,0.16441295023111924,0.04762619516152833,-0.12152535649142451,0.7731105260763058,-0.553438040514648,-0.008402806720876047
-1.0122109104539625,-0.8011585534356549,-1.1532873051993142,-1.434887193882532,-1.7864699155936286,-1.4985348799951193,5.846744429633614
-0.47376741407728135,-0.3037429303345897,0.27637162380168906,-0.6531241954354441,-0.9332764350369838,0.42029809713189753,1.162626640550022
0.8248316065958918,0.16441295023111924,0.04762619516152833,-0.6531241954354441,-0.35310486825846554,-0.06656997169137523,-0.008402806720876047
0.5714464318303945,-0.5670806131528003,0.04762619516152833,0.41007348245259506,-0.35310486825846554,-0.06656997169137523,-0.008402806720876047
-0.47376741407728135,0.16441295023111924,0.5051170524418498,-0.37168951599449285,0.19293895929778762,-0.06656997169137523,-0.008402806720876047
0.5714464318303945,-0.3037429303345897,-0.20971241205865185,-0.12152535649142451,0.19293895929778762,-0.06656997169137523,-0.008402806720876047
0.8248316065958918,-0.06966499005173525,0.04762619516152833,0.12863880301164385,-0.35310486825846554,-0.2956843570199745,-0.1957675182842199
0.31806125706489713,-0.3037429303345897,0.27637162380168906,0.41007348245259506,-1.7864699155936286,0.6494124824604968,0.1789619048424678
0.033002935453713314,0.16441295023111924,0.04762619516152833,0.6602376419556635,0.5000886122981792,0.42029809713189753,0.1789619048424678
-0.22038223931178402,0.16441295023111924,0.04762619516152833,0.12863880301164385,-0.35310486825846554,0.16254441363722402,-0.008402806720876047
0.5714464318303945,-0.8011585534356549,-0.20971241205865185,-0.37168951599449285,-0.08008295448033896,0.878526867789096,-0.008402806720876047
0.5714464318303945,-0.06966499005173525,0.9912010883021907,-0.9032883549385124,-0.6602545212588572,0.16254441363722402,-0.1957675182842199
0.033002935453713314,-0.06966499005173525,0.04762619516152833,0.12863880301164385,0.5000886122981792,-0.2956843570199745,-0.1957675182842199
-0.22038223931178402,0.16441295023111924,0.27637162380168906,-0.12152535649142451,-0.35310486825846554,-0.06656997169137523,0.1789619048424678
0.31806125706489713,0.16441295023111924,0.5051170524418498,0.6602376419556635,0.5000886122981792,-1.985402948818392,-0.008402806720876047
-0.7588257356884651,-0.3037429303345897,0.5051170524418498,-0.37168951599449285,0.5000886122981792,-0.06656997169137523,0.38974720535122914
0.033002935453713314,-0.06966499005173525,-0.20971241205865185,0.6602376419556635,-0.08008295448033896,-0.06656997169137523,-0.1957675182842199
-0.22038223931178402,-0.06966499005173525,0.27637162380168906,-0.12152535649142451,0.19293895929778762,-0.06656997169137523,-0.1957675182842199
0.8248316065958918,0.6618285733321844,-0.43845784069881255,-0.12152535649142451,-0.35310486825846554,-0.553438040514648,-0.1957675182842199
0.033002935453713314,0.16441295023111924,-0.20971241205865185,-0.12152535649142451,-0.08008295448033896,-0.06656997169137523,-0.008402806720876047
-0.22038223931178402,-0.06966499005173525,-0.20971241205865185,-0.12152535649142451,0.5000886122981792,-0.06656997169137523,-0.008402806720876047
-0.22038223931178402,0.8959065136150388,0.27637162380168906,0.6602376419556635,-0.6602545212588572,-0.2956843570199745,0.7644766284779169
-0.7588257356884651,-0.06966499005173525,0.27637162380168906,-0.12152535649142451,0.5000886122981792,-0.06656997169137523,-0.008402806720876047
0.31806125706489713,-0.3037429303345897,-0.20971241205865185,0.12863880301164385,-0.08008295448033896,-0.06656997169137523,-0.008402806720876047
0.5714464318303945,-1.5326521168195744,0.04762619516152833,0.12863880301164385,0.19293895929778762,0.16254441363722402,0.1789619048424678
-0.47376741407728135,0.16441295023111924,0.27637162380168906,0.41007348245259506,-0.9332764350369838,-0.06656997169137523,0.1789619048424678
-0.47376741407728135,-0.06966499005173525,0.7624556596620299,-0.6531241954354441,-0.35310486825846554,0.42029809713189753,-0.008402806720876047
0.8248316065958918,-0.3037429303345897,-0.20971241205865185,0.41007348245259506,-0.35310486825846554,-0.06656997169137523,-0.4065528187929812
-0.22038223931178402,-0.06966499005173525,0.04762619516152833,-0.37168951599449285,0.19293895929778762,0.16254441363722402,-0.008402806720876047
0.8248316065958918,0.42775063304932986,-0.6672032693389732,-0.6531241954354441,-0.08008295448033896,0.42029809713189753,-0.4065528187929812
-0.22038223931178402,0.16441295023111924,0.27637162380168906,-0.12152535649142451,-0.35310486825846554,-0.2956843570199745,0.1789619048424678
0.31806125706489713,-0.06966499005173525,-0.20971241205865185,0.41007348245259506,-0.08008295448033896,-0.553438040514648,-0.008402806720876047
1.1098899282070755,-0.06966499005173525,-0.20971241205865185,0.12863880301164385,-0.9332764350369838,-0.2956843570199745,-0.008402806720876047
0.31806125706489713,-0.5670806131528003,-0.20971241205865185,-0.6531241954354441,-0.08008295448033896,0.878526867789096,-0.008402806720876047
0.31806125706489713,-0.3037429303345897,-0.20971241205865185,0.41007348245259506,-0.08008295448033896,-0.06656997169137523,-0.1957675182842199
0.31806125706489713,-0.06966499005173525,-0.20971241205865185,-0.12152535649142451,-0.9332764350369838,0.42029809713189753,0.1789619048424678
-0.7588257356884651,-0.3037429303345897,-0.20971241205865185,0.6602376419556635,-0.35310486825846554,0.42029809713189753,0.1789619048424678
0.5714464318303945,0.16441295023111924,0.7624556596620299,0.41007348245259506,0.19293895929778762,0.16254441363722402,-0.4065528187929812
-0.47376741407728135,0.42775063304932986,-0.6672032693389732,0.12863880301164385,0.19293895929778762,-0.06656997169137523,-0.008402806720876047
0.033002935453713314,-0.06966499005173525,-0.20971241205865185,0.6602376419556635,-0.6602545212588572,-0.06656997169137523,-0.1957675182842199
0.31806125706489713,0.16441295023111924,-0.43845784069881255,0.41007348245259506,-0.35310486825846554,-0.553438040514648,-0.008402806720876047
0.033002935453713314,-0.06966499005173525,-0.43845784069881255,0.41007348245259506,-0.08008295448033896,-0.06656997169137523,-0.1957675182842199
-0.22038223931178402,-0.3037429303345897,-0.9245418765591534,0.6602376419556635,0.5000886122981792,-0.06656997169137523,-0.008402806720876047
-7.885283775968071,0.6618285733321844,1.2199465169423513,0.6602376419556635,1.0461324398544325,1.594509321940968,1.3499913521133657
0.31806125706489713,-0.3037429303345897,0.04762619516152833,-0.12152535649142451,-0.35310486825846554,-0.2956843570199745,0.1789619048424678
-0.47376741407728135,-0.06966499005173525,-0.20971241205865185,-0.12152535649142451,-0.9332764350369838,-0.2956843570199745,1.162626640550022
0.31806125706489713,-0.8011585534356549,0.04762619516152833,-0.37168951599449285,0.5000886122981792,-0.2956843570199745,0.1789619048424678
-1.2655960852194599,0.8959065136150388,-0.20971241205865185,-0.12152535649142451,0.7731105260763058,-0.2956843570199745,-0.1957675182842199
-0.22038223931178402,-0.06966499005173525,0.27637162380168906,0.41007348245259506,-0.35310486825846554,-0.06656997169137523,-0.4065528187929812
-0.47376741407728135,-0.06966499005173525,0.04762619516152833,0.12863880301164385,-0.35310486825846554,-0.06656997169137523,0.1789619048424678
0.033002935453713314,0.42775063304932986,-0.20971241205865185,-0.12152535649142451,-0.08008295448033896,-0.2956843570199745,-0.1957675182842199
0.033002935453713314,0.16441295023111924,0.5051170524418498,0.6602376419556635,-0.08008295448033896,0.16254441363722402,-0.008402806720876047
-1.0122109104539625,-0.5670806131528003,-0.43845784069881255,-0.12152535649142451,-0.35310486825846554,-0.06656997169137523,1.5607766526221272
-0.22038223931178402,0.16441295023111924,0.27637162380168906,1.191836480899683,-0.35310486825846554,0.42029809713189753,-0.008402806720876047
-1.0122109104539625,0.42775063304932986,0.04762619516152833,-1.1534525144415808,0.7731105260763058,-0.06656997169137523,0.38974720535122914
0.31806125706489713,-0.3037429303345897,-0.20971241205865185,-0.12152535649142451,0.19293895929778762,-0.06656997169137523,-0.1957675182842199
-0.22038223931178402,-0.3037429303345897,0.04762619516152833,0.41007348245259506,-0.35310486825846554,0.16254441363722402,-0.1957675182842199
-0.47376741407728135,0.16441295023111924,0.27637162380168906,-0.37168951599449285,0.19293895929778762,-0.06656997169137523,-0.1957675182842199
-0.47376741407728135,0.16441295023111924,-0.20971241205865185,0.12863880301164385,-0.08008295448033896,-0.06656997169137523,-0.008402806720876047
0.5714464318303945,-0.5670806131528003,-0.43845784069881255,0.12863880301164385,0.19293895929778762,-0.553438040514648,0.1789619048424678
-0.22038223931178402,0.16441295023111924,-0.20971241205865185,-0.12152535649142451,-0.08008295448033896,-0.06656997169137523,-0.008402806720876047
0.033002935453713314,0.16441295023111924,-0.6672032693389732,-0.12152535649142451,-0.08008295448033896,-0.06656997169137523,0.1789619048424678
0.033002935453713314,-0.5670806131528003,-0.20971241205865185,0.12863880301164385,-0.08008295448033896,-0.06656997169137523,0.1789619048424678
0.31806125706489713,0.16441295023111924,-0.20971241205865185,-0.37168951599449285,0.19293895929778762,-0.553438040514648,-0.008402806720876047
0.8248316065958918,-0.06966499005173525,0.04762619516152833,0.41007348245259506,-1.2062983488151104,-0.553438040514648,-0.008402806720876047
0.31806125706489713,-0.5670806131528003,-0.43845784069881255,-0.37168951599449285,-0.08008295448033896,0.42029809713189753,0.1789619048424678
0.5714464318303945,-0.06966499005173525,0.04762619516152833,-0.37168951599449285,-0.08008295448033896,-0.2956843570199745,-0.1957675182842199
-0.7588257356884651,0.16441295023111924,-0.6672032693389732,0.12863880301164385,-0.35310486825846554,0.16254441363722402,0.577111916914573
0.033002935453713314,-0.8011585534356549,0.04762619516152833,-0.9032883549385124,0.19293895929778762,0.878526867789096,-0.008402806720876047
-0.22038223931178402,0.16441295023111924,-0.20971241205865185,-0.12152535649142451,-0.35310486825846554,-0.2956843570199745,0.1789619048424678
-0.7588257356884651,-0.06966499005173525,0.27637162380168906,-0.6531241954354441,-0.08008295448033896,-0.06656997169137523,0.38974720535122914
-0.47376741407728135,-0.3037429303345897,0.04762619516152833,-0.12152535649142451,-0.08008295448033896,0.16254441363722402,-0.008402806720876047
-0.22038223931178402,-0.06966499005173525,0.04762619516152833,-0.12152535649142451,-0.35310486825846554,-0.06656997169137523,-0.008402806720876047
0.5714464318303945,-0.06966499005173525,-0.43845784069881255,-0.9032883549385124,-0.35310486825846554,0.42029809713189753,-0.008402806720876047
0.5714464318303945,-0.5670806131528003,0.27637162380168906,-0.12152535649142451,-0.6602545212588572,0.16254441363722402,-0.4065528187929812
-0.22038223931178402,0.16441295023111924,0.04762619516152833,-0.12152535649142451,-0.35310486825846554,-0.2956843570199745,-0.008402806720876047
2.1551037741147514,0.8959065136150388,-0.43845784069881255,2.4739277983529075,2.2064755734114687,1.594509321940968,0.577111916914573
-0.47376741407728135,-0.06966499005173525,0.27637162380168906,-0.37168951599449285,-0.08008295448033896,0.16254441363722402,-0.1957675182842199
-0.22038223931178402,-0.3037429303345897,-0.6672032693389732,0.9104018014587318,-0.08008295448033896,-0.06656997169137523,-0.1957675182842199
-0.7588257356884651,0.16441295023111924,0.04762619516152833,0.12863880301164385,-0.6602545212588572,-0.06656997169137523,0.1789619048424678
0.5714464318303945,1.6274000769989585,0.7624556596620299,1.6921647999058198,1.8993259204110773,1.3653949366123688,1.162626640550022
0.033002935453713314,0.42775063304932986,0.27637162380168906,0.12863880301164385,0.7731105260763058,-0.06656997169137523,-0.1957675182842199
-0.7588257356884651,0.16441295023111924,0.04762619516152833,-0.12152535649142451,-0.08008295448033896,-0.06656997169137523,-0.008402806720876047
-0.47376741407728135,-0.5670806131528003,0.27637162380168906,-1.1534525144415808,-1.513448001815502,2.31049177609284,-0.008402806720876047
-0.22038223931178402,-0.06966499005173525,0.27637162380168906,-0.12152535649142451,-0.08008295448033896,-0.06656997169137523,-0.4065528187929812
-0.22038223931178402,-0.06966499005173525,0.27637162380168906,-0.12152535649142451,-0.08008295448033896,-0.06656997169137523,-0.4065528187929812
-0.22038223931178402,-0.3037429303345897,0.5051170524418498,-0.12152535649142451,-0.08008295448033896,0.16254441363722402,-0.5939175303563251
-0.22038223931178402,-0.3037429303345897,0.27637162380168906,-0.12152535649142451,-0.08008295448033896,0.16254441363722402,-0.4065528187929812
0.31806125706489713,-0.06966499005173525,0.04762619516152833,-0.12152535649142451,-0.35310486825846554,-0.2956843570199745,-0.1957675182842199
1.1098899282070755,0.16441295023111924,-0.43845784069881255,0.6602376419556635,1.3532820928548241,0.16254441363722402,0.38974720535122914
0.31806125706489713,-0.06966499005173525,-0.20971241205865185,0.41007348245259506,-0.08008295448033896,-0.553438040514648,-0.4065528187929812
0.033002935453713314,0.42775063304932986,0.5051170524418498,-0.6531241954354441,-1.7864699155936286,0.16254441363722402,0.1789619048424678
0.31806125706489713,0.16441295023111924,0.27637162380168906,0.12863880301164385,-0.08008295448033896,-0.06656997169137523,-1.179432253991774
-0.22038223931178402,0.42775063304932986,-0.20971241205865185,-0.12152535649142451,-0.6602545212588572,-0.06656997169137523,-0.008402806720876047
0.033002935453713314,-0.06966499005173525,0.04762619516152833,-0.12152535649142451,-0.08008295448033896,-0.2956843570199745,-0.1957675182842199
1.363275102972573,0.6618285733321844,-0.20971241205865185,-0.6531241954354441,-1.513448001815502,0.42029809713189753,0.7644766284779169
0.033002935453713314,0.16441295023111924,-0.43845784069881255,0.12863880301164385,-0.35310486825846554,-0.06656997169137523,-0.1957675182842199
0.8248316065958918,0.16441295023111924,-0.20971241205865185,-0.9032883549385124,0.19293895929778762,-0.2956843570199745,-0.4065528187929812
0.033002935453713314,-0.06966499005173525,-0.43845784069881255,-0.37168951599449285,0.5000886122981792,-0.553438040514648,-0.008402806720876047
-1.804039581596141,-1.29857417653672,-1.1532873051993142,-1.1534525144415808,-1.7864699155936286,-1.4985348799951193,5.846744429633614
0.31806125706489713,-0.06966499005173525,-0.43845784069881255,0.41007348245259506,-0.35310486825846554,-0.2956843570199745,-0.4065528187929812
-0.47376741407728135,0.42775063304932986,0.27637162380168906,-1.434887193882532,-0.08008295448033896,-0.2956843570199745,0.38974720535122914
0.033002935453713314,0.42775063304932986,0.27637162380168906,0.41007348245259506,1.0461324398544325,2.5682454595875135,0.1789619048424678
0.033002935453713314,-0.06966499005173525,0.04762619516152833,0.12863880301164385,-0.35310486825846554,-0.2956843570199745,-0.4065528187929812
0.033002935453713314,-0.3037429303345897,-0.20971241205865185,-0.37168951599449285,0.19293895929778762,-0.06656997169137523,-0.1957675182842199
0.5714464318303945,0.16441295023111924,0.04762619516152833,-0.37168951599449285,-0.6602545212588572,-0.553438040514648,-0.1957675182842199
-0.22038223931178402,-0.06966499005173525,0.27637162380168906,-0.12152535649142451,-0.08008295448033896,-0.06656997169137523,-0.5939175303563251
0.033002935453713314,0.16441295023111924,0.04762619516152833,-0.37168951599449285,-0.35310486825846554,-0.2956843570199745,-0.1957675182842199
-0.7588257356884651,-0.3037429303345897,0.27637162380168906,0.41007348245259506,-0.08008295448033896,-0.2956843570199745,-0.1957675182842199
0.033002935453713314,0.16441295023111924,0.27637162380168906,-1.1534525144415808,-0.35310486825846554,-0.2956843570199745,0.1789619048424678
-0.22038223931178402,-0.06966499005173525,-0.20971241205865185,0.12863880301164385,0.5000886122981792,-0.553438040514648,-0.4065528187929812
-0.22038223931178402,0.16441295023111924,0.04762619516152833,0.41007348245259506,-0.6602545212588572,-0.2956843570199745,-0.4065528187929812
0.31806125706489713,0.16441295023111924,-0.20971241205865185,-0.12152535649142451,-0.35310486825846554,-0.2956843570199745,-0.4065528187929812
0.5714464318303945,-0.5670806131528003,-0.20971241205865185,-0.12152535649142451,-0.08008295448033896,-0.06656997169137523,-0.4065528187929812
-0.7588257356884651,0.16441295023111924,0.04762619516152833,0.41007348245259506,-0.6602545212588572,-0.06656997169137523,-0.1957675182842199
-0.47376741407728135,-0.06966499005173525,0.04762619516152833,0.12863880301164385,-0.35310486825846554,-0.06656997169137523,-0.1957675182842199
-0.22038223931178402,-0.3037429303345897,0.7624556596620299,-0.6531241954354441,0.19293895929778762,-0.553438040514648,-0.1957675182842199
0.31806125706489713,-0.5670806131528003,-0.20971241205865185,-0.6531241954354441,-0.08008295448033896,-0.06656997169137523,0.1789619048424678
0.31806125706489713,0.16441295023111924,0.04762619516152833,-1.6850513533856004,-0.08008295448033896,0.16254441363722402,-0.008402806720876047
-1.2655960852194599,-0.8011585534356549,0.5051170524418498,-0.9032883549385124,0.19293895929778762,0.42029809713189753,0.577111916914573
-0.47376741407728135,-0.3037429303345897,0.27637162380168906,-0.37168951599449285,-0.35310486825846554,-0.06656997169137523,-0.008402806720876047
-0.22038223931178402,-0.06966499005173525,-0.6672032693389732,-0.37168951599449285,-0.08008295448033896,-0.06656997169137523,0.1789619048424678
-0.22038223931178402,-0.06966499005173525,-0.20971241205865185,-0.37168951599449285,-0.08008295448033896,-0.2956843570199745,-0.008402806720876047
0.033002935453713314,-0.3037429303345897,0.04762619516152833,-0.6531241954354441,-0.08008295448033896,-0.2956843570199745,-0.008402806720876047
-0.47376741407728135,-0.3037429303345897,0.04762619516152833,-0.12152535649142451,-0.08008295448033896,-0.553438040514648,0.1789619048424678
-2.0574247563616384,0.16441295023111924,0.04762619516152833,-0.6531241954354441,1.0461324398544325,-0.06656997169137523,0.1789619048424678
-0.47376741407728135,-0.3037429303345897,-0.6672032693389732,0.6602376419556635,-0.9332764350369838,0.42029809713189753,-0.008402806720876047
0.31806125706489713,-0.06966499005173525,-0.43845784069881255,-0.37168951599449285,0.19293895929778762,-0.2956843570199745,-0.4065528187929812
-0.47376741407728135,-0.3037429303345897,0.27637162380168906,-0.12152535649142451,-0.35310486825846554,-0.06656997169137523,-0.1957675182842199
0.033002935453713314,-0.06966499005173525,0.04762619516152833,-0.9032883549385124,-0.08008295448033896,-0.2956843570199745,-0.008402806720876047
0.5714464318303945,-0.3037429303345897,0.04762619516152833,0.12863880301164385,-0.6602545212588572,-0.2956843570199745,-0.5939175303563251
-0.47376741407728135,-0.5670806131528003,-0.6672032693389732,-0.37168951599449285,-0.6602545212588572,1.8522630054356417,-0.4065528187929812
-0.22038223931178402,-0.06966499005173525,-0.20971241205865185,-0.37168951599449285,-0.08008295448033896,-0.2956843570199745,-0.008402806720876047
-0.22038223931178402,-0.06966499005173525,0.27637162380168906,-0.12152535649142451,-0.08008295448033896,-0.06656997169137523,-0.7812822419196689
0.31806125706489713,-0.06966499005173525,0.27637162380168906,-1.1534525144415808,-1.2062983488151104,0.16254441363722402,0.1789619048424678
-0.7588257356884651,-0.8011585534356549,-0.43845784069881255,0.12863880301164385,0.7731105260763058,-0.06656997169137523,-0.008402806720876047
-0.22038223931178402,0.42775063304932986,-1.1532873051993142,-0.12152535649142451,-0.6602545212588572,-0.06656997169137523,0.38974720535122914
-1.0122109104539625,0.6618285733321844,-1.1532873051993142,0.6602376419556635,2.2064755734114687,0.6494124824604968,-0.7812822419196689
-0.22038223931178402,0.16441295023111924,-0.43845784069881255,-0.12152535649142451,-0.08008295448033896,-0.553438040514648,-0.008402806720876047
-1.804039581596141,0.42775063304932986,0.27637162380168906,-0.12152535649142451,-0.35310486825846554,-0.06656997169137523,0.1789619048424678
0.033002935453713314,0.42775063304932986,0.04762619516152833,-1.1534525144415808,-1.2062983488151104,0.6494124824604968,-0.1957675182842199
-0.22038223931178402,-0.06966499005173525,0.04762619516152833,-0.37168951599449285,-0.08008295448033896,-0.2956843570199745,-0.4065528187929812
0.5714464318303945,0.16441295023111924,0.04762619516152833,0.41007348245259506,1.0461324398544325,0.16254441363722402,0.1789619048424678
-0.47376741407728135,0.16441295023111924,0.04762619516152833,-0.12152535649142451,-0.35310486825846554,-0.7825524258432472,-0.008402806720876047
-1.0122109104539625,-0.8011585534356549,0.5051170524418498,0.12863880301164385,-0.9332764350369838,1.1362805512837695,-0.5939175303563251
0.5714464318303945,-0.3037429303345897,0.04762619516152833,-0.9032883549385124,-1.2062983488151104,-0.2956843570199745,0.38974720535122914
-0.47376741407728135,-0.5670806131528003,0.04762619516152833,-0.37168951599449285,-0.08008295448033896,0.16254441363722402,-0.1957675182842199
-0.47376741407728135,-0.06966499005173525,0.27637162380168906,-0.6531241954354441,-0.6602545212588572,-0.06656997169137523,-0.008402806720876047
-0.22038223931178402,-0.3037429303345897,0.04762619516152833,-0.37168951599449285,0.5000886122981792,-0.2956843570199745,-0.5939175303563251
0.033002935453713314,-0.5670806131528003,-0.20971241205865185,-0.6531241954354441,-0.08008295448033896,0.42029809713189753,-0.4065528187929812
-1.0122109104539625,0.16441295023111924,0.5051170524418498,-0.9032883549385124,-0.08008295448033896,-0.2956843570199745,-0.008402806720876047
-0.47376741407728135,0.16441295023111924,0.27637162380168906,-0.6531241954354441,-0.35310486825846554,-0.2956843570199745,-0.1957675182842199
-0.22038223931178402,-0.3037429303345897,0.04762619516152833,-0.12152535649142451,-0.9332764350369838,-0.06656997169137523,-0.008402806720876047
0.31806125706489713,-0.06966499005173525,-0.43845784069881255,0.12863880301164385,-0.35310486825846554,-0.553438040514648,-0.4065528187929812
0.31806125706489713,1.393322136716104,-0.6672032693389732,-1.434887193882532,0.5000886122981792,-1.26942049466652,-0.1957675182842199
0.033002935453713314,-0.3037429303345897,-0.43845784069881255,0.6602376419556635,-0.6602545212588572,-0.2956843570199745,-0.4065528187929812
-0.7588257356884651,-0.06966499005173525,-0.20971241205865185,0.12863880301164385,-1.513448001815502,0.878526867789096,-0.1957675182842199
0.31806125706489713,-0.3037429303345897,0.7624556596620299,-0.6531241954354441,-0.9332764350369838,0.16254441363722402,-0.7812822419196689
-0.22038223931178402,-0.06966499005173525,-0.6672032693389732,-0.12152535649142451,-0.08008295448033896,-0.2956843570199745,-0.1957675182842199
-0.22038223931178402,-0.06966499005173525,-0.43845784069881255,-0.6531241954354441,-0.35310486825846554,-0.06656997169137523,-0.008402806720876047
-0.22038223931178402,-0.5670806131528003,0.04762619516152833,-0.12152535649142451,-0.6602545212588572,-0.2956843570199745,-0.008402806720876047
0.31806125706489713,-0.5670806131528003,-0.20971241205865185,-0.37168951599449285,-0.35310486825846554,-0.2956843570199745,-0.1957675182842199
-0.47376741407728135,-0.06966499005173525,-0.43845784069881255,-0.6531241954354441,-0.08008295448033896,-0.06656997169137523,-0.008402806720876047
-0.47376741407728135,-0.3037429303345897,-0.20971241205865185,0.12863880301164385,-0.6602545212588572,-0.2956843570199745,-0.008402806720876047
-0.22038223931178402,-0.3037429303345897,-0.20971241205865185,0.12863880301164385,-0.6602545212588572,-0.06656997169137523,-0.4065528187929812
-0.7588257356884651,-0.06966499005173525,-0.6672032693389732,-0.37168951599449285,-0.08008295448033896,-0.553438040514648,0.577111916914573
0.033002935453713314,-0.06966499005173525,0.04762619516152833,-0.37168951599449285,-0.6602545212588572,-0.2956843570199745,-0.4065528187929812
-0.22038223931178402,-0.8011585534356549,-0.20971241205865185,-0.6531241954354441,0.7731105260763058,-0.06656997169137523,-0.4065528187929812
-0.7588257356884651,-0.5670806131528003,-0.20971241205865185,-0.12152535649142451,-0.08008295448033896,0.878526867789096,-0.7812822419196689
-0.7588257356884651,-0.5670806131528003,0.5051170524418498,-0.12152535649142451,-0.08008295448033896,0.16254441363722402,-0.7812822419196689
-0.47376741407728135,0.16441295023111924,-0.20971241205865185,-0.37168951599449285,1.6263040066329506,-0.06656997169137523,-0.1957675182842199
-0.7588257356884651,0.42775063304932986,0.04762619516152833,-1.1534525144415808,-0.6602545212588572,-0.2956843570199745,0.38974720535122914
0.31806125706489713,-0.5670806131528003,-0.43845784069881255,-0.12152535649142451,-0.35310486825846554,-0.2956843570199745,-0.1957675182842199
-0.47376741407728135,-0.06966499005173525,-0.20971241205865185,-0.12152535649142451,-0.6602545212588572,-0.06656997169137523,-0.1957675182842199
-0.47376741407728135,-0.06966499005173525,-0.43845784069881255,-0.12152535649142451,-0.08008295448033896,-0.2956843570199745,-0.1957675182842199
-0.7588257356884651,-0.5670806131528003,-0.20971241205865185,-0.12152535649142451,0.5000886122981792,0.42029809713189753,-0.7812822419196689
0.033002935453713314,-0.06966499005173525,-0.6672032693389732,-0.12152535649142451,-0.08008295448033896,-0.2956843570199745,-0.4065528187929812
0.5714464318303945,-0.5670806131528003,-0.20971241205865185,-0.37168951599449285,0.7731105260763058,0.42029809713189753,-0.1957675182842199
-0.7588257356884651,-1.5326521168195744,-0.9245418765591534,-0.37168951599449285,-0.08008295448033896,0.42029809713189753,1.162626640550022
0.033002935453713314,-0.06966499005173525,-0.43845784069881255,0.12863880301164385,0.19293895929778762,-0.06656997169137523,0.1789619048424678
-0.22038223931178402,-0.06966499005173525,-0.43845784069881255,-0.37168951599449285,-0.35310486825846554,-0.2956843570199745,-0.1957675182842199
0.033002935453713314,-0.06966499005173525,-0.43845784069881255,-0.6531241954354441,-0.35310486825846554,-0.06656997169137523,-0.4065528187929812
-0.47376741407728135,-0.5670806131528003,-0.20971241205865185,-0.12152535649142451,-0.08008295448033896,-0.553438040514648,-0.008402806720876047
0.31806125706489713,0.16441295023111924,-0.20971241205865185,-0.12152535649142451,-0.08008295448033896,0.42029809713189753,-0.4065528187929812
0.033002935453713314,0.16441295023111924,-0.6672032693389732,0.9104018014587318,-1.2062983488151104,-0.553438040514648,-0.5939175303563251
-0.7588257356884651,-0.5670806131528003,-0.20971241205865185,-0.37168951599449285,-0.08008295448033896,0.16254441363722402,-0.1957675182842199
0.033002935453713314,-0.3037429303345897,-0.43845784069881255,-1.1534525144415808,-0.08008295448033896,0.42029809713189753,-0.4065528187929812
0.31806125706489713,-1.29857417653672,0.04762619516152833,-0.6531241954354441,0.7731105260763058,-0.2956843570199745,-0.5939175303563251
-0.47376741407728135,-0.5670806131528003,-0.20971241205865185,0.12863880301164385,-0.6602545212588572,-0.06656997169137523,-0.1957675182842199
-0.22038223931178402,-0.06966499005173525,0.04762619516152833,-0.9032883549385124,-0.08008295448033896,-0.06656997169137523,-0.5939175303563251
0.033002935453713314,-0.06966499005173525,-0.43845784069881255,0.12863880301164385,-0.08008295448033896,-0.7825524258432472,-0.5939175303563251
-0.22038223931178402,-0.06966499005173525,-0.43845784069881255,-0.9032883549385124,-0.08008295448033896,-0.06656997169137523,-0.1957675182842199
-0.22038223931178402,-0.3037429303345897,-0.43845784069881255,-0.12152535649142451,-0.6602545212588572,-0.553438040514648,0.1789619048424678
-0.7588257356884651,0.16441295023111924,-0.6672032693389732,0.12863880301164385,-0.35310486825846554,-0.553438040514648,-0.008402806720876047
0.31806125706489713,-0.3037429303345897,-0.20971241205865185,0.9104018014587318,-0.08008295448033896,-0.06656997169137523,-0.4065528187929812
-0.47376741407728135,0.16441295023111924,-0.43845784069881255,-0.12152535649142451,-0.6602545212588572,-0.06656997169137523,-0.4065528187929812
0.31806125706489713,-0.5670806131528003,-0.20971241205865185,0.12863880301164385,-0.6602545212588572,-0.553438040514648,-0.4065528187929812
-0.47376741407728135,-0.06966499005173525,-0.43845784069881255,-0.12152535649142451,-0.6602545212588572,-0.2956843570199745,-0.1957675182842199
-1.0122109104539625,-0.5670806131528003,0.27637162380168906,-0.6531241954354441,0.5000886122981792,-0.2956843570199745,-0.4065528187929812
-0.47376741407728135,-0.06966499005173525,0.04762619516152833,-0.12152535649142451,-0.35310486825846554,-0.7825524258432472,-0.4065528187929812
0.5714464318303945,0.8959065136150388,0.5051170524418498,0.6602376419556635,1.3532820928548241,0.878526867789096,-5.465400031003261
0.033002935453713314,-0.06966499005173525,-0.20971241205865185,-0.37168951599449285,0.19293895929778762,-0.7825524258432472,-0.7812822419196689
-1.2655960852194599,0.16441295023111924,-1.639371341059655,-0.12152535649142451,0.7731105260763058,-0.7825524258432472,0.577111916914573
0.033002935453713314,-1.5326521168195744,-1.382032733839475,-1.9352155128886688,0.5000886122981792,-0.06656997169137523,1.748141364185471
-0.7588257356884651,0.16441295023111924,0.27637162380168906,-0.37168951599449285,-0.6602545212588572,-0.553438040514648,-0.4065528187929812
0.033002935453713314,-0.06966499005173525,-0.20971241205865185,-0.12152535649142451,-1.2062983488151104,-0.553438040514648,-0.1957675182842199
-0.22038223931178402,-0.06966499005173525,-0.20971241205865185,-0.12152535649142451,-0.35310486825846554,-0.7825524258432472,-0.4065528187929812
0.31806125706489713,-0.06966499005173525,0.27637162380168906,-0.9032883549385124,-1.513448001815502,-0.2956843570199745,-0.1957675182842199
0.31806125706489713,-0.5670806131528003,-0.6672032693389732,-0.9032883549385124,0.7731105260763058,-0.553438040514648,-0.4065528187929812
-0.47376741407728135,-0.3037429303345897,0.04762619516152833,-0.6531241954354441,-0.35310486825846554,-0.2956843570199745,-0.1957675182842199
0.033002935453713314,-0.3037429303345897,-0.20971241205865185,-0.6531241954354441,-0.6602545212588572,-0.2956843570199745,-0.1957675182842199
-0.7588257356884651,0.16441295023111924,-0.43845784069881255,-1.1534525144415808,1.0461324398544325,-0.553438040514648,-0.4065528187929812
-0.22038223931178402,-0.06966499005173525,-0.20971241205865185,-0.6531241954354441,-0.6602545212588572,-0.553438040514648,-0.008402806720876047
-0.47376741407728135,-0.3037429303345897,-0.43845784069881255,-0.12152535649142451,-0.6602545212588572,-0.2956843570199745,-0.008402806720876047
-0.22038223931178402,-0.06966499005173525,-1.1532873051993142,-0.37168951599449285,-0.08008295448033896,0.16254441363722402,-0.4065528187929812
0.8248316065958918,0.8959065136150388,1.2199465169423513,1.4420006404027514,1.0461324398544325,0.878526867789096,1.162626640550022
0.5714464318303945,0.6618285733321844,0.27637162380168906,-0.37168951599449285,1.0461324398544325,0.6494124824604968,0.7644766284779169
0.8248316065958918,0.42775063304932986,-0.20971241205865185,-0.6531241954354441,0.5000886122981792,0.878526867789096,-0.008402806720876047
0.8248316065958918,-0.5670806131528003,-0.43845784069881255,0.12863880301164385,-0.9332764350369838,-0.553438040514648,-0.5939175303563251
-0.7588257356884651,-0.5670806131528003,-0.43845784069881255,-0.12152535649142451,-0.08008295448033896,-0.06656997169137523,-0.1957675182842199
-0.7588257356884651,0.42775063304932986,-0.43845784069881255,-0.12152535649142451,-0.08008295448033896,-0.7825524258432472,-0.4065528187929812
0.033002935453713314,-0.06966499005173525,-0.6672032693389732,0.12863880301164385,-0.6602545212588572,-0.553438040514648,-0.4065528187929812
-1.0122109104539625,0.16441295023111924,1.2199465169423513,0.41007348245259506,0.7731105260763058,0.6494124824604968,-0.4065528187929812
-0.22038223931178402,-0.06966499005173525,-0.43845784069881255,-0.37168951599449285,-0.35310486825846554,-0.553438040514648,-0.4065528187929812
-1.804039581596141,-1.29857417653672,-0.20971241205865185,-0.12152535649142451,-0.08008295448033896,-0.553438040514648,1.162626640550022
-0.47376741407728135,-0.3037429303345897,0.04762619516152833,-0.37168951599449285,-0.6602545212588572,-0.553438040514648,-0.1957675182842199
-1.2655960852194599,-0.8011585534356549,-0.6672032693389732,-0.9032883549385124,-0.35310486825846554,2.0813773907642408,-0.5939175303563251
-0.22038223931178402,-0.06966499005173525,-0.20971241205865185,-0.37168951599449285,-0.9332764350369838,-0.7825524258432472,-0.008402806720876047
-0.47376741407728135,-0.06966499005173525,-0.6672032693389732,0.41007348245259506,-0.6602545212588572,-0.2956843570199745,-0.5939175303563251
-0.47376741407728135,-0.06966499005173525,-0.20971241205865185,0.12863880301164385,-0.6602545212588572,-0.553438040514648,-0.5939175303563251
-0.7588257356884651,-0.3037429303345897,-0.20971241205865185,0.41007348245259506,-0.35310486825846554,-0.7825524258432472,-0.4065528187929812
-0.22038223931178402,-0.3037429303345897,-0.43845784069881255,-0.6531241954354441,0.5000886122981792,-0.7825524258432472,-0.4065528187929812
-0.7588257356884651,-0.3037429303345897,-0.20971241205865185,-0.6531241954354441,-0.08008295448033896,0.42029809713189753,-0.7812822419196689
-0.47376741407728135,0.16441295023111924,-1.382032733839475,-1.434887193882532,-0.9332764350369838,1.3653949366123688,-0.008402806720876047
-0.47376741407728135,-0.06966499005173525,-0.43845784069881255,-0.12152535649142451,-0.08008295448033896,-0.7825524258432472,-0.5939175303563251
-0.47376741407728135,-0.3037429303345897,-0.9245418765591534,-0.37168951599449285,-0.6602545212588572,-0.2956843570199745,0.1789619048424678
-0.47376741407728135,-0.5670806131528003,-0.6672032693389732,0.41007348245259506,-0.6602545212588572,-0.2956843570199745,-0.4065528187929812
0.033002935453713314,-0.06966499005173525,-0.20971241205865185,-0.6531241954354441,-0.35310486825846554,-0.7825524258432472,-0.5939175303563251
-1.2655960852194599,-0.5670806131528003,-0.20971241205865185,-0.37168951599449285,-0.08008295448033896,-0.553438040514648,0.1789619048424678
0.033002935453713314,-0.06966499005173525,-0.43845784069881255,-0.9032883549385124,-0.08008295448033896,-0.7825524258432472,-0.4065528187929812
0.5714464318303945,0.6618285733321844,0.9912010883021907,0.41007348245259506,-7.758824279490143,0.878526867789096,0.38974720535122914
-1.0122109104539625,0.6618285733321844,-1.382032733839475,-0.37168951599449285,-0.08008295448033896,0.16254441363722402,-0.5939175303563251
-0.47376741407728135,-0.5670806131528003,-0.43845784069881255,-0.37168951599449285,-0.08008295448033896,-0.2956843570199745,-0.4065528187929812
-0.7588257356884651,-0.5670806131528003,0.27637162380168906,-0.9032883549385124,-0.35310486825846554,-0.553438040514648,-0.008402806720876047
-1.0122109104539625,-0.3037429303345897,-0.43845784069881255,-0.12152535649142451,-0.08008295448033896,-0.2956843570199745,-0.4065528187929812
-1.2655960852194599,-0.3037429303345897,-0.20971241205865185,-0.37168951599449285,-0.6602545212588572,-0.2956843570199745,0.1789619048424678
-0.22038223931178402,-0.5670806131528003,0.27637162380168906,-0.12152535649142451,-1.2062983488151104,-1.0116668111718465,-0.008402806720876047
-0.22038223931178402,-1.0352364937185092,-0.6672032693389732,-1.1534525144415808,-0.08008295448033896,-1.26942049466652,1.3499913521133657
-0.47376741407728135,-0.3037429303345897,0.7624556596620299,1.4420006404027514,0.19293895929778762,-0.06656997169137523,-0.1957675182842199
-0.22038223931178402,-0.06966499005173525,0.27637162380168906,-0.9032883549385124,-0.35310486825846554,-0.7825524258432472,-0.5939175303563251
0.033002935453713314,-0.3037429303345897,-0.20971241205865185,-0.37168951599449285,-0.6602545212588572,-0.553438040514648,-0.5939175303563251
-0.22038223931178402,-0.3037429303345897,-0.9245418765591534,0.12863880301164385,-0.6602545212588572,-0.553438040514648,-0.1957675182842199
-0.22038223931178402,0.42775063304932986,-0.20971241205865185,-0.6531241954354441,-0.6602545212588572,-0.553438040514648,-0.7812822419196689
-1.0122109104539625,0.42775063304932986,0.5051170524418498,0.41007348245259506,0.5000886122981792,0.16254441363722402,0.1789619048424678
0.31806125706489713,-0.8011585534356549,-0.6672032693389732,0.6602376419556635,-0.08008295448033896,-0.7825524258432472,-0.9920675424284302
-0.22038223931178402,-0.3037429303345897,-0.20971241205865185,-0.37168951599449285,-0.35310486825846554,-0.2956843570199745,-0.7812822419196689
0.033002935453713314,-0.3037429303345897,-0.43845784069881255,0.12863880301164385,-0.9332764350369838,-1.0116668111718465,-0.1957675182842199
0.5714464318303945,0.16441295023111924,-0.43845784069881255,-1.1534525144415808,0.19293895929778762,-0.553438040514648,0.38974720535122914
-0.47376741407728135,-0.5670806131528003,-0.20971241205865185,-0.6531241954354441,-1.2062983488151104,0.878526867789096,-0.5939175303563251
-0.22038223931178402,-0.3037429303345897,-0.9245418765591534,-0.37168951599449285,-0.08008295448033896,-0.553438040514648,-0.4065528187929812
-0.47376741407728135,-0.3037429303345897,-0.9245418765591534,-0.12152535649142451,-0.35310486825846554,-0.553438040514648,-0.1957675182842199
-0.47376741407728135,-0.3037429303345897,-0.43845784069881255,0.41007348245259506,-0.6602545212588572,-0.7825524258432472,-0.5939175303563251
0.033002935453713314,-0.3037429303345897,0.27637162380168906,-1.1534525144415808,-1.513448001815502,0.16254441363722402,-0.5939175303563251
-0.47376741407728135,-0.3037429303345897,-0.20971241205865185,-0.37168951599449285,-0.35310486825846554,-0.553438040514648,-0.5939175303563251
-0.47376741407728135,-0.3037429303345897,-0.6672032693389732,0.12863880301164385,-0.6602545212588572,-0.553438040514648,-0.4065528187929812
-0.7588257356884651,-1.0352364937185092,-0.9245418765591534,-1.434887193882532,2.752519400967722,2.0813773907642408,-1.179432253991774
-0.47376741407728135,-0.3037429303345897,-0.20971241205865185,-0.6531241954354441,-0.08008295448033896,-0.7825524258432472,-0.4065528187929812
-0.47376741407728135,-0.5670806131528003,-0.6672032693389732,0.12863880301164385,-0.35310486825846554,-0.06656997169137523,-0.7812822419196689
0.31806125706489713,-0.06966499005173525,0.04762619516152833,-0.12152535649142451,-2.6396633961502736,-0.2956843570199745,-0.4065528187929812
-0.7588257356884651,-0.06966499005173525,-0.43845784069881255,-0.12152535649142451,-0.08008295448033896,-1.0116668111718465,-0.4065528187929812
0.31806125706489713,0.16441295023111924,0.04762619516152833,0.12863880301164385,0.19293895929778762,-0.2956843570199745,0.38974720535122914
-1.5506544068306436,-0.5670806131528003,0.5051170524418498,0.12863880301164385,-1.2062983488151104,-0.06656997169137523,-0.4065528187929812
-0.7588257356884651,-0.5670806131528003,-0.6672032693389732,-0.12152535649142451,0.19293895929778762,-0.553438040514648,-0.4065528187929812
-1.0122109104539625,-1.0352364937185092,-0.20971241205865185,-0.6531241954354441,-0.08008295448033896,0.6494124824604968,-0.5939175303563251
0.31806125706489713,0.16441295023111924,-0.6672032693389732,-0.37168951599449285,-0.6602545212588572,-0.2956843570199745,0.1789619048424678
-0.22038223931178402,-0.3037429303345897,-0.20971241205865185,-0.6531241954354441,-0.9332764350369838,-0.553438040514648,-0.4065528187929812
-0.22038223931178402,-0.06966499005173525,-0.20971241205865185,-0.37168951599449285,-1.2062983488151104,-0.7825524258432472,-0.4065528187929812
-0.22038223931178402,-0.3037429303345897,-0.43845784069881255,-0.9032883549385124,-0.08008295448033896,-0.7825524258432472,-0.4065528187929812
-0.22038223931178402,-0.3037429303345897,-0.20971241205865185,-1.434887193882532,0.19293895929778762,-0.7825524258432472,-0.4065528187929812
-1.0122109104539625,-0.3037429303345897,-0.43845784069881255,-0.12152535649142451,-0.6602545212588572,-0.553438040514648,-0.1957675182842199
0.8248316065958918,-0.5670806131528003,-0.9245418765591534,-1.434887193882532,-0.6602545212588572,-0.06656997169137523,-0.4065528187929812
0.31806125706489713,-0.3037429303345897,-1.382032733839475,-0.12152535649142451,-0.08008295448033896,-1.0116668111718465,-0.4065528187929812
-0.22038223931178402,-0.3037429303345897,-0.6672032693389732,0.12863880301164385,-0.9332764350369838,-0.2956843570199745,-0.7812822419196689
-0.47376741407728135,-0.5670806131528003,0.7624556596620299,-0.6531241954354441,-0.35310486825846554,-0.06656997169137523,-0.008402806720876047
0.033002935453713314,-0.06966499005173525,0.27637162380168906,0.41007348245259506,0.5000886122981792,0.878526867789096,0.577111916914573
-0.47376741407728135,-0.5670806131528003,-0.43845784069881255,-0.37168951599449285,-0.35310486825846554,-0.553438040514648,-0.4065528187929812
-0.22038223931178402,-0.3037429303345897,-0.43845784069881255,-0.9032883549385124,-0.6602545212588572,-0.553438040514648,-0.1957675182842199
-0.7588257356884651,-0.5670806131528003,-0.6672032693389732,-0.37168951599449285,-0.08008295448033896,-0.06656997169137523,-0.5939175303563251
0.033002935453713314,-0.3037429303345897,-0.43845784069881255,-0.37168951599449285,-0.6602545212588572,-0.553438040514648,-0.7812822419196689
-0.47376741407728135,-0.8011585534356549,-0.6672032693389732,-0.37168951599449285,-1.2062983488151104,1.3653949366123688,-0.9920675424284302
-0.7588257356884651,-0.06966499005173525,-0.20971241205865185,-0.6531241954354441,-0.6602545212588572,-0.2956843570199745,-0.5939175303563251
-0.47376741407728135,-0.3037429303345897,-0.20971241205865185,-1.1534525144415808,-0.9332764350369838,-0.2956843570199745,-0.008402806720876047
-0.22038223931178402,-0.06966499005173525,-0.43845784069881255,-0.12152535649142451,-0.35310486825846554,0.16254441363722402,-0.1957675182842199
0.5714464318303945,-1.0352364937185092,-0.6672032693389732,-0.6531241954354441,0.19293895929778762,-0.553438040514648,-0.7812822419196689
-0.22038223931178402,-0.3037429303345897,-0.6672032693389732,-0.37168951599449285,-0.08008295448033896,-0.553438040514648,-0.7812822419196689
-0.7588257356884651,-0.06966499005173525,-0.20971241205865185,-0.37168951599449285,-1.2062983488151104,-0.553438040514648,-0.1957675182842199
-0.47376741407728135,-0.3037429303345897,-0.6672032693389732,-0.37168951599449285,-0.35310486825846554,-0.553438040514648,-0.4065528187929812
-0.7588257356884651,-0.5670806131528003,-0.20971241205865185,-0.12152535649142451,-0.08008295448033896,0.878526867789096,-0.4065528187929812
0.033002935453713314,-0.5670806131528003,-0.9245418765591534,-0.6531241954354441,-0.08008295448033896,-0.553438040514648,-0.5939175303563251
-0.47376741407728135,-0.5670806131528003,-0.9245418765591534,0.12863880301164385,-0.6602545212588572,-0.7825524258432472,-0.1957675182842199
-0.7588257356884651,-0.06966499005173525,0.27637162380168906,-0.6531241954354441,-2.3666414823721467,-0.2956843570199745,-0.008402806720876047
-0.22038223931178402,-0.5670806131528003,-0.6672032693389732,-0.9032883549385124,-0.08008295448033896,-0.2956843570199745,-0.5939175303563251
0.8248316065958918,0.6618285733321844,0.04762619516152833,-1.1534525144415808,-1.513448001815502,-1.26942049466652,-0.9920675424284302
0.033002935453713314,-1.0352364937185092,-0.20971241205865185,-0.37168951599449285,-1.513448001815502,-0.2956843570199745,-0.1957675182842199
-1.0122109104539625,-0.06966499005173525,0.04762619516152833,-1.1534525144415808,-0.6602545212588572,-0.553438040514648,-0.1957675182842199
-0.47376741407728135,-0.06966499005173525,-0.6672032693389732,-0.37168951599449285,-0.35310486825846554,-0.2956843570199745,-0.9920675424284302
0.31806125706489713,-0.5670806131528003,-0.43845784069881255,-1.1534525144415808,-0.9332764350369838,-0.2956843570199745,-0.4065528187929812
-0.47376741407728135,-0.3037429303345897,-0.6672032693389732,-0.6531241954354441,-0.35310486825846554,-0.2956843570199745,-0.5939175303563251
-0.47376741407728135,-0.5670806131528003,-0.43845784069881255,-0.37168951599449285,-0.35310486825846554,-0.06656997169137523,-0.9920675424284302
-0.47376741407728135,-0.5670806131528003,-0.43845784069881255,-1.1534525144415808,-0.9332764350369838,-0.2956843570199745,0.1789619048424678
-0.47376741407728135,-0.3037429303345897,-0.43845784069881255,-0.9032883549385124,-0.08008295448033896,-0.553438040514648,-0.5939175303563251
-0.22038223931178402,-0.3037429303345897,-0.43845784069881255,-1.1534525144415808,-1.2062983488151104,0.6494124824604968,-0.7812822419196689
0.5714464318303945,-0.5670806131528003,0.04762619516152833,-1.6850513533856004,-0.6602545212588572,-0.7825524258432472,-0.4065528187929812
0.8248316065958918,-1.5326521168195744,-1.1532873051993142,0.12863880301164385,0.19293895929778762,-0.06656997169137523,-1.366796965555118
-0.22038223931178402,-0.5670806131528003,-0.20971241205865185,-1.1534525144415808,-0.6602545212588572,-0.2956843570199745,-0.5939175303563251
-0.22038223931178402,-0.06966499005173525,-1.1532873051993142,-1.1534525144415808,-0.08008295448033896,-0.553438040514648,-0.4065528187929812
0.31806125706489713,-0.3037429303345897,-1.1532873051993142,-0.37168951599449285,0.19293895929778762,-1.26942049466652,-0.7812822419196689
-1.0122109104539625,-0.5670806131528003,-0.20971241205865185,-0.6531241954354441,-0.6602545212588572,-0.2956843570199745,-0.4065528187929812
0.033002935453713314,-0.3037429303345897,-0.6672032693389732,-0.37168951599449285,-1.2062983488151104,-1.0116668111718465,-0.1957675182842199
-1.2655960852194599,-0.5670806131528003,0.04762619516152833,-0.9032883549385124,-0.35310486825846554,-0.553438040514648,-0.1957675182842199
-1.5506544068306436,-0.5670806131528003,0.04762619516152833,-0.6531241954354441,-0.6602545212588572,-0.06656997169137523,-0.4065528187929812
0.5714464318303945,-0.5670806131528003,-0.9245418765591534,-0.6531241954354441,-0.6602545212588572,-0.7825524258432472,-0.5939175303563251
-0.7588257356884651,-0.5670806131528003,-0.6672032693389732,-0.6531241954354441,-0.08008295448033896,-0.553438040514648,-0.4065528187929812
0.033002935453713314,-0.3037429303345897,-0.43845784069881255,-0.6531241954354441,-0.9332764350369838,-0.7825524258432472,-0.5939175303563251
-0.7588257356884651,-0.8011585534356549,-0.6672032693389732,-0.37168951599449285,0.19293895929778762,-0.553438040514648,-0.5939175303563251
-0.22038223931178402,0.16441295023111924,0.27637162380168906,-0.12152535649142451,0.7731105260763058,0.878526867789096,0.1789619048424678
0.8248316065958918,0.6618285733321844,0.7624556596620299,0.9104018014587318,1.0461324398544325,0.6494124824604968,-5.278035319439917
-1.2655960852194599,-0.3037429303345897,-0.6672032693389732,-1.434887193882532,-2.0594918293717552,1.8522630054356417,-0.4065528187929812
-1.5506544068306436,-0.06966499005173525,-0.20971241205865185,-1.1534525144415808,-0.35310486825846554,-0.7825524258432472,-0.008402806720876047
-0.47376741407728135,-1.0352364937185092,-0.6672032693389732,-0.12152535649142451,-0.6602545212588572,-0.7825524258432472,-0.1957675182842199
-0.7588257356884651,-0.3037429303345897,-0.6672032693389732,-0.9032883549385124,-0.35310486825846554,-0.553438040514648,-0.4065528187929812
-0.7588257356884651,-1.0352364937185092,-0.6672032693389732,-0.12152535649142451,-0.9332764350369838,-0.2956843570199745,-0.1957675182842199
-0.22038223931178402,-0.06966499005173525,-0.43845784069881255,-0.9032883549385124,-0.9332764350369838,-0.7825524258432472,-0.5939175303563251
-0.22038223931178402,-0.5670806131528003,0.27637162380168906,0.12863880301164385,-1.7864699155936286,-0.7825524258432472,-0.9920675424284302
-0.47376741407728135,-0.3037429303345897,-0.20971241205865185,-0.6531241954354441,-0.08008295448033896,-0.2956843570199745,-0.008402806720876047
-0.7588257356884651,-0.06966499005173525,-0.6672032693389732,-1.1534525144415808,0.19293895929778762,-1.0116668111718465,-0.5939175303563251
0.31806125706489713,-1.0352364937185092,-0.6672032693389732,-0.6531241954354441,-0.08008295448033896,-1.0116668111718465,-0.7812822419196689
0.5714464318303945,0.16441295023111924,-0.9245418765591534,-0.9032883549385124,-1.513448001815502,-0.7825524258432472,-0.7812822419196689
-0.22038223931178402,-0.06966499005173525,-0.20971241205865185,-1.1534525144415808,-1.513448001815502,-1.0116668111718465,-0.1957675182842199
-0.47376741407728135,-0.5670806131528003,-1.1532873051993142,-0.37168951599449285,-0.6602545212588572,-0.553438040514648,-0.4065528187929812
-2.342483077972822,-0.3037429303345897,0.04762619516152833,-1.1534525144415808,-0.08008295448033896,-0.2956843570199745,-0.1957675182842199
-1.0122109104539625,-0.8011585534356549,-0.43845784069881255,-1.434887193882532,0.19293895929778762,-0.06656997169137523,-0.5939175303563251
0.033002935453713314,-1.0352364937185092,-0.6672032693389732,-0.6531241954354441,-0.6602545212588572,-0.7825524258432472,-0.4065528187929812
0.033002935453713314,-0.8011585534356549,-0.20971241205865185,-1.434887193882532,-0.6602545212588572,-0.553438040514648,-0.5939175303563251
-0.7588257356884651,-1.29857417653672,-0.20971241205865185,-0.9032883549385124,-0.6602545212588572,0.16254441363722402,-0.5939175303563251
-0.47376741407728135,-0.3037429303345897,-0.6672032693389732,-0.37168951599449285,-0.6602545212588572,-0.7825524258432472,-0.7812822419196689
-0.47376741407728135,-0.8011585534356549,-0.9245418765591534,0.6602376419556635,-0.35310486825846554,-1.0116668111718465,-0.9920675424284302
-0.47376741407728135,-0.8011585534356549,-0.20971241205865185,-0.9032883549385124,-0.9332764350369838,-0.2956843570199745,-0.5939175303563251
-0.47376741407728135,-0.5670806131528003,-0.43845784069881255,-0.37168951599449285,-0.08008295448033896,-1.0116668111718465,-0.9920675424284302
-1.0122109104539625,0.6618285733321844,0.7624556596620299,0.41007348245259506,-0.35310486825846554,0.42029809713189753,0.577111916914573
-0.47376741407728135,-0.5670806131528003,-0.6672032693389732,-0.6531241954354441,-0.35310486825846554,-1.0116668111718465,-0.5939175303563251
0.033002935453713314,-0.3037429303345897,0.27637162380168906,-0.9032883549385124,0.7731105260763058,0.16254441363722402,-0.4065528187929812
-0.7588257356884651,-0.5670806131528003,-0.20971241205865185,-0.37168951599449285,-0.6602545212588572,-0.553438040514648,-1.179432253991774
-0.47376741407728135,-1.0352364937185092,-0.20971241205865185,-0.37168951599449285,-0.9332764350369838,-0.553438040514648,-0.7812822419196689
-0.47376741407728135,-0.5670806131528003,-0.20971241205865185,-0.9032883549385124,-0.9332764350369838,-0.553438040514648,-0.7812822419196689
-0.47376741407728135,-0.8011585534356549,-0.6672032693389732,-0.9032883549385124,-0.9332764350369838,0.16254441363722402,-0.7812822419196689
0.31806125706489713,0.6618285733321844,0.7624556596620299,0.12863880301164385,0.19293895929778762,0.42029809713189753,2.33365608782092
-1.0122109104539625,-0.3037429303345897,-0.20971241205865185,-0.6531241954354441,-1.2062983488151104,-0.553438040514648,-0.5939175303563251
-0.7588257356884651,-0.8011585534356549,-0.20971241205865185,-0.37168951599449285,-0.9332764350369838,-0.2956843570199745,-0.9920675424284302
-0.7588257356884651,-0.5670806131528003,-0.43845784069881255,-0.37168951599449285,-0.9332764350369838,-0.7825524258432472,-0.5939175303563251
-0.47376741407728135,-0.5670806131528003,-0.43845784069881255,-0.37168951599449285,-1.2062983488151104,-0.7825524258432472,-0.5939175303563251
-0.47376741407728135,-0.3037429303345897,-0.43845784069881255,0.12863880301164385,-2.0594918293717552,-1.0116668111718465,-0.4065528187929812
-1.0122109104539625,-0.8011585534356549,-0.6672032693389732,-0.12152535649142451,-0.6602545212588572,-1.0116668111718465,-0.4065528187929812
-0.47376741407728135,-1.29857417653672,-0.9245418765591534,-0.6531241954354441,-0.9332764350369838,0.16254441363722402,-0.5939175303563251
-0.7588257356884651,-1.0352364937185092,-0.6672032693389732,0.41007348245259506,-0.6602545212588572,-1.0116668111718465,-0.7812822419196689
-0.47376741407728135,-0.8011585534356549,-0.6672032693389732,-0.12152535649142451,-0.9332764350369838,-1.0116668111718465,-0.5939175303563251
0.31806125706489713,-0.06966499005173525,0.04762619516152833,-7.157392342515216,0.5000886122981792,0.6494124824604968,0.577111916914573
-0.22038223931178402,-0.8011585534356549,-1.1532873051993142,-0.9032883549385124,-0.08008295448033896,-0.7825524258432472,-0.5939175303563251
-1.0122109104539625,-1.0352364937185092,-0.6672032693389732,-0.9032883549385124,-0.08008295448033896,-0.553438040514648,-0.4065528187929812
-0.47376741407728135,-0.8011585534356549,-0.43845784069881255,-0.6531241954354441,-0.9332764350369838,-1.0116668111718465,-0.4065528187929812
0.31806125706489713,0.6618285733321844,1.2199465169423513,0.6602376419556635,1.0461324398544325,0.6494124824604968,0.577111916914573
-0.7588257356884651,-0.5670806131528003,-0.9245418765591534,-0.37168951599449285,-1.2062983488151104,-0.553438040514648,-0.4065528187929812
-0.7588257356884651,-1.766730057102429,-0.6672032693389732,-0.6531241954354441,-0.35310486825846554,-0.2956843570199745,-0.1957675182842199
-0.22038223931178402,-1.766730057102429,-0.20971241205865185,-0.6531241954354441,-0.6602545212588572,-0.553438040514648,-0.5939175303563251
-0.7588257356884651,-0.3037429303345897,-0.43845784069881255,-0.37168951599449285,-0.9332764350369838,-1.0116668111718465,-0.7812822419196689
-1.5506544068306436,-0.5670806131528003,-0.20971241205865185,-0.6531241954354441,-0.35310486825846554,-0.7825524258432472,-0.5939175303563251
0.033002935453713314,0.42775063304932986,0.27637162380168906,0.41007348245259506,0.19293895929778762,-0.06656997169137523,-0.008402806720876047
-0.7588257356884651,-1.0352364937185092,-0.43845784069881255,-0.6531241954354441,-0.6602545212588572,-0.7825524258432472,-0.5939175303563251
0.31806125706489713,0.42775063304932986,-0.20971241205865185,0.12863880301164385,0.5000886122981792,-0.06656997169137523,-0.008402806720876047
-1.2655960852194599,0.16441295023111924,0.27637162380168906,-0.12152535649142451,1.6263040066329506,0.6494124824604968,-4.879885307367812
-0.22038223931178402,-0.5670806131528003,-0.6672032693389732,-0.37168951599449285,-0.08008295448033896,-0.553438040514648,-0.4065528187929812
-1.2655960852194599,-0.3037429303345897,-1.1532873051993142,0.12863880301164385,-0.6602545212588572,-1.4985348799951193,-0.1957675182842199
-0.47376741407728135,-1.29857417653672,-0.6672032693389732,-1.1534525144415808,0.19293895929778762,-0.7825524258432472,-0.5939175303563251
-0.7588257356884651,-1.0352364937185092,-0.6672032693389732,-0.9032883549385124,-0.35310486825846554,-0.553438040514648,-0.5939175303563251
-1.0122109104539625,-0.5670806131528003,-0.43845784069881255,-0.9032883549385124,-0.9332764350369838,-0.553438040514648,-0.5939175303563251
1.1098899282070755,0.42775063304932986,-0.20971241205865185,-1.434887193882532,-1.513448001815502,-1.26942049466652,-1.764946977627223
-1.2655960852194599,-0.3037429303345897,-0.6672032693389732,-0.9032883549385124,-0.9332764350369838,-0.553438040514648,-0.4065528187929812
-0.7588257356884651,-1.29857417653672,-0.43845784069881255,-1.6850513533856004,-0.08008295448033896,-0.2956843570199745,-0.4065528187929812
0.033002935453713314,-0.3037429303345897,-1.382032733839475,-0.12152535649142451,-0.9332764350369838,-1.0116668111718465,-0.9920675424284302
-0.47376741407728135,-0.8011585534356549,-0.43845784069881255,-0.9032883549385124,-0.9332764350369838,-0.7825524258432472,-0.5939175303563251
-1.0122109104539625,-1.0352364937185092,-0.9245418765591534,-1.434887193882532,-1.513448001815502,1.594509321940968,-0.7812822419196689
-0.47376741407728135,-0.8011585534356549,-0.43845784069881255,-0.9032883549385124,-0.9332764350369838,-0.7825524258432472,-0.5939175303563251
0.033002935453713314,-0.5670806131528003,-0.9245418765591534,-0.12152535649142451,-1.2062983488151104,-0.7825524258432472,-1.179432253991774
0.31806125706489713,0.16441295023111924,-0.20971241205865185,-0.6531241954354441,-1.2062983488151104,-1.4985348799951193,-1.5775822660638792
-0.47376741407728135,-0.5670806131528003,-0.6672032693389732,-1.1534525144415808,-1.2062983488151104,-0.7825524258432472,-0.4065528187929812
0.31806125706489713,-0.8011585534356549,-0.9245418765591534,-0.6531241954354441,-1.2062983488151104,-0.7825524258432472,-0.9920675424284302
-1.2655960852194599,-1.29857417653672,-0.43845784069881255,-0.37168951599449285,-0.9332764350369838,-0.553438040514648,-0.4065528187929812
-0.7588257356884651,-0.8011585534356549,-0.20971241205865185,-0.6531241954354441,-0.9332764350369838,-1.0116668111718465,-0.7812822419196689
-0.22038223931178402,-1.0352364937185092,-0.20971241205865185,-0.9032883549385124,-1.2062983488151104,-1.0116668111718465,-0.5939175303563251
-0.47376741407728135,-0.5670806131528003,-1.1532873051993142,-0.9032883549385124,-0.6602545212588572,-0.06656997169137523,-1.179432253991774
-0.7588257356884651,-0.5670806131528003,-1.1532873051993142,-2.21665019232962,-0.6602545212588572,0.42029809713189753,-0.4065528187929812
-1.2655960852194599,-0.8011585534356549,-0.9245418765591534,-1.1534525144415808,-0.9332764350369838,0.16254441363722402,-0.5939175303563251
-2.0574247563616384,-0.06966499005173525,-1.1532873051993142,0.12863880301164385,-0.08008295448033896,-1.26942049466652,-0.7812822419196689
-0.22038223931178402,-0.5670806131528003,-1.1532873051993142,-0.37168951599449285,-1.2062983488151104,-1.0116668111718465,-0.7812822419196689
-1.0122109104539625,-0.8011585534356549,-0.6672032693389732,-0.9032883549385124,-0.6602545212588572,-0.7825524258432472,-0.5939175303563251
-0.22038223931178402,-0.5670806131528003,-1.1532873051993142,-0.37168951599449285,-0.9332764350369838,-1.0116668111718465,-0.9920675424284302
-1.0122109104539625,-0.5670806131528003,-0.6672032693389732,-0.6531241954354441,-0.6602545212588572,-1.0116668111718465,-0.7812822419196689
-0.47376741407728135,-1.0352364937185092,-0.9245418765591534,-0.37168951599449285,-0.9332764350369838,-0.7825524258432472,-0.7812822419196689
-1.0122109104539625,-0.5670806131528003,-0.9245418765591534,-0.12152535649142451,-0.9332764350369838,-0.553438040514648,-1.179432253991774
-0.7588257356884651,-0.5670806131528003,-0.43845784069881255,-0.9032883549385124,-1.2062983488151104,-1.0116668111718465,-0.5939175303563251
0.033002935453713314,-0.5670806131528003,0.04762619516152833,-0.9032883549385124,-0.08008295448033896,-0.06656997169137523,-0.008402806720876047
-0.47376741407728135,-1.5326521168195744,0.04762619516152833,-0.9032883549385124,-1.513448001815502,-0.553438040514648,-0.5939175303563251
-1.5506544068306436,-0.5670806131528003,-0.6672032693389732,-0.9032883549385124,-0.6602545212588572,0.42029809713189753,-1.366796965555118
-0.7588257356884651,-1.29857417653672,-0.9245418765591534,-1.434887193882532,-0.35310486825846554,-0.553438040514648,-0.4065528187929812
0.033002935453713314,-0.3037429303345897,-1.1532873051993142,0.41007348245259506,-0.08008295448033896,-0.06656997169137523,-0.4065528187929812
0.31806125706489713,-0.3037429303345897,-1.639371341059655,-1.1534525144415808,-0.35310486825846554,-1.0116668111718465,-1.179432253991774
0.8248316065958918,-0.06966499005173525,0.7624556596620299,0.41007348245259506,1.0461324398544325,-0.06656997169137523,1.162626640550022
-0.22038223931178402,-0.8011585534356549,-0.6672032693389732,-1.1534525144415808,-0.9332764350369838,-1.0116668111718465,-0.7812822419196689
-1.0122109104539625,-1.0352364937185092,-0.6672032693389732,-0.9032883549385124,-1.2062983488151104,-0.2956843570199745,-0.5939175303563251
0.31806125706489713,-0.06966499005173525,0.04762619516152833,0.41007348245259506,-0.08008295448033896,0.6494124824604968,2.33365608782092
0.31806125706489713,-1.0352364937185092,-1.1532873051993142,-0.12152535649142451,-1.7864699155936286,-1.4985348799951193,-0.4065528187929812
-1.804039581596141,-0.5670806131528003,0.27637162380168906,-0.6531241954354441,-1.7864699155936286,-0.553438040514648,-0.7812822419196689
-1.804039581596141,-0.06966499005173525,-0.20971241205865185,-1.1534525144415808,-1.2062983488151104,-1.0116668111718465,-0.4065528187929812
-1.2655960852194599,-0.8011585534356549,-0.9245418765591534,-0.37168951599449285,-1.513448001815502,-0.2956843570199745,-0.5939175303563251
-0.7588257356884651,-0.8011585534356549,-0.20971241205865185,-1.434887193882532,0.19293895929778762,-0.7825524258432472,-0.1957675182842199
-1.5506544068306436,-0.06966499005173525,-1.1532873051993142,-0.9032883549385124,-0.35310486825846554,-1.4985348799951193,-0.4065528187929812
-1.0122109104539625,-1.29857417653672,-0.9245418765591534,-0.6531241954354441,-0.6602545212588572,-0.7825524258432472,-0.5939175303563251
-0.47376741407728135,-0.8011585534356549,-0.20971241205865185,-1.6850513533856004,-1.513448001815502,-0.7825524258432472,-0.5939175303563251
-0.22038223931178402,-1.0352364937185092,-1.1532873051993142,-0.37168951599449285,-0.6602545212588572,-1.4985348799951193,-0.7812822419196689
-1.2655960852194599,-0.3037429303345897,-1.639371341059655,-0.12152535649142451,-1.2062983488151104,-0.7825524258432472,-0.5939175303563251
-0.47376741407728135,0.16441295023111924,0.27637162380168906,1.191836480899683,1.0461324398544325,0.878526867789096,0.7644766284779169
-1.5506544068306436,-0.8011585534356549,-1.1532873051993142,-0.12152535649142451,-1.513448001815502,-0.553438040514648,-0.4065528187929812
-1.2655960852194599,-1.0352364937185092,-0.6672032693389732,-0.37168951599449285,-1.2062983488151104,-0.7825524258432472,-0.7812822419196689
-0.7588257356884651,-0.8011585534356549,-0.9245418765591534,-1.1534525144415808,-0.9332764350369838,-1.0116668111718465,-0.5939175303563251
0.033002935453713314,-0.5670806131528003,-1.1532873051993142,-1.1534525144415808,-0.6602545212588572,-1.26942049466652,-1.179432253991774
-1.0122109104539625,-0.8011585534356549,-0.6672032693389732,-1.1534525144415808,-0.9332764350369838,-1.0116668111718465,-0.5939175303563251
-1.0122109104539625,-0.5670806131528003,-0.6672032693389732,-0.12152535649142451,-0.6602545212588572,-0.7825524258432472,-0.4065528187929812
-1.2655960852194599,-0.5670806131528003,-0.6672032693389732,-0.37168951599449285,-0.9332764350369838,-1.26942049466652,-0.9920675424284302
-0.22038223931178402,-1.0352364937185092,-1.639371341059655,-0.12152535649142451,-1.2062983488151104,-1.0116668111718465,-0.7812822419196689
-0.47376741407728135,-0.3037429303345897,-0.9245418765591534,-0.6531241954354441,0.5000886122981792,-0.06656997169137523,-0.1957675182842199
-0.47376741407728135,-0.5670806131528003,-0.20971241205865185,0.12863880301164385,0.19293895929778762,-0.2956843570199745,-0.7812822419196689
-0.22038223931178402,-0.06966499005173525,-1.1532873051993142,0.41007348245259506,-1.2062983488151104,-1.4985348799951193,-1.952311689190567
-1.0122109104539625,-0.8011585534356549,-0.9245418765591534,-0.6531241954354441,-0.9332764350369838,-1.0116668111718465,-0.7812822419196689
-1.0122109104539625,-0.3037429303345897,-1.1532873051993142,-0.37168951599449285,-0.6602545212588572,-1.4985348799951193,-1.179432253991774
0.033002935453713314,-1.0352364937185092,-0.6672032693389732,-1.1534525144415808,-1.2062983488151104,-1.0116668111718465,-1.179432253991774
-0.7588257356884651,-1.0352364937185092,-0.9245418765591534,-1.434887193882532,-0.6602545212588572,-1.0116668111718465,-0.5939175303563251
-1.0122109104539625,-1.29857417653672,-0.43845784069881255,-1.1534525144415808,-0.6602545212588572,-1.0116668111718465,-0.7812822419196689
-1.0122109104539625,-0.8011585534356549,-0.6672032693389732,-0.9032883549385124,-0.9332764350369838,-0.7825524258432472,-1.179432253991774
-2.0574247563616384,-1.0352364937185092,-0.9245418765591534,-0.12152535649142451,-0.6602545212588572,-1.0116668111718465,-0.5939175303563251
-0.47376741407728135,-1.29857417653672,-0.9245418765591534,-0.6531241954354441,-0.9332764350369838,-1.0116668111718465,-0.9920675424284302
-1.5506544068306436,-0.8011585534356549,-0.6672032693389732,-0.6531241954354441,-1.513448001815502,-1.26942049466652,-0.4065528187929812
-1.0122109104539625,-1.0352364937185092,-1.1532873051993142,-0.9032883549385124,-0.35310486825846554,-1.26942049466652,-0.7812822419196689
-1.0122109104539625,-1.0352364937185092,-0.43845784069881255,-0.9032883549385124,-0.9332764350369838,-1.26942049466652,-0.9920675424284302
-1.0122109104539625,-0.8011585534356549,-0.9245418765591534,-0.9032883549385124,-0.9332764350369838,-0.7825524258432472,-1.179432253991774
-0.7588257356884651,-0.5670806131528003,-1.639371341059655,-0.12152535649142451,-1.7864699155936286,-1.0116668111718465,-0.7812822419196689
-1.0122109104539625,-1.29857417653672,-0.9245418765591534,-0.6531241954354441,-0.6602545212588572,-1.0116668111718465,-0.9920675424284302
-1.2655960852194599,-0.06966499005173525,-1.382032733839475,-0.6531241954354441,0.5000886122981792,-0.553438040514648,-0.9920675424284302
-1.0122109104539625,-0.8011585534356549,-0.43845784069881255,-0.6531241954354441,-0.08008295448033896,1.3653949366123688,-0.9920675424284302
-1.2655960852194599,-0.5670806131528003,0.04762619516152833,-1.434887193882532,-1.7864699155936286,-1.4985348799951193,-0.5939175303563251
-1.0122109104539625,-0.8011585534356549,-1.1532873051993142,-1.6850513533856004,-0.35310486825846554,-1.4985348799951193,-0.4065528187929812
-1.0122109104539625,-1.0352364937185092,-1.1532873051993142,-0.6531241954354441,-0.6602545212588572,-1.4985348799951193,-0.7812822419196689
1.363275102972573,-1.29857417653672,-1.1532873051993142,-0.6531241954354441,-1.513448001815502,-1.7276492653237185,-1.5775822660638792
-0.47376741407728135,-1.5326521168195744,-0.9245418765591534,-1.6850513533856004,-1.2062983488151104,-0.553438040514648,-0.5939175303563251
-1.5506544068306436,-1.766730057102429,-1.1532873051993142,-0.9032883549385124,-0.08008295448033896,-0.7825524258432472,-0.5939175303563251
-0.22038223931178402,-1.29857417653672,0.7624556596620299,0.41007348245259506,-0.35310486825846554,0.16254441363722402,-0.4065528187929812
-0.47376741407728135,1.393322136716104,1.2199465169423513,0.6602376419556635,1.8993259204110773,0.16254441363722402,0.1789619048424678
-1.0122109104539625,-1.29857417653672,-0.43845784069881255,-0.9032883549385124,-1.2062983488151104,-0.7825524258432472,-1.179432253991774
-1.804039581596141,-1.0352364937185092,-0.20971241205865185,-0.6531241954354441,-1.7864699155936286,-1.0116668111718465,-0.5939175303563251
0.033002935453713314,-0.5670806131528003,-0.6672032693389732,-0.9032883549385124,-2.6396633961502736,-1.4985348799951193,-0.7812822419196689
-0.47376741407728135,-0.8011585534356549,-0.43845784069881255,0.12863880301164385,-0.35310486825846554,-0.553438040514648,-0.5939175303563251
-1.2655960852194599,-1.29857417653672,-0.9245418765591534,-0.6531241954354441,-0.9332764350369838,-1.26942049466652,-0.7812822419196689
-1.0122109104539625,-0.8011585534356549,-1.1532873051993142,-1.1534525144415808,-1.513448001815502,-1.26942049466652,-0.4065528187929812
-0.7588257356884651,-0.5670806131528003,-1.1532873051993142,-1.1534525144415808,-1.2062983488151104,-1.0116668111718465,-1.179432253991774
-0.7588257356884651,-1.29857417653672,-1.382032733839475,-0.37168951599449285,-0.9332764350369838,-1.26942049466652,-0.9920675424284302
0.033002935453713314,-0.3037429303345897,-0.20971241205865185,-0.12152535649142451,-1.513448001815502,-1.0116668111718465,-0.1957675182842199
-0.7588257356884651,-0.5670806131528003,-0.6672032693389732,-1.434887193882532,-0.9332764350369838,-1.4985348799951193,-1.179432253991774
-0.7588257356884651,-0.5670806131528003,-1.1532873051993142,-0.6531241954354441,-1.7864699155936286,-1.4985348799951193,-0.7812822419196689
0.033002935453713314,-0.06966499005173525,-0.20971241205865185,-0.6531241954354441,0.5000886122981792,-0.553438040514648,-0.1957675182842199
-1.2655960852194599,-1.0352364937185092,-1.1532873051993142,-1.1534525144415808,-0.9332764350369838,-0.7825524258432472,-0.9920675424284302
-0.47376741407728135,-0.8011585534356549,-0.43845784069881255,-1.1534525144415808,-1.7864699155936286,-1.4985348799951193,-1.179432253991774
-1.0122109104539625,-1.0352364937185092,-1.382032733839475,-0.9032883549385124,-1.2062983488151104,-0.7825524258432472,-0.9920675424284302
-1.0122109104539625,-0.8011585534356549,-0.43845784069881255,-0.9032883549385124,-1.513448001815502,-1.4985348799951193,-1.179432253991774
-1.0122109104539625,-0.8011585534356549,-0.43845784069881255,-1.6850513533856004,-0.9332764350369838,-1.26942049466652,-1.179432253991774
-1.0122109104539625,-0.8011585534356549,-0.43845784069881255,-1.434887193882532,-1.2062983488151104,-1.26942049466652,-1.179432253991774
-0.7588257356884651,-1.0352364937185092,-0.43845784069881255,-1.434887193882532,-1.513448001815502,-1.26942049466652,-0.9920675424284302
-1.0122109104539625,-1.29857417653672,-1.1532873051993142,-1.1534525144415808,-0.6602545212588572,-1.0116668111718465,-0.9920675424284302
-0.7588257356884651,-1.29857417653672,-1.382032733839475,-1.434887193882532,-0.35310486825846554,-1.0116668111718465,-1.179432253991774
-1.2655960852194599,-0.5670806131528003,-1.1532873051993142,-0.37168951599449285,-1.2062983488151104,-1.4985348799951193,-1.366796965555118
0.033002935453713314,0.6618285733321844,0.04762619516152833,-0.12152535649142451,-0.08008295448033896,-0.06656997169137523,-0.1957675182842199
-1.0122109104539625,-0.8011585534356549,-0.43845784069881255,-1.6850513533856004,-0.9332764350369838,-1.4985348799951193,-1.179432253991774
-0.7588257356884651,-2.4982236204863484,-0.9245418765591534,-0.37168951599449285,-0.35310486825846554,-1.26942049466652,-1.179432253991774
-1.0122109104539625,-0.8011585534356549,-0.9245418765591534,-1.1534525144415808,-0.6602545212588572,-0.553438040514648,-0.5939175303563251
-1.5506544068306436,-0.5670806131528003,-1.1532873051993142,-0.6531241954354441,-1.513448001815502,-1.4985348799951193,-0.7812822419196689
-0.47376741407728135,-0.3037429303345897,0.27637162380168906,1.191836480899683,0.7731105260763058,0.16254441363722402,0.577111916914573
0.8248316065958918,0.42775063304932986,0.5051170524418498,0.6602376419556635,1.0461324398544325,-1.0116668111718465,-0.1957675182842199
-0.22038223931178402,-1.5326521168195744,-1.1532873051993142,-1.9352155128886688,-0.6602545212588572,-1.0116668111718465,-1.179432253991774
-0.7588257356884651,-1.29857417653672,-0.9245418765591534,-0.6531241954354441,-0.35310486825846554,-1.0116668111718465,-0.7812822419196689
-1.2655960852194599,-1.0352364937185092,-1.382032733839475,-0.9032883549385124,-0.6602545212588572,-1.26942049466652,-1.179432253991774
-0.22038223931178402,-1.0352364937185092,-1.1532873051993142,-1.1534525144415808,-0.9332764350369838,-1.26942049466652,-1.764946977627223
-1.2655960852194599,-1.29857417653672,-0.9245418765591534,-1.434887193882532,-0.08008295448033896,-0.553438040514648,-0.4065528187929812
-0.7588257356884651,-0.8011585534356549,-1.1532873051993142,-0.37168951599449285,-1.2062983488151104,-1.0116668111718465,-0.5939175303563251
-1.2655960852194599,-0.5670806131528003,-0.9245418765591534,0.12863880301164385,-0.6602545212588572,-1.26942049466652,-1.179432253991774
-0.22038223931178402,-0.3037429303345897,0.5051170524418498,-0.37168951599449285,-0.08008295448033896,0.16254441363722402,0.1789619048424678
-1.804039581596141,-1.29857417653672,-1.1532873051993142,-1.1534525144415808,-0.9332764350369838,-0.7825524258432472,-0.9920675424284302
-0.7588257356884651,-0.8011585534356549,-1.382032733839475,-0.6531241954354441,-0.9332764350369838,-0.553438040514648,-0.9920675424284302
-2.342483077972822,-1.0352364937185092,-0.6672032693389732,-1.9352155128886688,-0.08008295448033896,-1.26942049466652,-0.7812822419196689
-1.2655960852194599,-1.29857417653672,-1.1532873051993142,-0.9032883549385124,-0.08008295448033896,-1.4985348799951193,-1.5775822660638792
0.033002935453713314,-1.29857417653672,-1.639371341059655,-1.1534525144415808,-0.08008295448033896,-1.0116668111718465,-0.7812822419196689
-0.22038223931178402,-0.3037429303345897,-0.43845784069881255,0.12863880301164385,-0.6602545212588572,-0.2956843570199745,-0.5939175303563251
0.5714464318303945,-0.5670806131528003,-0.6672032693389732,-0.6531241954354441,0.5000886122981792,0.878526867789096,-0.4065528187929812
-1.5506544068306436,-1.29857417653672,-0.43845784069881255,-1.6850513533856004,-1.2062983488151104,-1.0116668111718465,-1.179432253991774
-1.0122109104539625,-1.29857417653672,-1.382032733839475,-0.12152535649142451,-1.513448001815502,-1.7276492653237185,-1.179432253991774
-1.804039581596141,-1.29857417653672,-1.1532873051993142,-0.9032883549385124,-0.08008295448033896,-0.2956843570199745,-0.7812822419196689
0.033002935453713314,-0.06966499005173525,0.7624556596620299,0.6602376419556635,0.5000886122981792,0.16254441363722402,1.162626640550022
0.033002935453713314,-1.29857417653672,-1.1532873051993142,-1.6850513533856004,-0.08008295448033896,-1.7276492653237185,-1.952311689190567
0.033002935453713314,-1.29857417653672,-1.382032733839475,0.12863880301164385,-0.08008295448033896,-1.7276492653237185,-1.5775822660638792
-1.0122109104539625,-1.29857417653672,-1.1532873051993142,-1.1534525144415808,-1.2062983488151104,-1.26942049466652,-1.179432253991774
-1.0122109104539625,-1.0352364937185092,-0.6672032693389732,-1.434887193882532,-1.2062983488151104,-1.4985348799951193,-1.366796965555118
-0.7588257356884651,-0.8011585534356549,-1.1532873051993142,-1.434887193882532,-1.513448001815502,-1.4985348799951193,-1.179432253991774
0.033002935453713314,-0.5670806131528003,0.27637162380168906,-0.6531241954354441,-1.7864699155936286,-0.553438040514648,0.38974720535122914
-1.0122109104539625,-2.0300677399206397,-1.382032733839475,-1.434887193882532,-0.9332764350369838,-1.26942049466652,-0.4065528187929812
-0.47376741407728135,-0.3037429303345897,-0.43845784069881255,0.12863880301164385,-0.35310486825846554,-0.553438040514648,-0.5939175303563251
-1.0122109104539625,-1.29857417653672,-1.1532873051993142,-2.21665019232962,-0.6602545212588572,-1.0116668111718465,-1.179432253991774
-2.0574247563616384,-1.0352364937185092,-1.639371341059655,-0.37168951599449285,-1.2062983488151104,-1.26942049466652,-0.9920675424284302
-0.22038223931178402,-1.5326521168195744,-1.639371341059655,-1.434887193882532,-1.513448001815502,-1.0116668111718465,-1.179432253991774
-0.47376741407728135,-0.8011585534356549,-1.639371341059655,0.12863880301164385,-1.2062983488151104,-2.701385402970264,-1.5775822660638792
-0.7588257356884651,-1.0352364937185092,-1.1532873051993142,-2.466814351832688,-1.513448001815502,-1.4985348799951193,-0.4065528187929812
-2.0574247563616384,-1.0352364937185092,-0.6672032693389732,-1.1534525144415808,-1.513448001815502,-1.26942049466652,-0.9920675424284302
-1.2655960852194599,-1.0352364937185092,-1.1532873051993142,-1.6850513533856004,-0.9332764350369838,-1.7276492653237185,-0.7812822419196689
-1.5506544068306436,-1.5326521168195744,-1.382032733839475,-0.6531241954354441,-0.9332764350369838,-1.26942049466652,-1.366796965555118
-1.0122109104539625,-1.766730057102429,-1.382032733839475,-0.6531241954354441,-0.9332764350369838,-1.4985348799951193,-1.366796965555118
-1.0122109104539625,-1.0352364937185092,-1.1532873051993142,-2.466814351832688,-1.2062983488151104,-0.553438040514648,-1.366796965555118
-1.5506544068306436,-1.5326521168195744,-1.639371341059655,-0.6531241954354441,-0.9332764350369838,-1.4985348799951193,-0.9920675424284302
-2.0574247563616384,-1.766730057102429,-1.1532873051993142,-0.37168951599449285,-0.9332764350369838,-1.4985348799951193,-1.179432253991774
-2.0574247563616384,-1.5326521168195744,-0.6672032693389732,-1.6850513533856004,-0.35310486825846554,-1.4985348799951193,-1.179432253991774
0.8248316065958918,-0.06966499005173525,0.04762619516152833,-0.37168951599449285,0.5000886122981792,-0.06656997169137523,-0.008402806720876047
-1.0122109104539625,-1.29857417653672,-1.382032733839475,-0.9032883549385124,0.19293895929778762,-1.26942049466652,-1.179432253991774
-1.0122109104539625,-0.5670806131528003,-1.1532873051993142,-0.9032883549385124,-1.2062983488151104,-1.0116668111718465,-1.179432253991774
-1.5506544068306436,-0.5670806131528003,-0.43845784069881255,0.12863880301164385,-0.6602545212588572,-0.2956843570199745,-0.1957675182842199
-1.0122109104539625,-0.5670806131528003,-1.639371341059655,-1.6850513533856004,-1.7864699155936286,-1.0116668111718465,-1.5775822660638792
-1.804039581596141,-2.0300677399206397,-1.639371341059655,-0.37168951599449285,-0.6602545212588572,-1.0116668111718465,-1.5775822660638792
-0.47376741407728135,-0.8011585534356549,-1.639371341059655,-1.6850513533856004,-0.6602545212588572,-1.26942049466652,-0.9920675424284302
-0.47376741407728135,-0.8011585534356549,-1.8681167696998158,-0.9032883549385124,-0.35310486825846554,-0.7825524258432472,-0.4065528187929812
-1.804039581596141,-1.5326521168195744,-1.639371341059655,-0.6531241954354441,-0.35310486825846554,-1.7276492653237185,-1.5775822660638792
-0.47376741407728135,-1.0352364937185092,-0.9245418765591534,-1.1534525144415808,-1.513448001815502,-1.26942049466652,-1.179432253991774
-1.2655960852194599,-2.9956392435874135,-3.0690302700606584,-0.9032883549385124,0.19293895929778762,-0.553438040514648,-0.7812822419196689
-1.5506544068306436,-2.0300677399206397,-1.639371341059655,-0.9032883549385124,-0.35310486825846554,-1.26942049466652,-1.764946977627223
-1.804039581596141,-1.5326521168195744,-1.382032733839475,-1.1534525144415808,-1.2062983488151104,-1.26942049466652,-1.366796965555118
-0.7588257356884651,-0.3037429303345897,-0.20971241205865185,-0.37168951599449285,-0.08008295448033896,-0.2956843570199745,-0.1957675182842199
0.033002935453713314,-1.5326521168195744,-1.8681167696998158,-1.9352155128886688,-1.7864699155936286,-1.7276492653237185,-1.179432253991774
-1.5506544068306436,-1.5326521168195744,-1.382032733839475,-0.37168951599449285,-1.7864699155936286,-1.7276492653237185,-1.5775822660638792
-1.0122109104539625,-1.0352364937185092,-1.8681167696998158,-0.9032883549385124,-1.7864699155936286,-1.7276492653237185,-1.5775822660638792
-1.2655960852194599,-0.3037429303345897,0.27637162380168906,1.4420006404027514,-0.9332764350369838,0.878526867789096,-0.4065528187929812
-1.0122109104539625,-1.29857417653672,-1.382032733839475,-1.434887193882532,-1.2062983488151104,-1.0116668111718465,-0.7812822419196689
-1.2655960852194599,-1.766730057102429,-1.382032733839475,-1.434887193882532,-1.2062983488151104,-1.4985348799951193,-1.366796965555118
-2.5958682527383194,-2.264145680203494,-1.639371341059655,-0.9032883549385124,0.19293895929778762,-1.26942049466652,-1.366796965555118
0.033002935453713314,0.42775063304932986,0.04762619516152833,-0.37168951599449285,0.5000886122981792,0.42029809713189753,0.38974720535122914
-0.47376741407728135,-1.29857417653672,-1.8681167696998158,-0.6531241954354441,-0.6602545212588572,-1.7276492653237185,-1.366796965555118
-0.7588257356884651,-1.5326521168195744,-1.382032733839475,-0.9032883549385124,-0.6602545212588572,-1.26942049466652,-1.5775822660638792
-1.0122109104539625,-1.29857417653672,-1.8681167696998158,-0.6531241954354441,-0.35310486825846554,-1.4985348799951193,-1.366796965555118
-1.2655960852194599,-0.8011585534356549,-0.43845784069881255,-1.1534525144415808,-0.9332764350369838,-1.26942049466652,-0.5939175303563251
-2.5958682527383194,-2.264145680203494,-2.8116916628404782,-2.21665019232962,0.19293895929778762,-0.06656997169137523,-0.5939175303563251
-0.7588257356884651,-1.0352364937185092,-2.3542008055601564,-0.37168951599449285,-1.513448001815502,-1.985402948818392,-2.163096989699328
-1.804039581596141,-1.5326521168195744,-1.1532873051993142,-1.6850513533856004,-1.7864699155936286,-1.4985348799951193,-1.179432253991774
0.31806125706489713,-1.0352364937185092,-0.9245418765591534,-0.9032883549385124,1.6263040066329506,-0.06656997169137523,-1.179432253991774
-2.5958682527383194,-1.29857417653672,-2.0968621983399767,-0.9032883549385124,-1.2062983488151104,-1.26942049466652,-1.179432253991774
-0.22038223931178402,-1.0352364937185092,-1.382032733839475,-0.12152535649142451,-0.9332764350369838,-1.4985348799951193,-1.179432253991774
-1.2655960852194599,-2.0300677399206397,-1.639371341059655,-0.9032883549385124,-1.2062983488151104,-1.7276492653237185,-1.5775822660638792
-0.7588257356884651,-1.5326521168195744,-1.8681167696998158,-1.434887193882532,-1.2062983488151104,-0.7825524258432472,-1.179432253991774
-0.22038223931178402,-1.5326521168195744,-1.382032733839475,-1.434887193882532,-2.0594918293717552,-2.2145173341469913,-1.764946977627223
-1.2655960852194599,-1.5326521168195744,-1.382032733839475,-1.6850513533856004,-1.7864699155936286,-1.4985348799951193,-1.764946977627223
-0.22038223931178402,-1.766730057102429,-1.382032733839475,-0.9032883549385124,0.19293895929778762,-0.2956843570199745,-0.7812822419196689
-0.7588257356884651,-1.29857417653672,-3.0690302700606584,-0.9032883549385124,-1.7864699155936286,-1.4985348799951193,-1.764946977627223
-1.0122109104539625,-2.0300677399206397,-1.639371341059655,-1.6850513533856004,-1.2062983488151104,-1.4985348799951193,-1.952311689190567
-1.0122109104539625,-0.5670806131528003,-0.6672032693389732,-0.9032883549385124,-1.513448001815502,-1.4985348799951193,-1.179432253991774
0.31806125706489713,-1.0352364937185092,-1.639371341059655,-0.6531241954354441,0.19293895929778762,-1.0116668111718465,-1.179432253991774
-1.804039581596141,-1.766730057102429,-1.639371341059655,-1.1534525144415808,-1.2062983488151104,-1.0116668111718465,-0.9920675424284302
-2.0574247563616384,-1.766730057102429,-2.0968621983399767,-0.9032883549385124,-1.2062983488151104,-1.7276492653237185,-1.5775822660638792
-1.5506544068306436,-1.5326521168195744,-1.8681167696998158,-2.21665019232962,-1.513448001815502,-1.7276492653237185,-1.366796965555118
-2.342483077972822,-1.29857417653672,-1.382032733839475,-2.466814351832688,-0.9332764350369838,-1.26942049466652,-1.952311689190567
-0.7588257356884651,-1.0352364937185092,-1.382032733839475,0.12863880301164385,-0.9332764350369838,-1.0116668111718465,-0.7812822419196689
-2.342483077972822,-2.264145680203494,-0.6672032693389732,-0.9032883549385124,-1.7864699155936286,-1.7276492653237185,-1.952311689190567
-1.804039581596141,-1.5326521168195744,-1.8681167696998158,-0.6531241954354441,-2.0594918293717552,-1.7276492653237185,-1.952311689190567
1.1098899282070755,0.16441295023111924,0.5051170524418498,1.191836480899683,1.3532820928548241,-0.06656997169137523,-0.008402806720876047
1.1098899282070755,-2.0300677399206397,-0.9245418765591534,-0.37168951599449285,-2.6396633961502736,-0.553438040514648,-0.5939175303563251
-1.0122109104539625,-2.264145680203494,-1.382032733839475,-1.9352155128886688,-0.9332764350369838,0.16254441363722402,-0.7812822419196689
-1.5506544068306436,-2.0300677399206397,-1.639371341059655,-1.6850513533856004,-1.7864699155936286,-1.7276492653237185,-1.5775822660638792
-1.0122109104539625,-1.0352364937185092,-1.1532873051993142,-2.21665019232962,0.19293895929778762,-1.26942049466652,-1.366796965555118
-2.342483077972822,-1.5326521168195744,-1.382032733839475,-1.434887193882532,-2.0594918293717552,-1.985402948818392,-1.5775822660638792
0.033002935453713314,-1.0352364937185092,-1.1532873051993142,-1.1534525144415808,-0.6602545212588572,-1.4985348799951193,-0.7812822419196689
-0.22038223931178402,0.6618285733321844,0.5051170524418498,0.9104018014587318,1.3532820928548241,1.1362805512837695,0.7644766284779169
-1.2655960852194599,-2.9956392435874135,-2.0968621983399767,-1.6850513533856004,-1.2062983488151104,-1.0116668111718465,-1.952311689190567
-1.2655960852194599,-1.0352364937185092,-2.5829462342003175,-1.1534525144415808,-1.7864699155936286,-1.985402948818392,-2.350461701262672
-1.0122109104539625,-0.8011585534356549,-1.1532873051993142,-0.12152535649142451,-0.6602545212588572,-0.2956843570199745,0.577111916914573
-1.2655960852194599,-4.2245484300723986,-3.5265211273409798,-0.9032883549385124,-0.6602545212588572,-0.553438040514648,-1.179432253991774
-0.22038223931178402,-0.06966499005173525,-0.20971241205865185,0.12863880301164385,-0.08008295448033896,-0.2956843570199745,-0.1957675182842199
-0.47376741407728135,-0.5670806131528003,-0.20971241205865185,-0.12152535649142451,0.5000886122981792,0.6494124824604968,-0.5939175303563251
-2.0574247563616384,-2.0300677399206397,-1.382032733839475,-1.9352155128886688,-2.0594918293717552,-1.985402948818392,-1.5775822660638792
-1.5506544068306436,-2.0300677399206397,-2.0968621983399767,-0.9032883549385124,-0.9332764350369838,-1.7276492653237185,-1.764946977627223
-0.22038223931178402,-1.29857417653672,-0.20971241205865185,-1.1534525144415808,-0.08008295448033896,-0.06656997169137523,-0.5939175303563251
-2.342483077972822,-1.5326521168195744,-2.0968621983399767,-1.6850513533856004,-1.7864699155936286,-1.985402948818392,-1.952311689190567
0.033002935453713314,-0.5670806131528003,0.27637162380168906,-0.37168951599449285,-0.08008295448033896,-0.553438040514648,-0.4065528187929812
-0.47376741407728135,-0.8011585534356549,-1.639371341059655,-0.6531241954354441,-1.7864699155936286,-1.7276492653237185,-0.5939175303563251
-0.7588257356884651,-1.0352364937185092,-1.382032733839475,-1.434887193882532,-0.6602545212588572,-1.4985348799951193,-0.7812822419196689
-1.804039581596141,-2.0300677399206397,-1.639371341059655,-1.1534525144415808,-2.9126853099284,-1.985402948818392,-1.952311689190567
-1.0122109104539625,-0.5670806131528003,-1.1532873051993142,-1.6850513533856004,-0.9332764350369838,-1.26942049466652,-0.9920675424284302
-0.47376741407728135,-1.0352364937185092,-1.1532873051993142,-1.1534525144415808,0.5000886122981792,-1.0116668111718465,-0.9920675424284302
-0.22038223931178402,-0.8011585534356549,0.04762619516152833,-1.6850513533856004,-1.513448001815502,-1.985402948818392,-1.5775822660638792
-0.47376741407728135,-0.8011585534356549,-1.1532873051993142,-1.6850513533856004,-0.9332764350369838,-1.26942049466652,-1.366796965555118
-1.2655960852194599,-3.9612107472541878,-3.5265211273409798,-1.434887193882532,-0.6602545212588572,-1.985402948818392,-0.7812822419196689
-0.47376741407728135,-1.5326521168195744,-1.1532873051993142,-1.1534525144415808,-1.513448001815502,-1.4985348799951193,-0.7812822419196689
-1.804039581596141,-2.264145680203494,-2.0968621983399767,-2.21665019232962,-1.513448001815502,-1.985402948818392,-1.952311689190567
-1.804039581596141,-2.0300677399206397,-2.0968621983399767,-1.1534525144415808,-2.3666414823721467,-1.985402948818392,-2.350461701262672
-1.2655960852194599,-2.264145680203494,-2.3542008055601564,-0.6531241954354441,-0.6602545212588572,-1.0116668111718465,-1.952311689190567
0.033002935453713314,0.42775063304932986,0.5051170524418498,0.41007348245259506,-0.35310486825846554,-0.2956843570199745,0.1789619048424678
-1.2655960852194599,-2.264145680203494,-2.3542008055601564,-2.466814351832688,-2.3666414823721467,-2.2145173341469913,-1.952311689190567
-1.5506544068306436,-1.766730057102429,-3.0690302700606584,-1.6850513533856004,-2.0594918293717552,-1.4985348799951193,-3.123341136461465
-0.22038223931178402,-0.5670806131528003,0.04762619516152833,0.12863880301164385,0.19293895929778762,-1.7276492653237185,-1.179432253991774
-0.7588257356884651,-1.5326521168195744,-1.639371341059655,-1.1534525144415808,-1.2062983488151104,-1.0116668111718465,-1.952311689190567
-0.7588257356884651,-1.5326521168195744,-2.0968621983399767,-1.6850513533856004,-2.0594918293717552,-1.7276492653237185,-1.5775822660638792
-2.342483077972822,-2.0300677399206397,-1.639371341059655,-2.466814351832688,-2.0594918293717552,-1.7276492653237185,-1.5775822660638792
-1.5506544068306436,-1.766730057102429,-1.639371341059655,-2.7169785113357565,0.19293895929778762,-0.2956843570199745,-1.764946977627223
-1.5506544068306436,-1.5326521168195744,-1.1532873051993142,-0.9032883549385124,-0.6602545212588572,-0.7825524258432472,-1.366796965555118
-0.47376741407728135,0.6618285733321844,0.04762619516152833,0.41007348245259506,1.3532820928548241,0.878526867789096,0.38974720535122914
0.31806125706489713,-0.5670806131528003,-0.6672032693389732,-2.7169785113357565,-1.2062983488151104,-0.2956843570199745,-0.1957675182842199
-2.849253427503817,-3.4930548666884786,-2.8116916628404782,-2.21665019232962,-1.7864699155936286,-1.7276492653237185,-2.163096989699328
-3.6410820986459953,-2.9956392435874135,-2.5829462342003175,-0.6531241954354441,-4.073028443485437,-1.7276492653237185,-2.350461701262672
-1.2655960852194599,-2.761561303304559,-2.3542008055601564,-1.6850513533856004,-0.9332764350369838,-2.701385402970264,-2.163096989699328
-0.22038223931178402,-1.5326521168195744,-1.639371341059655,-0.12152535649142451,-1.2062983488151104,-0.553438040514648,-1.179432253991774
-4.432910769788173,-2.9956392435874135,-2.5829462342003175,-1.1534525144415808,-1.7864699155936286,-1.985402948818392,-3.123341136461465
-1.0122109104539625,-1.29857417653672,-1.639371341059655,-1.1534525144415808,-0.6602545212588572,-1.985402948818392,-0.9920675424284302
-0.22038223931178402,-0.5670806131528003,-0.20971241205865185,0.12863880301164385,0.5000886122981792,-0.7825524258432472,-0.008402806720876047
-0.47376741407728135,-1.5326521168195744,-1.639371341059655,-1.434887193882532,-2.0594918293717552,-1.985402948818392,-1.764946977627223
-0.7588257356884651,-1.5326521168195744,-2.5829462342003175,-4.561939187670884,0.19293895929778762,-3.417367857122136,-1.952311689190567
-1.5506544068306436,-2.0300677399206397,-1.639371341059655,-1.1534525144415808,-1.2062983488151104,-1.26942049466652,-2.163096989699328
-2.342483077972822,-2.0300677399206397,-2.0968621983399767,-2.21665019232962,-1.7864699155936286,-1.985402948818392,-1.179432253991774
-2.342483077972822,-2.9956392435874135,-2.5829462342003175,-1.9352155128886688,-2.6396633961502736,-1.4985348799951193,-1.952311689190567
-1.2655960852194599,-1.5326521168195744,-1.639371341059655,-0.12152535649142451,-1.2062983488151104,-1.4985348799951193,-1.179432253991774
1.1098899282070755,0.16441295023111924,-0.6672032693389732,0.12863880301164385,-0.6602545212588572,-1.0116668111718465,-1.5775822660638792
-2.849253427503817,-2.9956392435874135,-3.0690302700606584,-1.6850513533856004,-1.2062983488151104,-2.2145173341469913,-2.350461701262672
-0.22038223931178402,-0.8011585534356549,-1.382032733839475,-1.6850513533856004,-1.2062983488151104,-1.985402948818392,-1.5775822660638792
-1.2655960852194599,-1.766730057102429,-2.0968621983399767,-2.21665019232962,-0.9332764350369838,0.6494124824604968,-2.163096989699328
-1.0122109104539625,-2.0300677399206397,-2.0968621983399767,-1.434887193882532,-1.2062983488151104,-1.985402948818392,-1.952311689190567
-1.2655960852194599,-1.0352364937185092,-1.639371341059655,-1.1534525144415808,-0.35310486825846554,-2.4436317194755905,-1.764946977627223
-1.804039581596141,-1.766730057102429,-1.8681167696998158,-1.9352155128886688,-1.2062983488151104,-1.985402948818392,-1.764946977627223
-1.5506544068306436,-2.264145680203494,-2.3542008055601564,-1.6850513533856004,-1.7864699155936286,-2.2145173341469913,-2.537826412826016
-0.7588257356884651,-2.264145680203494,-2.0968621983399767,-0.9032883549385124,-0.08008295448033896,-1.4985348799951193,-1.179432253991774
-2.5958682527383194,-2.9956392435874135,-3.5265211273409798,-1.6850513533856004,-0.9332764350369838,-2.2145173341469913,-2.7486117133347774
-2.5958682527383194,-2.4982236204863484,-3.5265211273409798,-1.1534525144415808,-1.7864699155936286,-2.701385402970264,-2.537826412826016
-1.5506544068306436,-1.5326521168195744,-1.639371341059655,-0.12152535649142451,-0.6602545212588572,-1.985402948818392,-1.764946977627223
-0.22038223931178402,-0.8011585534356549,-1.1532873051993142,-0.9032883549385124,-0.35310486825846554,-0.553438040514648,-0.4065528187929812
-3.387696923880498,-3.4930548666884786,-2.5829462342003175,-0.12152535649142451,-0.6602545212588572,-1.985402948818392,-3.52149114853357
-1.804039581596141,-2.761561303304559,-2.0968621983399767,-2.21665019232962,-1.513448001815502,-1.985402948818392,-1.952311689190567
-2.0574247563616384,-3.2297171838702683,-3.5265211273409798,-0.6531241954354441,-0.9332764350369838,-2.2145173341469913,-2.350461701262672
0.31806125706489713,-1.5326521168195744,-0.6672032693389732,0.12863880301164385,-0.6602545212588572,-0.553438040514648,-0.9920675424284302
-1.2655960852194599,-1.0352364937185092,-0.6672032693389732,0.12863880301164385,0.5000886122981792,-1.7276492653237185,-0.4065528187929812
-1.0122109104539625,-2.761561303304559,-2.3542008055601564,-1.6850513533856004,-1.7864699155936286,-3.1596141736274626,-1.952311689190567
-1.804039581596141,-1.0352364937185092,-1.639371341059655,-1.1534525144415808,-1.7864699155936286,-1.0116668111718465,-0.9920675424284302
-1.5506544068306436,-1.29857417653672,-1.382032733839475,-1.434887193882532,-2.0594918293717552,-1.7276492653237185,-1.366796965555118
1.363275102972573,-0.5670806131528003,0.9912010883021907,-0.6531241954354441,-0.35310486825846554,0.42029809713189753,-0.4065528187929812
-2.0574247563616384,-1.766730057102429,-1.382032733839475,-0.12152535649142451,0.19293895929778762,-1.0116668111718465,-1.366796965555118
-2.0574247563616384,-2.264145680203494,-0.9245418765591534,-1.1534525144415808,-0.6602545212588572,-2.4436317194755905,-2.537826412826016
-3.926140420257179,-2.9956392435874135,-3.0690302700606584,-2.21665019232962,-4.073028443485437,-2.9304997882988633,-2.9359764248981213
-2.0574247563616384,-1.766730057102429,-1.382032733839475,-1.9352155128886688,-1.2062983488151104,-1.4985348799951193,-2.163096989699328
-3.387696923880498,-2.4982236204863484,-2.8116916628404782,-1.1534525144415808,-0.6602545212588572,-2.9304997882988633,-2.537826412826016
-2.0574247563616384,-1.5326521168195744,-1.639371341059655,-1.9352155128886688,-0.35310486825846554,-1.7276492653237185,-1.764946977627223
-1.804039581596141,-1.5326521168195744,-1.639371341059655,-1.6850513533856004,-0.6602545212588572,-1.985402948818392,-1.952311689190567
-2.849253427503817,-2.9956392435874135,-3.5265211273409798,-2.7169785113357565,-2.3666414823721467,-3.8755966277793346,-2.7486117133347774
-1.804039581596141,-3.9612107472541878,-3.5265211273409798,-2.7169785113357565,-3.4928568767069184,-3.8755966277793346,-2.350461701262672
-1.804039581596141,-3.4930548666884786,-3.5265211273409798,-3.2485773502797763,-2.9126853099284,-3.8755966277793346,-2.7486117133347774
-1.5506544068306436,-2.0300677399206397,-3.297775698700819,-0.37168951599449285,-0.9332764350369838,-2.2145173341469913,-1.764946977627223
-2.5958682527383194,-2.761561303304559,-2.8116916628404782,-2.7169785113357565,-1.513448001815502,-2.4436317194755905,-2.537826412826016
-1.0122109104539625,-2.761561303304559,-3.0690302700606584,-4.030340348726864,-3.765878790485045,-4.133350311274008,-3.123341136461465
-0.22038223931178402,-2.4982236204863484,-2.0968621983399767,0.41007348245259506,-0.6602545212588572,-2.4436317194755905,-1.952311689190567
