Country.of.Origin,Harvest.Year,Variety,Processing.Method,Aroma,Flavor,Aftertaste,Acidity,Body,Balance,Uniformity,Clean.Cup,Sweetness,Cupper.Points,Total.Cup.Points,Moisture,Category.One.Defects,Quakers,Color,Category.Two.Defects,altitude_mean_meters,altitude_reportada,humedad_reportada,grupo
Ethiopia,2014.0,Desconocido,Washed / Wet,8.67,8.83,8.67,8.75,8.5,8.42,10.0,10.0,10.0,8.75,90.58,0.12,0,0.0,Green,0,2075.0,1,1,2
Ethiopia,2014.0,Other,Washed / Wet,8.75,8.67,8.5,8.58,8.42,8.42,10.0,10.0,10.0,8.58,89.92,0.12,0,0.0,Green,1,2075.0,1,1,2
Guatemala,,Bourbon,Desconocido,8.42,8.5,8.42,8.42,8.33,8.42,10.0,10.0,10.0,9.25,89.75,,0,0.0,Desconocido,0,1700.0,1,0,2
Ethiopia,2014.0,Desconocido,Natural / Dry,8.17,8.58,8.42,8.42,8.5,8.25,10.0,10.0,10.0,8.67,89.0,0.11,0,0.0,Green,2,2000.0,1,1,2
Ethiopia,2014.0,Other,Washed / Wet,8.25,8.5,8.25,8.5,8.42,8.33,10.0,10.0,10.0,8.58,88.83,0.12,0,0.0,Green,2,2075.0,1,1,2
Brazil,2013.0,Desconocido,Natural / Dry,8.58,8.42,8.42,8.5,8.25,8.33,10.0,10.0,10.0,8.33,88.83,0.11,0,0.0,Bluish-Green,1,,0,1,2
Peru,2012.0,Other,Washed / Wet,8.42,8.5,8.33,8.5,8.25,8.25,10.0,10.0,10.0,8.5,88.75,0.11,0,0.0,Bluish-Green,0,,0,1,2
Ethiopia,2010.0,Desconocido,Desconocido,8.25,8.33,8.5,8.42,8.33,8.5,10.0,10.0,9.33,9.0,88.67,0.03,0,0.0,Desconocido,0,1635.0,1,1,2
Ethiopia,2010.0,Desconocido,Desconocido,8.67,8.67,8.58,8.42,8.33,8.42,9.33,10.0,9.33,8.67,88.42,0.03,0,0.0,Desconocido,0,1635.0,1,1,2
Ethiopia,2014.0,Other,Natural / Dry,8.08,8.58,8.5,8.5,7.67,8.42,10.0,10.0,10.0,8.5,88.25,0.1,0,0.0,Green,4,1822.5,1,1,2
Ethiopia,2014.0,Desconocido,Natural / Dry,8.17,8.67,8.25,8.5,7.75,8.17,10.0,10.0,10.0,8.58,88.08,0.1,0,0.0,Desconocido,1,1905.0,1,1,2
United States,2014.0,Other,Washed / Wet,8.25,8.42,8.17,8.33,8.08,8.17,10.0,10.0,10.0,8.5,87.92,,0,0.0,Desconocido,0,1872.0,1,0,2
United States,2014.0,Other,Washed / Wet,8.08,8.67,8.33,8.42,8.0,8.08,10.0,10.0,10.0,8.33,87.92,,0,0.0,Desconocido,0,1943.0,1,0,2
United States (Hawaii),2009.0,Desconocido,Desconocido,8.33,8.42,8.08,8.25,8.25,8.0,10.0,10.0,10.0,8.58,87.92,,0,0.0,Desconocido,2,609.6,1,0,2
Ethiopia,2010.0,Desconocido,Desconocido,8.25,8.33,8.5,8.25,8.58,8.75,9.33,10.0,9.33,8.5,87.83,0.05,0,0.0,Desconocido,2,1635.0,1,1,2
United States,2014.0,Other,Washed / Wet,8.0,8.5,8.58,8.17,8.17,8.0,10.0,10.0,10.0,8.17,87.58,,0,0.0,Desconocido,0,2080.0,1,0,2
Indonesia,,Desconocido,Desconocido,8.33,8.25,7.83,7.75,8.5,8.42,10.0,10.0,10.0,8.33,87.42,0.03,0,0.0,Desconocido,0,1500.0,1,1,2
Ethiopia,2009.0,Desconocido,Desconocido,8.17,8.33,8.25,8.33,8.42,8.33,9.33,10.0,9.33,8.83,87.33,0.05,0,0.0,Desconocido,2,,0,1,2
China,2015.0,Catimor,Washed / Wet,8.42,8.25,8.08,8.17,7.92,8.0,10.0,10.0,10.0,8.42,87.25,0.1,0,0.0,Green,0,1450.0,1,1,2
Ethiopia,2014.0,Ethiopian Yirgacheffe,Natural / Dry,8.17,8.17,8.0,8.17,8.08,8.33,10.0,10.0,10.0,8.33,87.25,,0,0.0,Desconocido,8,1850.0,1,0,2
United States,2014.0,Other,Washed / Wet,8.0,8.25,8.08,8.5,8.25,8.0,10.0,10.0,10.0,8.17,87.25,,0,0.0,Desconocido,0,2019.0,1,0,2
Costa Rica,2014.0,Caturra,Washed / Wet,8.08,8.25,8.0,8.17,8.0,8.33,10.0,10.0,10.0,8.33,87.17,0.11,0,0.0,Green,2,1300.0,1,1,2
Mexico,2012.0,Other,Washed / Wet,8.17,8.25,8.17,8.0,7.83,8.17,10.0,10.0,10.0,8.58,87.17,0.13,0,0.0,Green,0,1320.0,1,1,2
United States,2014.0,Other,Washed / Wet,8.25,8.33,8.17,8.17,7.83,8.17,10.0,10.0,10.0,8.17,87.08,,0,0.0,Desconocido,0,2112.0,1,0,2
Ethiopia,2013.0,Desconocido,Natural / Dry,8.42,8.17,7.92,8.17,8.33,8.0,10.0,10.0,10.0,8.08,87.08,0.11,0,0.0,Bluish-Green,1,,0,1,2
Brazil,2011.0,Bourbon,Natural / Dry,8.5,8.5,8.0,8.0,8.0,8.0,10.0,10.0,10.0,7.92,86.92,0.12,0,0.0,Green,2,1250.0,1,1,2
Ethiopia,2009.0,Desconocido,Desconocido,7.83,8.25,8.08,8.17,8.17,8.17,10.0,10.0,10.0,8.25,86.92,0.05,0,0.0,Desconocido,2,,0,1,2
Uganda,2013.0,SL14,Washed / Wet,8.42,8.17,8.17,8.17,7.83,7.92,10.0,10.0,10.0,8.17,86.83,0.12,0,0.0,Green,1,1950.0,1,1,2
Honduras,2016.0,Caturra,Desconocido,8.17,8.08,8.08,8.0,8.08,8.0,10.0,10.0,10.0,8.25,86.67,0.1,0,0.0,Green,3,1400.0,1,1,2
Taiwan,2015.0,Sumatra,Pulped natural / honey,8.0,8.0,8.0,8.25,8.0,8.17,10.0,10.0,10.0,8.17,86.58,,0,0.0,Green,0,1200.0,1,0,2
Nicaragua,,Desconocido,Desconocido,7.92,8.25,8.0,8.33,8.0,8.08,10.0,10.0,10.0,8.0,86.58,0.08,0,0.0,Desconocido,2,,0,1,2
"Tanzania, United Republic Of",2012.0,Desconocido,Natural / Dry,8.42,8.17,8.17,8.0,7.58,8.0,10.0,10.0,10.0,8.17,86.5,0.11,0,0.0,Bluish-Green,1,,0,1,2
Brazil,2011.0,Bourbon,Natural / Dry,8.5,8.17,8.0,7.75,8.0,8.0,10.0,10.0,10.0,8.0,86.42,0.12,0,0.0,Green,2,1300.0,1,1,2
Costa Rica,2015.0,Caturra,Washed / Wet,8.17,7.83,8.0,8.08,7.83,8.0,10.0,10.0,10.0,8.42,86.33,,0,0.0,Blue-Green,0,1300.0,1,0,2
Ethiopia,2014.0,Desconocido,Natural / Dry,8.0,8.08,7.92,8.0,8.08,8.08,10.0,10.0,10.0,8.08,86.25,0.1,0,0.0,Green,3,1775.0,1,1,2
Kenya,2013.0,SL34,Washed / Wet,8.08,8.0,8.0,8.25,7.92,7.92,10.0,10.0,10.0,8.08,86.25,0.12,0,0.0,Blue-Green,1,1800.0,1,1,2
United States (Hawaii),2012.0,Hawaiian Kona,Natural / Dry,8.08,8.17,8.0,7.92,7.92,7.83,10.0,10.0,10.0,8.33,86.25,,1,0.0,Desconocido,4,,0,0,2
United States (Hawaii),2010.0,Desconocido,Desconocido,8.25,8.42,8.08,7.75,7.67,7.83,10.0,10.0,10.0,8.25,86.25,,2,0.0,Desconocido,1,,0,0,2
Ethiopia,2009.0,Desconocido,Desconocido,7.92,7.75,8.08,8.08,8.08,8.17,10.0,10.0,10.0,8.17,86.25,0.1,0,0.0,Desconocido,2,,0,1,2
United States,2014.0,Other,Washed / Wet,7.67,8.17,8.0,8.0,8.17,8.08,10.0,10.0,10.0,8.08,86.17,,0,0.0,Desconocido,0,1941.0,1,0,2
Thailand,2012.0,Caturra,Washed / Wet,7.83,8.33,7.83,8.25,7.58,7.92,10.0,10.0,10.0,8.42,86.17,0.1,1,0.0,Green,9,1300.0,1,1,2
Brazil,2010.0,Yellow Bourbon,Desconocido,8.17,7.92,7.92,7.75,8.33,8.0,10.0,10.0,10.0,8.08,86.17,0.08,0,0.0,Desconocido,2,,0,1,2
Brazil,2010.0,Yellow Bourbon,Desconocido,8.42,7.92,8.0,7.75,7.92,8.0,10.0,10.0,10.0,8.17,86.17,0.01,0,0.0,Desconocido,3,,0,1,2
Taiwan,2015.0,Bourbon,Semi-washed / Semi-pulped,8.08,8.17,7.75,8.08,7.75,7.83,10.0,10.0,10.0,8.42,86.08,0.12,0,0.0,Green,0,1000.0,1,1,2
Kenya,2014.0,SL28,Natural / Dry,8.08,8.08,8.0,8.0,7.83,8.08,10.0,10.0,10.0,8.0,86.08,0.11,0,0.0,Bluish-Green,2,1754.0,1,1,2
Brazil,2011.0,Bourbon,Semi-washed / Semi-pulped,8.33,8.0,8.0,8.0,7.75,8.0,10.0,10.0,10.0,8.0,86.08,0.11,0,0.0,Blue-Green,2,1250.0,1,1,2
Uganda,2014.0,Desconocido,Semi-washed / Semi-pulped,8.08,8.08,7.83,7.92,8.08,7.92,10.0,10.0,10.0,8.08,86.0,,0,0.0,Desconocido,0,,0,0,2
Colombia,2013.0,Caturra,Washed / Wet,7.75,7.92,7.83,8.08,8.08,8.17,10.0,10.0,10.0,8.17,86.0,0.12,1,0.0,Green,1,1200.0,1,1,2
Kenya,2013.0,SL28,Washed / Wet,7.92,8.17,7.83,8.5,7.5,7.92,10.0,10.0,10.0,8.17,86.0,0.11,0,0.0,Green,1,1860.0,1,1,2
Uganda,2012.0,Other,Washed / Wet,8.25,8.0,7.83,8.08,8.0,7.92,10.0,10.0,10.0,7.92,86.0,0.1,0,0.0,Blue-Green,0,1650.0,1,1,2
Ethiopia,2009.0,Desconocido,Desconocido,7.75,8.08,8.0,8.25,8.0,8.0,10.0,10.0,10.0,7.92,86.0,0.01,0,0.0,Desconocido,4,1750.0,1,1,2
United States (Hawaii),2009.0,Desconocido,Desconocido,8.33,8.17,7.75,8.0,7.75,7.83,10.0,10.0,10.0,8.17,86.0,,0,0.0,Desconocido,0,426.72,1,0,2
Guatemala,2016.0,Bourbon,Washed / Wet,7.92,8.08,7.92,8.08,8.08,7.83,10.0,10.0,10.0,8.0,85.92,0.1,0,1.0,Green,3,,0,1,2
Uganda,2013.0,SL14,Natural / Dry,8.17,8.17,7.92,8.08,7.83,7.75,10.0,10.0,10.0,8.0,85.92,0.12,0,0.0,Green,0,1650.0,1,1,2
Colombia,2013.0,Caturra,Washed / Wet,8.0,8.0,8.0,8.17,7.83,8.0,10.0,10.0,10.0,7.92,85.92,,1,0.0,Blue-Green,0,1800.0,1,0,2
Panama,2017.0,Gesha,Washed / Wet,8.0,8.0,7.92,8.08,7.83,8.0,10.0,10.0,10.0,8.0,85.83,0.08,0,1.0,Bluish-Green,0,1600.0,1,1,2
Ethiopia,2014.0,Desconocido,Washed / Wet,7.83,8.08,7.92,8.08,8.0,7.92,10.0,10.0,10.0,8.0,85.83,0.1,0,0.0,Green,4,1900.0,1,1,2
Guatemala,2012.0,Bourbon,Washed / Wet,7.83,8.0,8.0,8.17,7.83,8.0,10.0,10.0,10.0,8.0,85.83,0.12,0,0.0,Green,3,1524.0,1,1,2
Guatemala,2012.0,Catuai,Washed / Wet,8.0,8.0,7.83,8.33,7.83,7.83,10.0,10.0,10.0,8.0,85.83,0.1,0,0.0,Bluish-Green,1,1417.32,1,1,2
Ethiopia,2017.0,Caturra,Natural / Dry,7.83,8.0,7.83,8.17,7.92,8.0,10.0,10.0,10.0,8.0,85.75,0.09,0,4.0,Desconocido,7,,0,1,2
Peru,2013.0,Desconocido,Washed / Wet,8.0,8.0,8.0,8.08,7.92,7.75,10.0,10.0,10.0,8.0,85.75,0.1,4,0.0,Green,6,,0,1,2
Papua New Guinea,2012.0,Desconocido,Washed / Wet,8.33,8.42,7.83,8.33,8.0,8.25,9.33,9.33,10.0,7.92,85.75,0.12,0,0.0,Bluish-Green,1,1700.0,1,1,2
El Salvador,2013.0,Bourbon,Washed / Wet,7.92,8.17,8.0,7.92,7.75,7.83,10.0,10.0,10.0,8.0,85.58,0.1,0,0.0,Blue-Green,3,1500.0,1,1,2
El Salvador,2012.0,Bourbon,Semi-washed / Semi-pulped,7.83,8.0,8.0,7.75,7.92,8.17,10.0,10.0,10.0,7.92,85.58,0.11,0,0.0,Desconocido,0,1350.0,1,1,2
United States (Hawaii),2012.0,Hawaiian Kona,Natural / Dry,7.83,8.0,7.92,7.75,8.08,8.0,10.0,10.0,10.0,8.0,85.58,,0,0.0,Desconocido,1,,0,0,2
Panama,2014.0,Caturra,Natural / Dry,8.0,7.75,7.83,7.83,7.67,8.58,10.0,10.0,10.0,7.83,85.5,0.09,2,0.0,Desconocido,2,1680.0,1,1,2
Kenya,2014.0,SL28,Natural / Dry,7.92,7.92,7.83,8.08,7.83,7.92,10.0,10.0,10.0,8.0,85.5,0.1,0,0.0,Green,3,1900.0,1,1,2
Ethiopia,2015.0,Other,Natural / Dry,7.83,8.0,7.83,7.92,7.83,8.08,10.0,10.0,10.0,8.0,85.5,0.12,0,0.0,Green,7,1900.0,1,1,2
Uganda,2013.0,SL14,Washed / Wet,8.33,7.92,7.67,7.92,7.67,7.92,10.0,10.0,10.0,8.08,85.5,0.12,0,0.0,Green,1,1600.0,1,1,2
Guatemala,2013.0,Bourbon,Washed / Wet,8.0,7.83,7.67,8.33,7.83,8.0,10.0,10.0,10.0,7.83,85.5,0.11,0,0.0,Green,1,1731.264,1,1,2
Ethiopia,2015.0,Desconocido,Washed / Wet,7.75,7.83,7.83,8.17,7.92,7.83,10.0,10.0,10.0,8.08,85.42,0.1,0,0.0,Green,18,1900.0,1,1,2
Uganda,2013.0,SL14,Washed / Wet,8.08,8.0,7.83,7.67,8.0,7.83,10.0,10.0,10.0,8.0,85.42,0.12,0,0.0,Green,5,1950.0,1,1,2
United States (Hawaii),2012.0,Hawaiian Kona,Natural / Dry,7.92,7.92,7.75,7.92,7.75,7.92,10.0,10.0,10.0,8.25,85.42,,4,0.0,Desconocido,6,,0,0,2
Brazil,2011.0,Bourbon,Semi-washed / Semi-pulped,8.0,8.0,8.0,7.67,7.75,8.0,10.0,10.0,10.0,8.0,85.42,0.11,0,0.0,Blue-Green,1,1250.0,1,1,2
El Salvador,2009.0,Desconocido,Desconocido,8.08,7.83,7.83,8.08,7.83,7.83,10.0,10.0,10.0,7.92,85.42,0.01,0,0.0,Desconocido,0,1400.0,1,1,2
China,2015.0,Catimor,Natural / Dry,8.0,8.0,8.0,7.83,7.83,7.75,10.0,10.0,10.0,7.92,85.33,0.1,0,0.0,Green,0,1700.0,1,1,2
Guatemala,2014.0,Pacamara,Natural / Dry,7.83,7.75,7.83,7.67,7.83,8.58,10.0,10.0,10.0,7.83,85.33,0.11,0,0.0,Green,1,1770.0,1,1,2
Costa Rica,2014.0,Caturra,Washed / Wet,7.92,8.08,8.0,7.92,8.0,8.08,10.0,10.0,9.33,8.0,85.33,,0,0.0,Bluish-Green,0,1300.0,1,0,2
Costa Rica,2014.0,Caturra,Washed / Wet,8.0,7.58,7.58,7.67,8.08,8.5,10.0,10.0,10.0,7.92,85.33,0.1,0,0.0,Bluish-Green,2,1300.0,1,1,2
Kenya,2012.0,SL34,Washed / Wet,7.83,8.08,7.75,8.08,7.92,7.75,10.0,10.0,10.0,7.92,85.33,,0,0.0,Green,2,1600.0,1,0,2
Kenya,2012.0,SL34,Washed / Wet,8.0,7.92,7.92,8.08,7.83,7.75,10.0,10.0,10.0,7.83,85.33,,0,0.0,Green,6,1200.0,1,0,2
Ethiopia,2009.0,Desconocido,Desconocido,7.83,7.83,7.92,8.08,7.75,7.83,10.0,10.0,10.0,8.08,85.33,0.05,0,0.0,Desconocido,2,,0,1,2
Ethiopia,2009.0,Typica,Desconocido,7.92,7.83,7.75,8.33,7.75,7.75,10.0,10.0,10.0,8.0,85.33,0.1,0,0.0,Desconocido,3,,0,1,2
Guatemala,2016.0,Bourbon,Desconocido,8.0,7.92,7.75,8.0,7.92,7.83,10.0,10.0,10.0,7.83,85.25,0.1,0,2.0,Green,2,,0,1,2
Colombia,2015.0,Caturra,Washed / Wet,8.17,7.92,7.83,8.0,7.58,7.83,10.0,10.0,10.0,7.92,85.25,0.11,0,0.0,Green,0,1550.0,1,1,2
Colombia,2014.0,Caturra,Natural / Dry,7.58,8.08,7.92,7.83,8.0,7.92,10.0,10.0,10.0,7.92,85.25,0.12,0,0.0,Green,2,1550.0,1,1,2
Indonesia,2012.0,Sumatra Lintong,Semi-washed / Semi-pulped,7.75,7.83,7.67,8.0,8.08,7.83,10.0,10.0,10.0,8.0,85.17,0.11,0,0.0,Green,3,1325.0,1,1,2
Guatemala,2012.0,Caturra,Washed / Wet,8.25,8.0,7.67,7.92,7.75,7.67,10.0,10.0,10.0,7.92,85.17,,0,0.0,Desconocido,7,1400.0,1,0,2
Ethiopia,2016.0,Other,Natural / Dry,7.75,8.0,7.58,8.0,8.0,7.92,10.0,10.0,10.0,7.83,85.08,0.11,0,1.0,Green,8,,0,1,2
Colombia,2015.0,Caturra,Natural / Dry,8.17,7.83,7.58,8.08,8.0,7.75,10.0,10.0,10.0,7.67,85.08,,0,0.0,Desconocido,0,2560.0,1,0,2
Ethiopia,2014.0,Desconocido,Natural / Dry,8.42,8.0,7.42,8.0,7.92,7.92,9.33,10.0,10.0,8.08,85.08,0.1,2,0.0,Green,7,1700.0,1,1,2
United States (Hawaii),2014.0,Hawaiian Kona,Natural / Dry,7.58,7.83,7.83,7.92,7.83,8.17,10.0,10.0,10.0,7.92,85.08,0.11,2,0.0,Bluish-Green,2,,0,1,2
Colombia,2012.0,Caturra,Natural / Dry,7.83,8.0,7.75,7.75,7.83,7.83,10.0,10.0,10.0,8.08,85.08,0.11,0,0.0,Green,8,2136.0,1,1,2
United States (Hawaii),2010.0,Desconocido,Desconocido,8.08,8.17,7.92,8.0,8.08,8.0,9.33,9.33,10.0,8.17,85.08,0.01,1,0.0,Desconocido,7,,0,1,2
Ethiopia,2010.0,Desconocido,Desconocido,7.67,8.0,7.83,8.0,7.92,7.83,10.0,10.0,10.0,7.83,85.08,,0,0.0,Desconocido,5,,0,0,2
United States (Hawaii),,Desconocido,Desconocido,7.5,7.92,8.25,7.83,7.92,7.75,10.0,10.0,10.0,7.92,85.08,,0,0.0,Desconocido,0,,0,0,2
Uganda,2016.0,SL14,Washed / Wet,8.17,7.92,7.75,7.75,7.67,7.75,10.0,10.0,10.0,8.0,85.0,0.11,0,0.0,Green,1,1800.0,1,1,2
Colombia,2016.0,Caturra,Washed / Wet,8.0,7.92,7.75,7.92,7.75,7.83,10.0,10.0,10.0,7.83,85.0,,0,0.0,Green,3,,0,0,2
Costa Rica,2016.0,Catuai,Washed / Wet,7.83,8.0,7.58,7.92,7.92,7.83,10.0,10.0,10.0,7.92,85.0,0.12,1,1.0,Green,1,1900.0,1,1,2
Mexico,2015.0,Typica,Washed / Wet,7.83,8.0,7.83,7.75,7.67,7.83,10.0,10.0,10.0,8.08,85.0,0.09,0,0.0,Green,3,1300.0,1,1,2
Kenya,2015.0,Desconocido,Washed / Wet,8.17,7.83,7.92,7.75,7.67,7.83,10.0,10.0,10.0,7.83,85.0,0.11,0,5.0,Green,7,,0,1,2
Kenya,2012.0,SL34,Washed / Wet,7.75,7.83,7.75,8.08,8.0,7.75,10.0,10.0,10.0,7.83,85.0,,0,0.0,Green,5,1580.0,1,0,2
Brazil,2012.0,Mundo Novo,Natural / Dry,8.0,8.0,7.83,7.83,7.67,7.67,10.0,10.0,10.0,8.0,85.0,0.12,0,0.0,Green,3,1100.0,1,1,2
Mexico,2010.0,Pacamara,Desconocido,7.92,8.17,7.75,8.08,7.42,7.83,10.0,10.0,10.0,7.83,85.0,,0,0.0,Desconocido,0,1400.0,1,0,2
United States (Hawaii),,Desconocido,Desconocido,7.75,7.92,7.75,7.75,8.0,8.0,10.0,10.0,10.0,7.83,85.0,,0,0.0,Desconocido,1,,0,0,2
Guatemala,2009.0,Desconocido,Desconocido,7.83,8.08,7.67,8.0,7.75,7.67,10.0,10.0,10.0,8.0,85.0,0.04,0,0.0,Desconocido,1,1325.88,1,1,2
Colombia,2016.0,Caturra,Washed / Wet,7.92,7.92,7.67,7.83,7.92,7.83,10.0,10.0,10.0,7.83,84.92,,1,6.0,Desconocido,2,,0,0,2
Colombia,2015.0,Caturra,Washed / Wet,7.92,7.83,7.75,7.83,7.75,8.0,10.0,10.0,10.0,7.83,84.92,0.12,0,0.0,Green,1,1775.0,1,1,2
Taiwan,2015.0,Typica,Semi-washed / Semi-pulped,7.67,7.83,8.0,7.58,8.0,7.92,10.0,10.0,10.0,7.92,84.92,0.11,0,0.0,Green,0,800.0,1,1,2
"Tanzania, United Republic Of",2014.0,Other,Washed / Wet,8.0,7.83,7.83,7.92,7.75,7.75,10.0,10.0,10.0,7.83,84.92,0.12,0,0.0,Green,2,1620.0,1,1,2
Colombia,2012.0,Caturra,Washed / Wet,7.75,7.92,7.83,7.75,7.75,8.0,10.0,10.0,10.0,7.92,84.92,0.11,0,0.0,Green,3,1775.0,1,1,2
Mexico,2012.0,Typica,Semi-washed / Semi-pulped,7.75,8.0,7.75,7.83,7.5,7.92,10.0,10.0,10.0,8.17,84.92,0.11,0,0.0,Desconocido,0,1200.0,1,1,2
Brazil,2011.0,Bourbon,Natural / Dry,8.0,7.92,7.75,7.75,8.0,7.75,10.0,10.0,10.0,7.75,84.92,0.11,0,0.0,Green,2,1200.0,1,1,2
Brazil,2011.0,Catuai,Natural / Dry,8.0,8.0,7.75,8.0,7.5,7.75,10.0,10.0,10.0,7.92,84.92,0.12,0,0.0,Green,2,1000.0,1,1,2
Kenya,2009.0,Desconocido,Desconocido,8.0,7.67,7.83,8.17,7.92,7.75,10.0,10.0,10.0,7.58,84.92,0.06,1,0.0,Desconocido,9,,0,1,2
Taiwan,2016.0,Typica,Natural / Dry,7.92,7.58,7.83,7.83,7.83,7.83,10.0,10.0,10.0,8.0,84.83,,0,0.0,Green,0,350.0,1,0,2
Uganda,2013.0,SL14,Natural / Dry,7.75,7.92,7.67,7.67,8.25,7.75,10.0,10.0,10.0,7.83,84.83,0.12,0,0.0,Green,1,1650.0,1,1,2
United States (Hawaii),2012.0,Hawaiian Kona,Natural / Dry,7.67,7.75,7.75,7.75,7.83,8.0,10.0,10.0,10.0,8.08,84.83,,3,0.0,Desconocido,15,,0,0,2
Ethiopia,2009.0,Desconocido,Desconocido,7.75,7.92,7.83,7.92,7.75,7.67,10.0,10.0,10.0,8.0,84.83,0.1,0,0.0,Desconocido,2,1750.0,1,1,2
Ethiopia,2009.0,Desconocido,Desconocido,7.42,7.92,7.92,8.0,7.83,7.83,10.0,10.0,10.0,7.92,84.83,0.1,0,0.0,Desconocido,4,1750.0,1,1,2
Thailand,2015.0,Caturra,Pulped natural / honey,7.75,7.75,7.75,7.75,8.0,7.75,10.0,10.0,10.0,8.0,84.75,0.12,0,0.0,Green,0,,0,1,2
Kenya,2014.0,SL34,Washed / Wet,7.92,7.83,7.58,7.92,7.75,7.83,10.0,10.0,10.0,7.92,84.75,0.13,0,0.0,Green,0,1800.0,1,1,2
Honduras,2014.0,Catuai,Washed / Wet,7.83,7.75,8.0,7.67,7.67,7.67,10.0,10.0,10.0,8.17,84.75,0.11,0,0.0,Green,4,1450.0,1,1,2
El Salvador,2010.0,Desconocido,Desconocido,7.75,8.0,8.0,8.33,7.67,7.92,10.0,10.0,9.33,7.75,84.75,0.15,0,0.0,Desconocido,3,1200.0,1,1,2
Nicaragua,2009.0,Desconocido,Desconocido,7.83,7.58,7.58,7.83,7.75,7.67,10.0,10.0,10.0,8.5,84.75,0.18,0,0.0,Desconocido,2,925.0,1,1,2
El Salvador,2016.0,Bourbon,Washed / Wet,7.83,7.83,7.5,8.0,7.83,7.67,10.0,10.0,10.0,8.0,84.67,,0,0.0,Blue-Green,2,1350.0,1,0,2
Indonesia,2016.0,Java,Washed / Wet,7.92,7.83,7.75,7.75,7.75,7.75,10.0,10.0,10.0,7.92,84.67,0.12,0,0.0,Green,7,1200.0,1,1,2
Japan,,Mundo Novo,Pulped natural / honey,7.75,7.75,7.75,7.42,8.08,7.83,10.0,10.0,10.0,8.08,84.67,0.12,0,0.0,Green,0,,0,1,2
Costa Rica,2015.0,Catuai,Washed / Wet,8.08,7.75,7.67,7.83,7.5,7.92,10.0,10.0,10.0,7.92,84.67,0.1,0,0.0,Blue-Green,2,1150.0,1,1,2
Guatemala,2015.0,Bourbon,Washed / Wet,7.75,7.83,7.58,8.0,7.92,7.75,10.0,10.0,10.0,7.83,84.67,0.1,0,0.0,Green,1,1600.0,1,1,2
Costa Rica,2014.0,Caturra,Washed / Wet,8.17,8.0,7.83,7.17,7.83,7.75,10.0,10.0,10.0,7.92,84.67,0.12,0,0.0,Green,0,1750.0,1,1,2
Ethiopia,2014.0,Ethiopian Yirgacheffe,Washed / Wet,8.08,7.83,7.75,7.83,7.58,7.67,10.0,10.0,10.0,7.92,84.67,0.1,0,0.0,Desconocido,3,1900.0,1,1,2
Costa Rica,2014.0,Other,Other,7.67,7.58,7.75,7.75,7.67,8.58,10.0,10.0,10.0,7.67,84.67,0.08,0,0.0,Green,1,1750.0,1,1,2
Costa Rica,2014.0,Catuai,Washed / Wet,8.0,7.58,7.83,7.75,7.75,7.75,10.0,10.0,10.0,8.0,84.67,0.11,0,0.0,Green,4,1200.0,1,1,2
Costa Rica,2012.0,Desconocido,Washed / Wet,8.08,7.83,7.75,7.83,7.92,8.0,10.0,10.0,9.33,7.92,84.67,,1,0.0,Green,10,,0,0,2
Taiwan,2013.0,Typica,Washed / Wet,8.0,7.92,7.75,7.75,7.75,7.75,10.0,10.0,10.0,7.75,84.67,0.11,0,0.0,Green,0,1000.0,1,1,2
Colombia,2013.0,Caturra,Washed / Wet,7.75,7.83,7.75,7.83,7.75,7.83,10.0,10.0,10.0,7.92,84.67,,0,0.0,Green,0,1550.0,1,0,2
Kenya,2012.0,SL28,Washed / Wet,7.75,7.92,7.83,8.0,7.58,7.75,10.0,10.0,10.0,7.83,84.67,0.11,0,0.0,Bluish-Green,0,2000.0,1,1,2
Guatemala,2012.0,Bourbon,Washed / Wet,8.0,7.83,7.67,7.83,7.67,8.0,10.0,10.0,10.0,7.67,84.67,0.11,0,0.0,Green,4,1310.64,1,1,2
Guatemala,2012.0,Bourbon,Washed / Wet,7.67,7.83,7.67,8.0,7.67,7.83,10.0,10.0,10.0,8.0,84.67,0.12,0,0.0,Green,4,1524.0,1,1,2
Mexico,2012.0,Typica,Washed / Wet,7.83,7.58,7.67,7.92,7.92,7.83,10.0,10.0,10.0,7.92,84.67,0.13,0,0.0,Desconocido,3,1200.0,1,1,2
Uganda,2012.0,Other,Washed / Wet,7.92,7.83,7.75,7.92,7.67,7.75,10.0,10.0,10.0,7.83,84.67,0.11,0,0.0,Blue-Green,3,1775.0,1,1,2
Peru,,Desconocido,Desconocido,7.67,7.83,7.75,7.75,7.92,7.83,10.0,10.0,10.0,7.92,84.67,,0,0.0,Desconocido,3,,0,0,2
Ethiopia,2009.0,Desconocido,Desconocido,7.42,7.75,7.75,8.0,8.0,7.92,10.0,10.0,10.0,7.83,84.67,0.2,0,0.0,Desconocido,3,1750.0,1,1,2
Kenya,,SL34,Washed / Wet,7.92,7.75,7.83,7.75,7.58,7.92,10.0,10.0,10.0,7.83,84.58,0.11,0,0.0,Blue-Green,5,1754.0,1,1,2
Colombia,2016.0,Other,Washed / Wet,7.83,7.67,7.58,7.92,7.67,7.83,10.0,10.0,10.0,8.08,84.58,,0,0.0,Blue-Green,4,1500.0,1,0,2
Colombia,2016.0,Caturra,Washed / Wet,7.92,7.83,7.58,8.0,7.83,7.67,10.0,10.0,10.0,7.75,84.58,,0,1.0,Green,5,,0,0,2
Kenya,2013.0,Peaberry,Washed / Wet,7.83,7.83,7.83,7.75,7.58,7.83,10.0,10.0,10.0,7.92,84.58,0.1,0,0.0,Bluish-Green,2,1800.0,1,1,2
Guatemala,2014.0,Pacas,Washed / Wet,7.75,7.83,7.67,7.92,7.75,7.83,10.0,10.0,10.0,7.83,84.58,0.11,0,0.0,Green,1,1524.0,1,1,2
Guatemala,2014.0,Bourbon,Washed / Wet,8.0,7.92,7.67,7.58,7.58,7.67,10.0,10.0,10.0,8.17,84.58,0.09,0,0.0,Green,0,1219.2,1,1,2
Colombia,2013.0,Caturra,Washed / Wet,7.67,7.67,7.58,7.75,7.58,8.5,10.0,10.0,10.0,7.83,84.58,,0,0.0,Desconocido,0,1550.0,1,0,2
Colombia,2013.0,Caturra,Washed / Wet,7.75,7.75,7.83,7.75,7.58,8.0,10.0,10.0,10.0,7.92,84.58,,0,0.0,Desconocido,5,1750.0,1,0,2
Kenya,2013.0,SL28,Washed / Wet,7.75,7.75,7.75,8.08,7.75,7.75,10.0,10.0,10.0,7.75,84.58,,0,0.0,Green,0,,0,0,2
Colombia,2012.0,Caturra,Washed / Wet,7.67,7.83,7.83,8.0,7.58,7.92,10.0,10.0,10.0,7.75,84.58,,0,0.0,Green,2,1750.0,1,0,2
Costa Rica,2012.0,Bourbon,Semi-washed / Semi-pulped,7.75,7.83,7.75,8.0,7.83,7.67,10.0,10.0,10.0,7.75,84.58,0.12,0,0.0,Bluish-Green,2,1575.0,1,1,2
Colombia,2012.0,Caturra,Washed / Wet,7.42,7.67,7.75,7.75,8.08,7.83,10.0,10.0,10.0,8.08,84.58,0.11,0,0.0,Green,6,1800.0,1,1,2
Brazil,2011.0,Bourbon,Semi-washed / Semi-pulped,8.0,8.0,7.75,7.75,7.58,7.75,10.0,10.0,10.0,7.75,84.58,0.12,0,0.0,Green,2,1300.0,1,1,2
Brazil,2011.0,Catuai,Semi-washed / Semi-pulped,8.5,8.0,7.5,7.75,7.5,7.83,10.0,10.0,10.0,7.5,84.58,0.11,0,0.0,Blue-Green,1,1100.0,1,1,2
Costa Rica,2017.0,Caturra,Washed / Wet,7.92,7.67,7.92,7.75,7.67,7.58,10.0,10.0,10.0,8.0,84.5,0.1,0,0.0,Bluish-Green,2,1200.0,1,1,2
Uganda,2016.0,SL14,Washed / Wet,7.92,7.75,7.67,7.75,7.83,7.75,10.0,10.0,10.0,7.83,84.5,0.11,0,0.0,Green,1,1750.0,1,1,2
China,2015.0,Catimor,Washed / Wet,7.75,7.92,7.67,7.83,7.75,7.67,10.0,10.0,10.0,7.92,84.5,0.1,0,0.0,Green,1,1680.0,1,1,2
Costa Rica,2014.0,Caturra,Washed / Wet,7.92,7.83,7.83,7.83,7.58,7.58,10.0,10.0,10.0,7.92,84.5,0.11,0,0.0,Green,0,1700.0,1,1,2
Colombia,2015.0,Other,Washed / Wet,8.08,7.67,7.83,7.83,7.67,7.67,10.0,10.0,10.0,7.75,84.5,0.12,1,0.0,Green,0,1800.0,1,1,2
China,2013.0,Other,Washed / Wet,7.67,8.0,7.75,7.83,7.75,7.58,10.0,10.0,10.0,7.92,84.5,,0,0.0,Green,2,1100.0,1,0,2
Guatemala,2013.0,Bourbon,Washed / Wet,8.17,7.83,7.67,7.83,7.67,7.83,10.0,10.0,10.0,7.5,84.5,0.11,0,0.0,Green,2,1310.64,1,1,2
Kenya,2012.0,SL28,Washed / Wet,7.92,7.83,7.67,8.0,7.67,7.75,10.0,10.0,10.0,7.67,84.5,0.11,0,0.0,Blue-Green,0,2000.0,1,1,2
Mexico,2012.0,Typica,Washed / Wet,8.0,7.92,7.42,8.08,7.5,7.67,10.0,10.0,10.0,7.92,84.5,0.12,0,0.0,Green,0,1350.0,1,1,2
Mexico,2012.0,Typica,Washed / Wet,7.92,7.83,7.75,7.75,7.75,7.83,10.0,10.0,10.0,7.67,84.5,0.11,0,0.0,Desconocido,4,1500.0,1,1,2
Guatemala,2012.0,Bourbon,Washed / Wet,7.67,8.0,7.67,8.0,7.5,7.83,10.0,10.0,10.0,7.83,84.5,0.11,0,0.0,Green,2,,0,1,2
Brazil,,Desconocido,Desconocido,7.81,7.81,7.88,7.75,7.38,8.25,9.5,10.0,10.0,8.13,84.5,,0,0.0,Desconocido,4,,0,0,2
Brazil,,Desconocido,Desconocido,8.17,7.67,7.75,7.75,7.67,7.75,10.0,10.0,10.0,7.75,84.5,,2,0.0,Desconocido,0,,0,0,2
Costa Rica,2016.0,Caturra,Washed / Wet,7.58,7.83,7.83,8.0,7.67,7.58,10.0,10.0,10.0,7.92,84.42,0.1,0,0.0,Blue-Green,3,1300.0,1,1,2
Indonesia,2017.0,Mandheling,Other,7.67,7.67,7.83,7.58,7.83,7.83,10.0,10.0,10.0,8.0,84.42,,0,0.0,Blue-Green,3,1400.0,1,0,2
Colombia,2015.0,Caturra,Natural / Dry,7.92,7.83,7.75,7.67,7.92,7.67,10.0,10.0,10.0,7.67,84.42,,0,0.0,Green,1,,0,0,2
Colombia,2014.0,Caturra,Washed / Wet,7.92,7.75,7.67,7.92,7.67,7.75,10.0,10.0,10.0,7.75,84.42,,0,0.0,Green,3,1775.0,1,0,2
Taiwan,2012.0,Typica,Washed / Wet,7.83,7.83,7.75,8.0,7.5,7.75,10.0,10.0,10.0,7.75,84.42,0.11,0,0.0,Blue-Green,0,1200.0,1,1,2
United States (Hawaii),2012.0,Hawaiian Kona,Natural / Dry,7.92,7.92,7.5,7.83,7.5,7.92,10.0,10.0,10.0,7.83,84.42,0.11,0,0.0,Blue-Green,1,,0,1,2
Mexico,2012.0,Pacamara,Washed / Wet,7.75,7.92,7.75,7.67,7.83,7.67,10.0,10.0,10.0,7.83,84.42,0.12,2,0.0,Desconocido,4,900.0,1,1,2
Ethiopia,2009.0,Desconocido,Desconocido,7.5,7.75,7.83,7.92,7.92,7.75,10.0,10.0,10.0,7.75,84.42,0.2,0,0.0,Desconocido,2,,0,1,2
Kenya,2017.0,SL28,Washed / Wet,7.33,7.58,7.83,7.75,7.75,7.92,10.0,10.0,10.0,8.17,84.33,0.11,0,0.0,Green,4,1800.0,1,1,2
Honduras,2016.0,Caturra,Desconocido,7.92,8.0,7.75,7.67,7.67,7.75,10.0,10.0,10.0,7.58,84.33,0.1,0,0.0,Green,3,1500.0,1,1,2
Colombia,2016.0,Caturra,Washed / Wet,7.58,7.75,7.5,7.83,7.67,8.5,10.0,10.0,10.0,7.5,84.33,,0,3.0,Green,5,,0,0,2
Honduras,2016.0,Catuai,Washed / Wet,7.58,7.92,7.58,7.75,7.92,7.75,10.0,10.0,10.0,7.83,84.33,0.11,0,1.0,Green,2,1500.0,1,1,2
Colombia,2016.0,Desconocido,Desconocido,7.67,7.67,7.75,7.83,7.75,7.83,10.0,10.0,10.0,7.83,84.33,,0,2.0,Desconocido,4,,0,0,2
Colombia,2015.0,Caturra,Natural / Dry,7.75,7.67,8.0,7.67,8.08,7.83,10.0,10.0,10.0,7.33,84.33,0.11,6,0.0,Green,0,442.0,1,1,2
Colombia,2013.0,Caturra,Washed / Wet,7.75,7.58,7.33,7.83,7.58,8.08,10.0,10.0,10.0,8.17,84.33,,0,0.0,Green,0,1800.0,1,0,2
Mexico,2012.0,Typica,Washed / Wet,8.0,7.75,7.75,7.83,7.5,7.67,10.0,10.0,10.0,7.83,84.33,0.12,0,0.0,Blue-Green,1,1700.0,1,1,2
Brazil,2011.0,Yellow Bourbon,Desconocido,8.17,8.0,7.5,7.75,7.5,7.67,10.0,10.0,10.0,7.75,84.33,,0,0.0,Desconocido,4,1275.0,1,0,2
Brazil,2011.0,Desconocido,Desconocido,8.0,8.0,7.5,7.5,7.67,7.75,10.0,10.0,10.0,7.92,84.33,0.02,0,0.0,Desconocido,2,1050.0,1,1,2
Ethiopia,,Desconocido,Desconocido,7.75,7.75,7.92,7.75,7.5,7.92,10.0,10.0,10.0,7.75,84.33,,0,0.0,Desconocido,1,1493.52,1,0,2
Guatemala,2009.0,Desconocido,Desconocido,7.5,7.67,7.75,7.67,7.92,7.92,10.0,10.0,10.0,7.92,84.33,0.04,1,0.0,Desconocido,1,1386.84,1,1,2
Taiwan,2016.0,Typica,Washed / Wet,7.92,7.75,7.75,7.67,7.67,7.83,10.0,10.0,10.0,7.67,84.25,0.12,0,0.0,Blue-Green,0,1000.0,1,1,2
Thailand,2015.0,Catimor,Natural / Dry,7.83,7.75,7.75,7.42,7.83,7.67,10.0,10.0,10.0,8.0,84.25,0.12,0,0.0,Green,0,1200.0,1,1,2
Colombia,2016.0,Caturra,Natural / Dry,7.83,7.58,7.75,7.58,7.67,8.0,10.0,10.0,10.0,7.83,84.25,0.11,0,0.0,Green,2,2560.0,1,1,2
Guatemala,2016.0,Caturra,Washed / Wet,7.75,7.75,7.58,7.92,7.75,7.75,10.0,10.0,10.0,7.75,84.25,0.11,0,4.0,Green,4,1500.0,1,1,2
Guatemala,2015.0,Caturra,Washed / Wet,7.75,7.92,7.5,8.08,7.58,7.67,10.0,10.0,10.0,7.75,84.25,0.1,0,0.0,Green,1,1099.4136,1,1,2
China,2015.0,Catimor,Natural / Dry,7.83,7.83,7.58,7.75,7.75,7.75,10.0,10.0,10.0,7.75,84.25,0.1,0,0.0,Green,1,1400.0,1,1,2
Colombia,2015.0,Caturra,Washed / Wet,7.67,7.67,7.75,7.75,7.67,7.92,10.0,10.0,10.0,7.83,84.25,0.11,0,0.0,Green,3,1775.0,1,1,2
Colombia,2015.0,Caturra,Washed / Wet,7.83,7.67,7.75,7.58,7.92,7.75,10.0,10.0,10.0,7.75,84.25,0.12,4,0.0,Green,2,1775.0,1,1,2
Colombia,2015.0,Other,Washed / Wet,7.83,7.75,7.83,7.58,7.67,7.75,10.0,10.0,10.0,7.83,84.25,0.12,0,0.0,Green,0,1800.0,1,1,2
Colombia,2015.0,Caturra,Natural / Dry,7.42,7.67,7.83,7.75,7.92,7.83,10.0,10.0,10.0,7.83,84.25,0.12,3,0.0,Green,0,442.0,1,1,2
"Tanzania, United Republic Of",2014.0,Other,Washed / Wet,7.83,7.67,7.75,7.83,7.67,7.67,10.0,10.0,10.0,7.83,84.25,0.12,0,0.0,Green,7,1620.0,1,1,2
"Tanzania, United Republic Of",2014.0,Other,Washed / Wet,7.83,7.75,7.75,7.75,7.67,7.75,10.0,10.0,10.0,7.75,84.25,0.12,0,0.0,Green,2,1600.0,1,1,2
Guatemala,2014.0,Bourbon,Other,7.83,7.83,7.5,7.92,7.58,7.75,10.0,10.0,10.0,7.83,84.25,0.1,0,0.0,Green,1,1219.2,1,1,2
Colombia,2013.0,Caturra,Washed / Wet,7.58,7.5,7.75,7.83,7.92,7.83,10.0,10.0,10.0,7.83,84.25,0.11,0,0.0,Green,2,1700.0,1,1,2
United States (Hawaii),2012.0,Hawaiian Kona,Natural / Dry,7.33,7.92,7.92,7.92,7.92,8.08,10.0,10.0,9.33,7.83,84.25,0.11,1,0.0,Bluish-Green,1,,0,1,2
Mexico,2012.0,Typica,Semi-washed / Semi-pulped,7.83,7.92,7.67,7.83,7.5,7.75,10.0,10.0,10.0,7.75,84.25,0.12,0,0.0,Green,1,1450.0,1,1,2
Mexico,2012.0,Bourbon,Washed / Wet,7.83,7.83,7.75,7.67,7.83,7.58,10.0,10.0,10.0,7.75,84.25,0.12,0,0.0,Green,0,1170.0,1,1,2
Mexico,2012.0,Bourbon,Washed / Wet,7.83,7.92,7.67,7.75,7.5,7.75,10.0,10.0,10.0,7.83,84.25,0.1,0,0.0,Bluish-Green,4,1400.0,1,1,2
Uganda,2012.0,Other,Natural / Dry,8.17,7.75,7.58,7.67,7.83,7.58,10.0,10.0,10.0,7.67,84.25,0.13,4,0.0,Green,29,1700.0,1,1,2
Guatemala,2017.0,Bourbon,Washed / Wet,7.75,7.83,7.58,7.83,7.67,7.75,10.0,10.0,10.0,7.75,84.17,0.13,0,0.0,Green,1,1700.0,1,1,2
Colombia,2016.0,Caturra,Washed / Wet,7.83,7.75,7.58,7.67,7.75,7.83,10.0,10.0,10.0,7.75,84.17,,0,0.0,Green,2,,0,0,2
Costa Rica,2016.0,Caturra,Washed / Wet,7.92,7.75,7.67,7.67,7.5,7.67,10.0,10.0,10.0,8.0,84.17,0.09,0,0.0,Bluish-Green,2,1700.0,1,1,2
Guatemala,2016.0,Caturra,Washed / Wet,7.75,7.75,7.58,8.0,7.67,7.83,10.0,10.0,10.0,7.58,84.17,0.11,0,0.0,Green,6,1116.7872,1,1,2
Guatemala,2016.0,Caturra,Washed / Wet,7.75,7.92,7.58,7.92,7.67,7.67,10.0,10.0,10.0,7.67,84.17,0.1,0,1.0,Green,10,1565.0,1,1,2
Guatemala,2016.0,Bourbon,Washed / Wet,7.58,7.83,7.58,7.83,7.83,7.67,10.0,10.0,10.0,7.83,84.17,0.1,0,0.0,Green,2,,0,1,2
Colombia,2015.0,Caturra,Washed / Wet,8.0,7.5,7.5,7.67,8.0,7.83,10.0,10.0,10.0,7.67,84.17,,0,0.0,Bluish-Green,0,1775.0,1,0,2
Nicaragua,2015.0,Caturra,Natural / Dry,7.67,7.83,7.83,7.5,7.67,7.83,10.0,10.0,10.0,7.83,84.17,0.12,0,0.0,Bluish-Green,0,1000.0,1,1,2
Brazil,2015.0,Catuai,Natural / Dry,7.67,7.75,7.75,7.67,7.83,7.75,10.0,10.0,10.0,7.75,84.17,,0,0.0,Desconocido,16,1150.0,1,0,2
Costa Rica,2014.0,Caturra,Washed / Wet,7.67,7.75,7.67,7.75,7.5,8.0,10.0,10.0,10.0,7.83,84.17,,0,0.0,Blue-Green,0,1850.0,1,0,2
Ethiopia,2014.0,Gesha,Natural / Dry,7.5,7.92,7.58,7.83,7.75,7.83,10.0,10.0,10.0,7.75,84.17,0.1,0,0.0,Green,5,1606.5,1,1,2
"Tanzania, United Republic Of",2014.0,Other,Washed / Wet,7.92,7.75,7.75,7.75,7.75,7.58,10.0,10.0,10.0,7.67,84.17,0.13,0,0.0,Green,0,1400.0,1,1,2
Colombia,2014.0,Other,Washed / Wet,7.67,7.5,7.67,7.42,7.83,8.58,10.0,10.0,10.0,7.5,84.17,0.12,0,0.0,Green,4,1530.0,1,1,2
Guatemala,2013.0,Desconocido,Washed / Wet,7.67,7.75,7.67,7.75,7.75,7.75,10.0,10.0,10.0,7.83,84.17,0.11,0,0.0,Bluish-Green,0,,0,1,2
Kenya,2013.0,SL28,Washed / Wet,7.58,7.75,7.75,7.75,7.75,7.83,10.0,10.0,10.0,7.75,84.17,0.08,0,0.0,Green,0,250.5,1,1,2
Brazil,2012.0,Mundo Novo,Natural / Dry,7.58,7.83,7.75,7.67,7.67,8.0,10.0,10.0,10.0,7.67,84.17,0.11,0,0.0,Green,3,1038.5,1,1,2
Guatemala,2013.0,Bourbon,Washed / Wet,7.92,7.75,7.67,7.67,7.83,7.92,10.0,10.0,10.0,7.42,84.17,0.11,0,0.0,Green,4,1310.64,1,1,2
El Salvador,2013.0,Bourbon,Natural / Dry,8.42,8.08,7.5,7.17,7.58,8.17,9.33,10.0,10.0,7.92,84.17,0.11,0,0.0,Bluish-Green,2,1500.0,1,1,2
Colombia,2012.0,Caturra,Washed / Wet,7.75,7.75,7.75,7.75,7.83,7.75,10.0,10.0,10.0,7.58,84.17,,0,0.0,Green,2,1750.0,1,0,2
Guatemala,2012.0,Catuai,Natural / Dry,7.83,7.5,7.5,8.0,7.83,7.83,10.0,10.0,10.0,7.67,84.17,0.11,0,0.0,Bluish-Green,2,,0,1,2
Uganda,2012.0,Other,Washed / Wet,7.83,7.75,7.5,7.83,7.83,7.75,10.0,10.0,10.0,7.67,84.17,0.11,0,0.0,Green,1,1600.0,1,1,2
Indonesia,2017.0,Mandheling,Natural / Dry,7.81,7.88,7.56,7.75,7.63,7.75,10.0,10.0,10.0,7.75,84.13,0.12,0,0.0,Bluish-Green,0,,0,1,2
Colombia,2017.0,Caturra,Washed / Wet,7.83,7.5,7.42,7.5,7.83,8.5,10.0,10.0,10.0,7.5,84.08,,1,3.0,Green,3,442.0,1,0,2
Taiwan,2016.0,Typica,Washed / Wet,7.58,7.67,7.67,7.67,7.75,7.83,10.0,10.0,10.0,7.92,84.08,0.1,0,0.0,Bluish-Green,4,968.0,1,1,2
Guatemala,2016.0,Bourbon,Washed / Wet,8.0,7.75,7.5,7.58,7.92,7.67,10.0,10.0,10.0,7.67,84.08,0.1,0,0.0,Green,4,,0,1,2
Colombia,2014.0,Caturra,Washed / Wet,7.92,7.75,7.67,7.75,7.67,7.67,10.0,10.0,10.0,7.67,84.08,,0,0.0,Desconocido,2,1775.0,1,0,2
Guatemala,2014.0,Bourbon,Washed / Wet,7.58,7.75,7.67,8.0,7.75,7.67,10.0,10.0,10.0,7.67,84.08,0.1,0,0.0,Bluish-Green,10,1550.0,1,1,2
United States (Hawaii),2012.0,Hawaiian Kona,Natural / Dry,7.83,7.75,7.83,7.83,7.42,8.08,9.33,10.0,10.0,8.0,84.08,0.11,1,0.0,Green,9,,0,1,2
Mexico,2012.0,Typica,Washed / Wet,7.67,7.75,7.67,7.75,7.67,7.75,10.0,10.0,10.0,7.83,84.08,0.11,1,0.0,Green,10,1480.0,1,1,2
Ethiopia,2012.0,Other,Natural / Dry,7.92,7.92,7.83,8.0,7.92,7.92,10.0,10.0,8.67,7.92,84.08,0.09,0,0.0,Desconocido,15,1800.0,1,1,2
Costa Rica,2017.0,Desconocido,Washed / Wet,7.58,7.75,7.67,7.75,7.83,7.75,10.0,10.0,10.0,7.67,84.0,0.08,1,2.0,Desconocido,13,,0,1,2
Ethiopia,2017.0,Gesha,Natural / Dry,7.83,7.75,7.67,7.75,7.33,7.75,10.0,10.0,10.0,7.92,84.0,0.11,3,11.0,Green,1,1800.0,1,1,2
Honduras,2017.0,Caturra,Washed / Wet,7.42,7.83,7.75,7.92,7.75,7.58,10.0,10.0,10.0,7.75,84.0,0.1,0,0.0,Green,5,1500.0,1,1,2
Guatemala,2015.0,Caturra,Washed / Wet,7.67,7.83,7.58,7.92,7.75,7.67,10.0,10.0,10.0,7.58,84.0,0.12,0,0.0,Green,7,1706.88,1,1,2
Colombia,2014.0,Other,Washed / Wet,7.67,7.67,7.83,7.58,7.58,7.83,10.0,10.0,10.0,7.83,84.0,0.11,2,0.0,Green,7,1600.0,1,1,2
Guatemala,2014.0,Bourbon,Natural / Dry,7.92,7.67,7.42,7.92,7.75,7.83,10.0,10.0,10.0,7.5,84.0,0.1,0,0.0,Green,1,1219.2,1,1,2
Guatemala,2014.0,Bourbon,Other,7.75,7.83,7.5,7.83,7.58,7.67,10.0,10.0,10.0,7.83,84.0,0.1,0,0.0,Green,0,1219.2,1,1,2
Colombia,2014.0,Desconocido,Washed / Wet,7.67,7.75,7.67,7.67,7.67,7.75,10.0,10.0,10.0,7.83,84.0,0.12,0,0.0,Green,0,1480.0,1,1,2
Colombia,2014.0,Caturra,Natural / Dry,7.58,7.42,7.75,7.92,7.75,7.92,10.0,10.0,10.0,7.67,84.0,0.12,0,0.0,Green,0,1450.0,1,1,2
Colombia,2014.0,Caturra,Washed / Wet,7.67,7.67,7.5,7.5,7.67,7.67,10.0,10.0,10.0,8.33,84.0,0.12,0,0.0,Green,3,1775.0,1,1,0
Ethiopia,2013.0,Other,Natural / Dry,7.75,7.75,7.5,7.58,7.67,7.92,10.0,10.0,10.0,7.83,84.0,0.09,4,0.0,Green,40,1550.0,1,1,2
Brazil,2013.0,Yellow Bourbon,Natural / Dry,7.58,7.83,7.67,7.25,8.0,7.75,10.0,10.0,10.0,7.92,84.0,0.1,0,0.0,Green,0,1260.0,1,1,2
Colombia,2013.0,Caturra,Washed / Wet,7.67,7.83,7.67,7.75,7.67,7.75,10.0,10.0,10.0,7.67,84.0,0.11,0,0.0,Green,1,1700.0,1,1,2
Kenya,2012.0,SL34,Washed / Wet,7.67,7.83,7.5,7.75,7.92,7.67,10.0,10.0,10.0,7.67,84.0,,0,0.0,Green,2,1200.0,1,0,2
Thailand,2012.0,Other,Washed / Wet,7.92,8.17,8.17,8.42,8.08,8.17,8.67,8.67,9.33,8.42,84.0,0.12,0,0.0,Green,0,,0,1,2
Kenya,2012.0,SL28,Washed / Wet,7.67,7.75,7.67,7.75,7.83,7.67,10.0,10.0,10.0,7.67,84.0,,0,0.0,Bluish-Green,0,1650.0,1,0,2
Uganda,2012.0,Other,Washed / Wet,7.92,7.75,7.58,7.67,7.67,7.83,10.0,10.0,10.0,7.58,84.0,0.1,10,0.0,Green,26,1700.0,1,1,2
Thailand,2011.0,Desconocido,Desconocido,7.58,7.75,7.58,7.75,7.58,7.75,10.0,10.0,10.0,8.0,84.0,0.06,0,0.0,Desconocido,0,,0,1,2
Brazil,2017.0,Bourbon,Natural / Dry,7.5,7.75,7.58,7.5,7.58,7.5,10.0,10.0,10.0,8.5,83.92,,0,0.0,Green,3,890.0,1,0,0
Mexico,2017.0,Mundo Novo,Washed / Wet,7.83,7.83,7.58,7.92,7.42,7.5,10.0,10.0,10.0,7.83,83.92,0.11,0,0.0,Green,5,1300.0,1,1,0
Thailand,2015.0,Catimor,Natural / Dry,7.67,7.75,7.5,7.67,7.67,7.83,10.0,10.0,10.0,7.83,83.92,0.1,0,0.0,Bluish-Green,1,1350.0,1,1,2
Brazil,2016.0,Bourbon,Natural / Dry,7.58,7.67,7.67,7.75,7.58,7.83,10.0,10.0,10.0,7.83,83.92,0.11,0,2.0,Green,7,934.0,1,1,2
Taiwan,2015.0,Typica,Washed / Wet,7.83,7.75,7.83,7.75,7.83,7.75,9.33,10.0,10.0,7.83,83.92,0.11,0,0.0,Green,3,1200.0,1,1,2
Colombia,2016.0,Desconocido,Desconocido,7.75,7.67,7.5,7.75,7.83,7.75,10.0,10.0,10.0,7.67,83.92,0.11,1,0.0,Green,2,442.0,1,1,2
Colombia,2016.0,Desconocido,Desconocido,7.75,7.58,7.5,7.83,7.75,7.92,10.0,10.0,10.0,7.58,83.92,,1,3.0,Desconocido,5,,0,0,2
Taiwan,2014.0,Desconocido,Natural / Dry,7.75,7.75,7.58,7.75,7.75,7.67,10.0,10.0,10.0,7.67,83.92,,0,0.0,Blue-Green,0,,0,0,2
Colombia,2015.0,Desconocido,Washed / Wet,7.92,7.67,7.5,7.83,7.58,7.67,10.0,10.0,10.0,7.75,83.92,,0,0.0,Desconocido,0,,0,0,2
Colombia,2014.0,Desconocido,Washed / Wet,7.83,7.75,7.58,7.58,7.75,7.75,10.0,10.0,10.0,7.67,83.92,,1,0.0,Desconocido,1,,0,0,2
Colombia,2014.0,Caturra,Washed / Wet,7.75,7.58,7.67,7.83,7.83,7.67,10.0,10.0,10.0,7.58,83.92,,0,0.0,Green,1,1775.0,1,0,2
Taiwan,2014.0,Typica,Washed / Wet,8.0,7.92,7.92,7.92,7.67,7.33,10.0,10.0,10.0,7.17,83.92,0.06,0,0.0,Green,0,950.0,1,1,2
Colombia,2014.0,Caturra,Natural / Dry,7.67,7.83,7.67,7.75,7.67,7.83,10.0,10.0,10.0,7.5,83.92,0.12,0,0.0,Green,3,1550.0,1,1,2
Mexico,2012.0,Typica,Washed / Wet,7.67,7.75,7.58,7.67,7.75,7.83,10.0,10.0,10.0,7.67,83.92,0.12,10,0.0,Blue-Green,32,900.0,1,1,2
Mexico,2012.0,Typica,Washed / Wet,7.5,7.67,7.58,7.83,7.75,7.75,10.0,10.0,10.0,7.83,83.92,0.11,0,0.0,Desconocido,2,1500.0,1,1,2
Mexico,2012.0,Typica,Washed / Wet,7.75,7.92,7.83,7.92,7.75,7.67,9.33,10.0,10.0,7.75,83.92,,0,0.0,Green,2,1400.0,1,0,2
Colombia,2017.0,Caturra,Washed / Wet,7.92,7.58,7.5,7.83,7.58,7.67,10.0,10.0,10.0,7.75,83.83,,1,0.0,Green,6,2527.0,1,0,0
Colombia,2016.0,Caturra,Desconocido,7.83,7.67,7.5,7.75,7.75,7.75,10.0,10.0,10.0,7.58,83.83,,1,2.0,Green,0,,0,0,0
Costa Rica,2015.0,Caturra,Washed / Wet,7.67,7.67,7.75,7.67,7.5,7.75,10.0,10.0,10.0,7.83,83.83,,0,0.0,Blue-Green,0,1850.0,1,0,0
Guatemala,2016.0,Bourbon,Washed / Wet,7.75,7.75,7.5,7.75,7.83,7.58,10.0,10.0,10.0,7.67,83.83,0.11,0,7.0,Green,6,1500.0,1,1,0
Taiwan,2016.0,Desconocido,Desconocido,7.75,7.67,7.5,7.75,7.75,7.67,10.0,10.0,10.0,7.75,83.83,,0,0.0,Desconocido,0,1200.0,1,0,0
Brazil,2015.0,Yellow Bourbon,Natural / Dry,7.25,7.58,7.42,8.0,7.75,7.83,10.0,10.0,10.0,8.0,83.83,,0,0.0,Green,0,,0,0,0
Taiwan,2014.0,Typica,Washed / Wet,7.67,7.75,7.67,7.75,7.42,7.75,10.0,10.0,10.0,7.83,83.83,,0,0.0,Green,1,525.0,1,0,0
Ethiopia,2014.0,Desconocido,Natural / Dry,7.75,7.75,7.67,7.67,7.58,7.67,10.0,10.0,10.0,7.75,83.83,0.12,0,0.0,Green,4,1676.5,1,1,0
Brazil,2014.0,Bourbon,Semi-washed / Semi-pulped,7.67,7.67,7.58,7.5,7.83,8.17,10.0,10.0,9.33,8.08,83.83,,0,0.0,Green,1,1200.0,1,0,2
Costa Rica,2013.0,Catuai,Washed / Wet,7.83,7.42,7.5,7.83,7.75,7.83,10.0,10.0,10.0,7.67,83.83,0.1,0,0.0,Green,3,1300.0,1,1,0
Guatemala,2014.0,Bourbon,Washed / Wet,7.58,7.83,7.33,8.0,7.58,7.75,10.0,10.0,10.0,7.75,83.83,0.1,0,0.0,Green,1,1219.2,1,1,0
Brazil,2013.0,Yellow Bourbon,Natural / Dry,7.92,7.5,7.33,7.67,8.17,7.5,10.0,10.0,10.0,7.75,83.83,0.1,0,0.0,Green,0,1260.0,1,1,2
Ecuador,2013.0,Desconocido,Natural / Dry,7.5,7.67,7.58,7.75,7.83,7.83,10.0,10.0,10.0,7.67,83.83,0.09,0,0.0,Bluish-Green,0,800.0,1,1,0
Colombia,2013.0,Caturra,Washed / Wet,7.67,7.58,7.58,7.83,7.58,7.67,10.0,10.0,10.0,7.92,83.83,0.11,0,0.0,Green,1,1750.0,1,1,0
Guatemala,2013.0,Bourbon,Washed / Wet,7.5,7.83,7.5,7.83,7.83,7.67,10.0,10.0,10.0,7.67,83.83,0.11,0,0.0,Green,3,1310.64,1,1,2
Mexico,2012.0,Bourbon,Natural / Dry,7.67,8.0,7.67,7.42,7.67,7.5,10.0,10.0,10.0,7.92,83.83,0.1,0,0.0,Green,2,1218.0,1,1,0
Mexico,2012.0,Pacas,Natural / Dry,7.67,7.58,7.5,7.75,7.75,7.75,10.0,10.0,10.0,7.83,83.83,0.11,0,0.0,Desconocido,4,1300.0,1,1,0
Brazil,2011.0,Yellow Bourbon,Semi-washed / Semi-pulped,7.83,7.83,7.58,7.67,7.5,7.58,10.0,10.0,10.0,7.83,83.83,0.12,0,0.0,Green,3,1250.0,1,1,0
Thailand,2011.0,Desconocido,Desconocido,7.75,7.75,7.58,8.0,7.67,7.58,10.0,10.0,10.0,7.5,83.83,0.02,0,0.0,Desconocido,2,1499.9208,1,1,2
Thailand,2011.0,Desconocido,Desconocido,7.5,7.83,7.58,7.58,7.75,7.83,10.0,10.0,10.0,7.75,83.83,0.01,0,0.0,Desconocido,0,,0,1,0
Ethiopia,2010.0,Desconocido,Desconocido,7.58,7.83,7.58,8.0,7.83,7.5,10.0,10.0,10.0,7.5,83.83,0.1,0,0.0,Desconocido,3,,0,1,2
Kenya,,SL28,Washed / Wet,7.75,7.58,7.5,7.58,7.75,7.75,10.0,10.0,10.0,7.83,83.75,0.11,0,0.0,Green,2,1800.0,1,1,0
Brazil,2017.0,Bourbon,Natural / Dry,7.67,7.67,7.58,7.75,7.67,7.67,10.0,10.0,10.0,7.75,83.75,0.11,0,0.0,Green,5,890.0,1,1,0
Colombia,2017.0,Caturra,Washed / Wet,7.83,7.83,7.58,7.58,7.58,7.58,10.0,10.0,10.0,7.75,83.75,0.11,0,0.0,Green,1,442.0,1,1,0
Taiwan,2016.0,Typica,Natural / Dry,7.67,7.67,7.58,7.58,7.67,7.83,10.0,10.0,10.0,7.75,83.75,,0,0.0,Green,0,750.0,1,0,0
Colombia,2016.0,Desconocido,Washed / Wet,7.92,7.75,7.5,7.67,7.75,7.5,10.0,10.0,10.0,7.67,83.75,,1,0.0,Green,4,,0,0,0
China,2015.0,Catimor,Washed / Wet,7.83,7.75,7.67,7.5,7.58,7.67,10.0,10.0,10.0,7.75,83.75,0.1,0,1.0,Green,2,1650.0,1,1,0
Colombia,2015.0,Caturra,Natural / Dry,7.75,7.67,7.5,7.67,7.58,7.83,10.0,10.0,10.0,7.75,83.75,,0,0.0,Green,0,442.0,1,0,0
Uganda,2013.0,Bourbon,Natural / Dry,8.0,7.92,7.58,7.75,7.33,7.5,10.0,10.0,10.0,7.67,83.75,0.12,0,0.0,Green,0,1400.0,1,1,0
United States (Puerto Rico),2013.0,Other,Washed / Wet,7.83,7.83,7.83,7.67,8.0,8.17,9.33,9.33,10.0,7.75,83.75,0.12,0,0.0,Green,1,853.44,1,1,2
Colombia,2014.0,Caturra,Washed / Wet,7.67,7.67,7.67,7.92,7.5,7.67,10.0,10.0,10.0,7.67,83.75,,0,0.0,Green,5,1775.0,1,0,0
Colombia,2014.0,Other,Washed / Wet,7.67,7.42,7.42,7.42,8.0,8.33,10.0,10.0,10.0,7.5,83.75,,0,0.0,Green,3,1550.0,1,0,0
Colombia,2013.0,Caturra,Washed / Wet,7.58,7.67,7.75,7.67,7.67,7.67,10.0,10.0,10.0,7.75,83.75,,0,0.0,Blue-Green,1,1750.0,1,0,0
Colombia,2013.0,Caturra,Washed / Wet,7.75,7.67,7.75,7.58,7.42,8.0,10.0,10.0,10.0,7.58,83.75,0.11,0,0.0,Green,3,1750.0,1,1,0
United States (Hawaii),2013.0,Hawaiian Kona,Natural / Dry,7.25,7.42,7.67,7.58,7.83,8.25,10.0,10.0,10.0,7.75,83.75,,0,0.0,Bluish-Green,0,,0,0,0
Mexico,2012.0,Caturra,Natural / Dry,7.83,7.58,7.58,7.5,7.75,7.67,10.0,10.0,10.0,7.83,83.75,0.13,5,0.0,Desconocido,5,700.0,1,1,0
Guatemala,2012.0,Caturra,Washed / Wet,7.67,7.58,7.58,7.67,7.75,7.75,10.0,10.0,10.0,7.75,83.75,0.11,0,0.0,Bluish-Green,1,1300.0,1,1,0
Colombia,2011.0,Desconocido,Desconocido,7.83,7.83,7.58,7.33,7.42,7.67,10.0,10.0,10.0,8.08,83.75,0.1,0,0.0,Desconocido,1,1600.0,1,1,0
Colombia,,Desconocido,Desconocido,7.75,7.67,7.25,7.25,7.58,8.5,10.0,10.0,10.0,7.75,83.75,0.06,0,0.0,Desconocido,1,1600.0,1,1,0
United States (Hawaii),,Desconocido,Desconocido,7.83,7.67,7.75,7.67,7.58,7.5,10.0,10.0,10.0,7.75,83.75,,0,0.0,Desconocido,0,,0,0,0
Brazil,2017.0,Bourbon,Natural / Dry,7.67,7.83,7.5,7.67,7.67,7.5,10.0,10.0,10.0,7.83,83.67,0.11,0,0.0,Green,2,890.0,1,1,0
Kenya,2017.0,SL28,Washed / Wet,8.08,7.67,7.67,7.58,7.25,7.67,10.0,10.0,10.0,7.75,83.67,0.11,0,0.0,Bluish-Green,0,1700.0,1,1,0
Honduras,2016.0,Caturra,Washed / Wet,7.5,7.5,7.67,7.67,8.0,8.0,10.0,10.0,10.0,7.33,83.67,0.1,0,0.0,Green,2,1400.0,1,1,0
Nicaragua,2016.0,Caturra,Washed / Wet,7.67,7.75,7.67,7.67,7.83,7.58,10.0,10.0,10.0,7.5,83.67,0.1,0,0.0,Green,3,1250.0,1,1,0
Brazil,2016.0,Bourbon,Natural / Dry,7.58,7.75,7.58,7.75,7.58,7.58,10.0,10.0,10.0,7.83,83.67,0.11,0,2.0,Green,3,934.0,1,1,0
Taiwan,2015.0,Caturra,Natural / Dry,7.5,7.67,7.33,7.92,7.83,7.67,10.0,10.0,10.0,7.75,83.67,0.1,0,0.0,Bluish-Green,0,1200.0,1,1,0
Costa Rica,,Desconocido,Desconocido,7.33,7.67,7.67,7.5,7.67,7.5,10.0,10.0,10.0,8.33,83.67,0.11,0,0.0,Blue-Green,1,1350.0,1,1,0
Thailand,2014.0,Desconocido,Washed / Wet,7.5,7.75,7.58,7.83,7.67,7.58,10.0,10.0,10.0,7.75,83.67,0.12,0,0.0,Bluish-Green,0,800.0,1,1,0
Colombia,2014.0,Caturra,Washed / Wet,7.5,7.75,7.5,7.75,7.67,7.67,10.0,10.0,10.0,7.83,83.67,0.11,0,0.0,Desconocido,4,1625.0,1,1,0
Guatemala,2014.0,Bourbon,Washed / Wet,8.0,7.5,7.33,8.0,8.0,8.0,9.33,10.0,10.0,7.5,83.67,0.1,0,0.0,Green,0,1356.6648,1,1,2
Colombia,2013.0,Caturra,Washed / Wet,7.83,7.75,7.67,7.58,7.58,7.67,10.0,10.0,10.0,7.58,83.67,,0,0.0,Green,3,1750.0,1,0,0
Colombia,2013.0,Caturra,Washed / Wet,7.67,7.67,7.67,7.67,7.33,7.75,10.0,10.0,10.0,7.92,83.67,,0,0.0,Green,1,1900.0,1,0,0
Guatemala,2013.0,Bourbon,Washed / Wet,7.67,7.67,7.42,7.67,8.0,7.75,10.0,10.0,10.0,7.5,83.67,0.12,1,0.0,Green,3,1310.64,1,1,0
Guatemala,2013.0,Bourbon,Washed / Wet,7.83,7.67,7.33,7.67,7.67,7.83,10.0,10.0,10.0,7.67,83.67,0.11,0,0.0,Green,2,1310.64,1,1,0
Colombia,2012.0,Caturra,Washed / Wet,7.75,7.75,7.58,7.83,7.17,7.75,10.0,10.0,10.0,7.83,83.67,0.11,0,0.0,Green,1,1750.0,1,1,0
Guatemala,2012.0,Caturra,Natural / Dry,8.17,8.17,7.83,7.67,8.08,7.75,9.33,9.33,9.33,8.0,83.67,0.11,0,0.0,Green,1,1450.0,1,1,2
Guatemala,2012.0,Bourbon,Washed / Wet,7.67,8.17,7.5,7.42,7.58,7.83,10.0,10.0,10.0,7.5,83.67,0.11,0,0.0,Green,13,1310.64,1,1,0
Mexico,2012.0,Typica,Washed / Wet,7.67,7.5,7.5,7.33,7.83,8.25,10.0,10.0,10.0,7.58,83.67,0.12,4,0.0,Green,11,1100.0,1,1,0
Indonesia,2012.0,Typica,Washed / Wet,8.17,7.67,7.58,7.58,7.42,7.67,10.0,10.0,10.0,7.58,83.67,0.12,0,0.0,Green,0,1400.0,1,1,0
Guatemala,2012.0,Caturra,Washed / Wet,7.67,7.5,7.33,8.0,7.67,7.67,10.0,10.0,10.0,7.83,83.67,0.1,0,0.0,Green,0,1524.0,1,1,0
United States (Hawaii),,Desconocido,Desconocido,7.75,8.0,7.92,8.08,7.75,8.0,9.33,9.33,9.33,8.17,83.67,,0,0.0,Desconocido,0,,0,0,2
Brazil,2017.0,Bourbon,Natural / Dry,7.58,7.67,7.58,7.58,7.67,7.58,10.0,10.0,10.0,7.92,83.58,0.11,0,0.0,Green,5,890.0,1,1,0
Guatemala,2016.0,Caturra,Washed / Wet,7.75,7.75,7.5,7.83,7.58,7.58,10.0,10.0,10.0,7.58,83.58,0.11,0,1.0,Green,0,1128.3696,1,1,0
Colombia,2016.0,Caturra,Washed / Wet,7.75,7.75,7.58,7.58,7.67,7.58,10.0,10.0,10.0,7.67,83.58,0.11,0,0.0,Green,4,,0,1,0
China,2015.0,Catimor,Washed / Wet,7.67,7.58,7.58,7.58,7.67,7.75,10.0,10.0,10.0,7.75,83.58,0.1,0,1.0,Green,4,1100.0,1,1,0
Colombia,2015.0,Caturra,Washed / Wet,7.67,7.75,7.58,7.67,7.75,7.58,10.0,10.0,10.0,7.58,83.58,0.12,0,0.0,Green,3,1775.0,1,1,0
Mexico,2014.0,Caturra,Washed / Wet,7.75,7.75,7.58,7.58,7.5,7.67,10.0,10.0,10.0,7.75,83.58,0.12,1,0.0,Green,13,1200.0,1,1,0
Ethiopia,2014.0,Other,Washed / Wet,7.75,7.67,7.58,7.67,7.5,7.67,10.0,10.0,10.0,7.75,83.58,,0,0.0,Desconocido,7,1850.0,1,0,0
Uganda,2013.0,SL14,Washed / Wet,7.67,7.67,7.42,7.75,7.75,7.67,10.0,10.0,10.0,7.67,83.58,0.12,0,0.0,Green,5,1800.0,1,1,0
Colombia,2014.0,Caturra,Natural / Dry,7.67,7.58,7.67,7.67,7.67,7.67,10.0,10.0,10.0,7.67,83.58,,0,0.0,Green,0,1600.0,1,0,0
Colombia,2014.0,Caturra,Washed / Wet,7.67,7.58,7.67,7.58,7.67,7.75,10.0,10.0,10.0,7.67,83.58,0.12,0,0.0,Green,1,1550.0,1,1,0
Colombia,2014.0,Caturra,Washed / Wet,7.75,7.58,7.5,7.58,7.75,7.83,10.0,10.0,10.0,7.58,83.58,,0,0.0,Desconocido,0,1550.0,1,0,0
Taiwan,2013.0,Typica,Other,7.75,7.75,7.75,7.75,7.5,7.58,10.0,10.0,10.0,7.5,83.58,0.11,0,0.0,Green,0,1000.0,1,1,0
Colombia,2012.0,Caturra,Washed / Wet,7.67,7.67,7.58,7.67,7.75,7.58,10.0,10.0,10.0,7.67,83.58,0.11,0,0.0,Green,3,1775.0,1,1,0
Mexico,2012.0,Typica,Washed / Wet,7.83,7.67,7.58,7.58,7.67,7.58,10.0,10.0,10.0,7.67,83.58,0.12,0,0.0,Desconocido,2,1000.0,1,1,0
Colombia,2012.0,Caturra,Natural / Dry,7.67,7.58,7.58,7.58,7.67,7.75,10.0,10.0,10.0,7.75,83.58,0.11,0,0.0,Green,4,2136.0,1,1,0
Brazil,2012.0,Catuai,Semi-washed / Semi-pulped,7.83,7.75,7.5,7.75,7.5,7.58,10.0,10.0,10.0,7.67,83.58,0.12,0,0.0,Blue-Green,2,1100.0,1,1,0
Colombia,2016.0,Caturra,Washed / Wet,7.75,7.58,7.58,7.75,7.75,7.5,10.0,10.0,10.0,7.58,83.5,,0,0.0,Bluish-Green,5,1799.0,1,0,0
Taiwan,2016.0,Desconocido,Desconocido,7.58,7.58,7.17,7.17,7.0,7.0,10.0,10.0,10.0,10.0,83.5,0.11,0,0.0,Blue-Green,0,,0,1,0
Costa Rica,2015.0,Caturra,Washed / Wet,7.92,7.42,7.5,7.67,7.5,7.67,10.0,10.0,10.0,7.83,83.5,,0,0.0,Blue-Green,0,1850.0,1,0,0
Colombia,2016.0,Caturra,Natural / Dry,7.75,7.58,7.58,7.5,7.75,7.75,10.0,10.0,10.0,7.58,83.5,,0,0.0,Green,0,1000.0,1,0,0
Guatemala,2016.0,Bourbon,Washed / Wet,7.67,7.75,7.5,7.83,7.58,7.58,10.0,10.0,10.0,7.58,83.5,0.1,0,2.0,Bluish-Green,5,1219.2,1,1,0
Colombia,2015.0,Caturra,Washed / Wet,7.58,7.58,7.58,7.58,7.75,7.67,10.0,10.0,10.0,7.75,83.5,0.12,0,0.0,Green,4,1775.0,1,1,0
"Tanzania, United Republic Of",2015.0,Ruiru 11,Washed / Wet,7.75,7.67,7.58,7.67,7.67,7.58,10.0,10.0,10.0,7.58,83.5,0.13,0,0.0,Green,21,1400.0,1,1,0
Indonesia,2015.0,Sumatra,Semi-washed / Semi-pulped,7.25,7.67,7.58,7.92,7.83,7.58,10.0,10.0,10.0,7.67,83.5,0.13,0,0.0,Bluish-Green,8,1500.0,1,1,0
Ethiopia,2014.0,Desconocido,Natural / Dry,7.67,7.75,7.5,7.58,7.75,7.67,10.0,10.0,10.0,7.58,83.5,0.1,1,0.0,Desconocido,18,1600.0,1,1,0
Colombia,2014.0,Desconocido,Washed / Wet,7.67,7.42,7.67,7.83,7.58,7.67,10.0,10.0,10.0,7.67,83.5,,1,0.0,Desconocido,0,,0,0,0
Colombia,2014.0,Caturra,Washed / Wet,8.0,7.58,7.25,7.58,7.92,7.58,10.0,10.0,10.0,7.58,83.5,0.11,0,0.0,Green,0,1850.0,1,1,0
Guatemala,2013.0,Caturra,Washed / Wet,7.58,7.75,7.5,7.83,7.42,7.67,10.0,10.0,10.0,7.75,83.5,0.1,0,0.0,Green,0,1400.0,1,1,0
Colombia,2014.0,Caturra,Washed / Wet,7.75,7.58,7.33,7.5,7.83,7.83,10.0,10.0,10.0,7.67,83.5,,2,0.0,Desconocido,0,1650.0,1,0,0
Honduras,2014.0,Caturra,Natural / Dry,7.67,7.5,7.67,7.5,7.67,7.67,10.0,10.0,10.0,7.83,83.5,0.1,0,0.0,Green,3,1350.0,1,1,0
Colombia,2013.0,Caturra,Washed / Wet,7.58,7.75,7.42,7.67,7.75,7.67,10.0,10.0,10.0,7.67,83.5,,1,0.0,Green,1,1750.0,1,0,0
Colombia,2013.0,Caturra,Washed / Wet,7.58,7.67,7.58,7.75,7.58,7.75,10.0,10.0,10.0,7.58,83.5,0.11,0,0.0,Green,2,1750.0,1,1,0
Mexico,2012.0,Bourbon,Natural / Dry,7.83,7.58,7.25,7.5,7.5,7.42,10.0,10.0,10.0,8.42,83.5,0.13,0,0.0,Green,14,1170.0,1,1,0
Mexico,2012.0,Typica,Semi-washed / Semi-pulped,7.67,7.75,7.67,7.75,7.58,7.5,10.0,10.0,10.0,7.58,83.5,0.11,0,0.0,Green,12,940.0,1,1,0
Mexico,2012.0,Pacamara,Washed / Wet,7.75,7.67,7.67,7.75,7.33,7.5,10.0,10.0,10.0,7.83,83.5,0.12,0,0.0,Green,0,1400.0,1,1,0
Guatemala,2012.0,Caturra,Washed / Wet,7.83,7.5,7.5,8.0,7.67,7.5,10.0,10.0,10.0,7.5,83.5,0.1,0,0.0,Green,5,1524.0,1,1,0
Colombia,2012.0,Caturra,Washed / Wet,7.67,7.58,7.58,7.67,7.67,7.67,10.0,10.0,10.0,7.67,83.5,0.11,0,0.0,Green,0,1775.0,1,1,0
Guatemala,2012.0,Bourbon,Washed / Wet,7.5,7.5,7.75,7.5,8.0,7.67,10.0,10.0,10.0,7.58,83.5,,3,0.0,Green,12,1402.08,1,0,0
United States (Hawaii),,Desconocido,Desconocido,7.5,7.67,7.58,7.92,7.58,7.67,10.0,10.0,10.0,7.58,83.5,0.01,0,0.0,Desconocido,0,,0,1,0
Indonesia,2010.0,Desconocido,Desconocido,7.83,7.58,7.58,7.58,7.75,7.58,10.0,10.0,10.0,7.58,83.5,,0,0.0,Desconocido,0,1600.0,1,0,0
Colombia,2017.0,Caturra,Washed / Wet,7.5,7.58,7.58,7.5,7.75,7.83,10.0,10.0,10.0,7.67,83.42,,0,2.0,Green,1,439.0,1,0,0
Guatemala,2017.0,Bourbon,Washed / Wet,7.67,7.75,7.5,7.58,7.58,7.67,10.0,10.0,10.0,7.67,83.42,0.1,0,0.0,Green,3,1700.0,1,1,0
Colombia,2016.0,Caturra,Washed / Wet,7.67,7.67,7.5,7.67,7.67,7.58,10.0,10.0,10.0,7.67,83.42,0.11,0,0.0,Green,2,442.0,1,1,0
Costa Rica,2016.0,Caturra,Washed / Wet,7.58,7.5,7.42,7.92,7.5,7.67,10.0,10.0,10.0,7.83,83.42,0.09,0,0.0,Blue-Green,4,1850.0,1,1,0
Taiwan,2015.0,Desconocido,Desconocido,7.67,7.67,7.0,7.08,7.0,7.0,10.0,10.0,10.0,10.0,83.42,0.11,0,0.0,Blue-Green,0,,0,1,0
Uganda,2015.0,SL14,Washed / Wet,7.58,7.75,7.33,7.75,7.67,7.58,10.0,10.0,10.0,7.75,83.42,0.11,0,0.0,Green,1,1800.0,1,1,0
Thailand,2015.0,Catimor,Washed / Wet,7.5,7.58,7.75,7.5,7.75,7.67,10.0,10.0,10.0,7.67,83.42,0.13,0,0.0,Bluish-Green,0,1200.0,1,1,0
El Salvador,2016.0,Bourbon,Washed / Wet,7.58,7.5,7.75,7.58,7.75,7.67,10.0,10.0,10.0,7.58,83.42,0.11,0,0.0,Desconocido,0,1330.0,1,1,0
Colombia,2015.0,Caturra,Natural / Dry,7.58,7.67,7.58,7.67,7.58,7.67,10.0,10.0,10.0,7.67,83.42,0.12,4,0.0,Green,0,442.0,1,1,0
Brazil,2014.0,Yellow Bourbon,Semi-washed / Semi-pulped,7.33,7.83,7.75,7.5,7.42,7.83,10.0,10.0,10.0,7.75,83.42,0.12,0,0.0,Green,6,,0,1,0
"Tanzania, United Republic Of",2014.0,Bourbon,Washed / Wet,7.75,7.67,7.58,7.67,7.58,7.58,10.0,10.0,10.0,7.58,83.42,0.13,0,0.0,Green,4,1600.0,1,1,0
Colombia,2014.0,Caturra,Washed / Wet,7.58,7.58,7.25,7.75,7.75,8.58,9.33,10.0,10.0,7.58,83.42,0.12,0,0.0,Green,1,1813.0,1,1,2
Guatemala,2013.0,Bourbon,Natural / Dry,7.75,7.83,7.33,7.83,7.5,7.67,10.0,10.0,10.0,7.5,83.42,0.1,0,0.0,Green,1,1219.2,1,1,0
Guatemala,2014.0,Caturra,Washed / Wet,7.67,7.75,7.5,7.83,7.58,7.5,10.0,10.0,10.0,7.58,83.42,0.1,0,0.0,Green,2,1500.0,1,1,0
Guatemala,2013.0,Bourbon,Washed / Wet,7.67,7.5,7.75,7.42,7.75,7.75,10.0,10.0,10.0,7.58,83.42,0.11,0,0.0,Green,0,1310.64,1,1,0
United States (Hawaii),2012.0,Hawaiian Kona,Natural / Dry,7.42,7.75,7.67,7.58,7.67,7.67,10.0,10.0,10.0,7.67,83.42,,0,0.0,Green,2,,0,0,0
Colombia,2012.0,Caturra,Washed / Wet,7.5,7.75,7.58,7.5,7.67,7.75,10.0,10.0,10.0,7.67,83.42,0.11,0,0.0,Green,2,1450.0,1,1,0
Colombia,,Desconocido,Desconocido,7.58,7.58,7.58,7.67,7.75,7.67,10.0,10.0,10.0,7.58,83.42,0.1,1,0.0,Desconocido,3,,0,1,0
United States (Hawaii),2010.0,Desconocido,Desconocido,7.5,7.92,7.42,7.67,7.83,7.58,10.0,10.0,10.0,7.5,83.42,0.01,0,0.0,Desconocido,0,,0,1,0
Thailand,,Peaberry,Desconocido,7.58,7.25,7.5,7.92,7.92,7.42,10.0,10.0,10.0,7.83,83.42,0.11,0,0.0,Desconocido,0,,0,1,0
Mexico,,Desconocido,Desconocido,7.25,7.88,7.38,7.63,7.5,8.75,9.0,10.0,10.0,8.0,83.38,0.09,2,0.0,Desconocido,4,1050.0,1,1,2
Colombia,2016.0,Caturra,Washed / Wet,7.75,7.5,7.75,7.58,7.58,7.58,10.0,10.0,10.0,7.58,83.33,,0,1.0,Desconocido,0,1650.0,1,0,0
Colombia,2016.0,Caturra,Washed / Wet,7.67,7.58,7.58,7.42,7.67,7.75,10.0,10.0,10.0,7.67,83.33,,0,0.0,Blue-Green,0,,0,0,0
Colombia,2016.0,Caturra,Washed / Wet,7.83,7.58,7.58,7.58,7.5,7.58,10.0,10.0,10.0,7.67,83.33,,1,0.0,Green,2,,0,0,0
Brazil,2015.0,Catuai,Semi-washed / Semi-pulped,7.5,7.83,7.33,7.58,7.58,7.92,10.0,10.0,10.0,7.58,83.33,0.1,1,0.0,Green,5,1227.0,1,1,0
Mexico,2014.0,Caturra,Washed / Wet,7.75,7.75,7.5,7.67,7.5,7.58,10.0,10.0,10.0,7.58,83.33,0.12,0,0.0,Green,2,1200.0,1,1,0
Colombia,2015.0,Caturra,Washed / Wet,7.67,7.75,7.42,7.83,7.83,7.42,10.0,10.0,10.0,7.42,83.33,0.11,0,0.0,Green,1,1650.0,1,1,0
"Tanzania, United Republic Of",2014.0,Other,Semi-washed / Semi-pulped,7.75,7.58,7.67,7.58,7.58,7.58,10.0,10.0,10.0,7.58,83.33,0.12,0,0.0,Green,6,1700.0,1,1,0
Mexico,2013.0,Other,Washed / Wet,7.67,7.67,7.58,7.67,7.5,7.58,10.0,10.0,10.0,7.67,83.33,0.12,0,0.0,Green,0,1100.0,1,1,0
Costa Rica,2014.0,Caturra,Washed / Wet,7.67,7.67,7.42,7.67,7.67,7.67,10.0,10.0,10.0,7.58,83.33,0.12,0,0.0,Green,3,1300.0,1,1,0
United States (Hawaii),2014.0,Hawaiian Kona,Natural / Dry,7.83,7.58,7.83,7.67,7.92,8.0,9.33,10.0,9.33,7.83,83.33,0.11,0,0.0,Bluish-Green,1,,0,1,2
Costa Rica,2013.0,Catuai,Washed / Wet,7.5,7.67,7.67,7.5,7.83,7.17,10.0,10.0,10.0,8.0,83.33,0.11,0,0.0,Green,3,1200.0,1,1,0
Peru,2013.0,Desconocido,Washed / Wet,7.83,7.75,7.58,7.83,7.92,7.58,9.33,10.0,10.0,7.5,83.33,0.12,0,0.0,Green,5,,0,1,2
Haiti,2012.0,Typica,Washed / Wet,7.58,7.5,7.67,7.5,7.83,7.42,10.0,10.0,10.0,7.83,83.33,0.11,0,0.0,Green,4,1280.16,1,1,0
Colombia,2013.0,Caturra,Natural / Dry,7.67,7.67,7.5,7.67,7.92,7.42,10.0,10.0,10.0,7.5,83.33,0.11,0,0.0,Green,1,1000.0,1,1,0
Guatemala,2013.0,Bourbon,Washed / Wet,7.83,7.67,7.17,7.67,7.67,7.67,10.0,10.0,10.0,7.67,83.33,0.11,0,0.0,Green,3,1310.64,1,1,0
United States (Hawaii),2012.0,Hawaiian Kona,Natural / Dry,7.92,7.5,7.58,7.83,7.67,7.67,9.33,10.0,10.0,7.83,83.33,0.1,0,0.0,Bluish-Green,4,,0,1,2
Burundi,2012.0,Bourbon,Washed / Wet,7.75,7.67,7.33,7.5,7.5,7.75,10.0,10.0,10.0,7.83,83.33,,0,0.0,Desconocido,5,1880.0,1,0,0
Colombia,2012.0,Caturra,Washed / Wet,7.5,7.67,7.67,7.58,7.67,7.58,10.0,10.0,10.0,7.67,83.33,,0,0.0,Green,1,1750.0,1,0,0
United States (Hawaii),,Desconocido,Desconocido,8.08,7.83,7.83,7.75,7.67,7.58,9.33,10.0,9.33,7.92,83.33,0.01,0,0.0,Desconocido,0,,0,1,2
United States (Hawaii),,Desconocido,Desconocido,7.58,7.67,7.58,7.5,7.83,7.67,10.0,10.0,10.0,7.5,83.33,,0,0.0,Desconocido,0,,0,0,0
Mexico,2017.0,Typica,Washed / Wet,7.67,7.83,7.42,7.83,7.33,7.5,10.0,10.0,10.0,7.67,83.25,0.11,0,0.0,Blue-Green,0,1600.0,1,1,0
Costa Rica,2016.0,Catuai,Pulped natural / honey,7.5,7.5,7.83,7.5,7.67,7.67,10.0,10.0,10.0,7.58,83.25,0.11,0,0.0,Green,0,1900.0,1,1,0
Costa Rica,2015.0,Desconocido,Washed / Wet,7.83,7.5,7.42,7.67,7.5,7.67,10.0,10.0,10.0,7.67,83.25,0.11,0,0.0,Desconocido,0,,0,1,0
Guatemala,2016.0,Pacas,Washed / Wet,7.5,7.58,7.42,7.83,7.67,7.58,10.0,10.0,10.0,7.67,83.25,0.11,0,2.0,Green,7,2100.0,1,1,0
Uganda,2015.0,SL14,Washed / Wet,7.5,7.67,7.67,7.42,7.67,7.67,10.0,10.0,10.0,7.67,83.25,0.12,0,0.0,Green,1,,0,1,0
Brazil,2016.0,Desconocido,Desconocido,7.58,7.67,7.42,7.5,7.67,7.42,10.0,10.0,10.0,8.0,83.25,0.12,0,0.0,Green,4,,0,1,0
Colombia,2015.0,Caturra,Natural / Dry,7.58,7.67,7.67,7.17,7.75,7.83,10.0,10.0,10.0,7.58,83.25,,0,0.0,Green,2,442.0,1,0,0
Mexico,2015.0,Typica,Natural / Dry,7.83,7.75,7.5,7.58,7.58,7.58,10.0,10.0,10.0,7.42,83.25,0.12,0,0.0,Bluish-Green,2,1261.0,1,1,0
Taiwan,2015.0,Bourbon,Washed / Wet,7.67,7.5,7.5,7.5,7.67,7.83,10.0,10.0,10.0,7.58,83.25,0.1,0,0.0,Blue-Green,0,1000.0,1,1,0
Taiwan,2014.0,Typica,Washed / Wet,7.92,7.83,7.75,7.58,7.5,7.33,10.0,10.0,10.0,7.33,83.25,0.1,0,0.0,Green,0,800.0,1,1,0
Colombia,2014.0,Caturra,Natural / Dry,7.58,7.58,7.5,7.58,7.58,7.75,10.0,10.0,10.0,7.67,83.25,,0,0.0,Green,0,1483.0,1,0,0
Guatemala,2014.0,Caturra,Washed / Wet,7.5,7.67,7.58,7.67,7.67,7.5,10.0,10.0,10.0,7.67,83.25,0.1,0,0.0,Green,1,1500.0,1,1,0
Colombia,2013.0,Caturra,Washed / Wet,7.83,7.5,7.67,7.33,7.67,7.67,10.0,10.0,10.0,7.58,83.25,0.11,0,0.0,Green,1,1750.0,1,1,0
Mexico,2013.0,Bourbon,Washed / Wet,7.58,7.75,7.5,7.5,7.58,7.58,10.0,10.0,10.0,7.75,83.25,0.12,0,0.0,Green,6,1300.0,1,1,0
United States (Hawaii),2012.0,Hawaiian Kona,Natural / Dry,7.58,7.75,7.83,8.0,8.08,7.67,9.33,10.0,9.33,7.67,83.25,0.11,0,0.0,Bluish-Green,4,,0,1,2
Mexico,2012.0,Mundo Novo,Washed / Wet,7.75,7.58,7.58,7.58,7.5,7.58,10.0,10.0,10.0,7.67,83.25,0.13,0,0.0,Green,7,,0,1,0
Mexico,2012.0,Caturra,Washed / Wet,7.75,7.75,7.42,7.92,7.33,7.5,10.0,10.0,10.0,7.58,83.25,0.12,0,0.0,Blue-Green,0,1000.0,1,1,0
Guatemala,2012.0,Bourbon,Washed / Wet,7.83,7.58,7.08,7.83,7.42,8.08,10.0,10.0,10.0,7.42,83.25,0.11,0,0.0,Green,9,1310.64,1,1,0
Brazil,2012.0,Yellow Bourbon,Semi-washed / Semi-pulped,7.75,7.67,7.5,7.58,7.58,7.58,10.0,10.0,10.0,7.58,83.25,0.11,0,0.0,Blue-Green,1,1200.0,1,1,0
Colombia,2012.0,Caturra,Washed / Wet,7.67,7.58,7.58,7.42,7.83,7.58,10.0,10.0,10.0,7.58,83.25,0.12,0,0.0,Green,1,,0,1,0
Colombia,2012.0,Caturra,Washed / Wet,7.67,7.67,7.5,7.5,7.58,7.67,10.0,10.0,10.0,7.67,83.25,0.11,0,0.0,Green,0,1775.0,1,1,0
Colombia,2011.0,Desconocido,Desconocido,7.92,7.75,7.25,7.42,7.83,7.58,10.0,10.0,10.0,7.5,83.25,0.08,0,0.0,Desconocido,0,1700.0,1,1,0
Colombia,2010.0,Desconocido,Desconocido,8.0,7.67,7.67,7.25,7.67,7.5,10.0,10.0,10.0,7.5,83.25,0.13,0,0.0,Desconocido,1,1880.0,1,1,0
Colombia,2010.0,Desconocido,Desconocido,7.92,7.75,7.5,7.42,7.42,7.67,10.0,10.0,10.0,7.58,83.25,0.04,0,0.0,Desconocido,1,1800.0,1,1,0
Brazil,2017.0,Bourbon,Natural / Dry,7.67,7.42,7.5,7.58,7.67,7.58,10.0,10.0,10.0,7.75,83.17,0.11,0,0.0,Green,4,890.0,1,1,0
Guatemala,2017.0,Bourbon,Washed / Wet,7.58,7.58,7.33,7.67,7.75,7.58,10.0,10.0,10.0,7.67,83.17,0.1,0,0.0,Green,1,1901.0,1,1,0
"Tanzania, United Republic Of",2016.0,Bourbon,Washed / Wet,7.67,7.58,7.42,7.67,7.67,7.58,10.0,10.0,10.0,7.58,83.17,0.12,0,0.0,Green,3,,0,1,0
Peru,2017.0,Desconocido,Desconocido,7.92,7.5,7.5,7.58,7.67,7.5,10.0,10.0,10.0,7.5,83.17,0.11,0,1.0,Green,0,,0,1,0
Vietnam,2017.0,Catimor,Natural / Dry,7.58,7.42,7.08,7.33,7.58,8.58,10.0,10.0,10.0,7.58,83.17,0.07,0,0.0,Desconocido,0,1550.0,1,1,0
Guatemala,2016.0,Caturra,Washed / Wet,7.67,7.75,7.42,7.75,7.58,7.5,10.0,10.0,10.0,7.5,83.17,0.11,2,2.0,Green,3,1500.0,1,1,0
Honduras,2016.0,Catuai,Washed / Wet,7.67,7.67,7.5,7.67,7.5,7.67,10.0,10.0,10.0,7.5,83.17,0.11,0,1.0,Blue-Green,1,1450.0,1,1,0
China,2015.0,Catimor,Washed / Wet,7.5,7.67,7.33,7.67,7.67,7.67,10.0,10.0,10.0,7.67,83.17,0.11,0,0.0,Green,0,1200.0,1,1,0
China,2015.0,Catimor,Washed / Wet,7.67,7.67,7.5,7.67,7.42,7.58,10.0,10.0,10.0,7.67,83.17,0.1,0,0.0,Green,3,1600.0,1,1,0
El Salvador,2016.0,Bourbon,Washed / Wet,7.5,7.5,7.33,7.67,8.0,7.67,10.0,10.0,10.0,7.5,83.17,,0,0.0,Green,0,1350.0,1,0,0
Guatemala,2015.0,Bourbon,Washed / Wet,7.5,7.75,7.5,7.83,7.58,7.5,10.0,10.0,10.0,7.5,83.17,0.11,0,0.0,Green,1,1500.0,1,1,0
Guatemala,2015.0,Bourbon,Washed / Wet,7.92,7.67,7.42,7.75,7.5,7.5,10.0,10.0,10.0,7.42,83.17,0.12,0,0.0,Green,3,1650.0,1,1,0
Kenya,2014.0,SL28,Washed / Wet,7.83,7.75,7.67,7.75,7.83,8.5,9.33,9.33,9.33,7.83,83.17,0.1,0,0.0,Bluish-Green,1,250.5,1,1,2
Thailand,2014.0,Desconocido,Washed / Wet,7.67,7.58,7.58,7.75,7.42,7.67,10.0,10.0,10.0,7.5,83.17,0.12,0,0.0,Bluish-Green,0,800.0,1,1,0
"Tanzania, United Republic Of",2014.0,Other,Washed / Wet,7.58,7.67,7.67,7.58,7.42,7.58,10.0,10.0,10.0,7.67,83.17,0.13,0,0.0,Bluish-Green,6,1653.0,1,1,0
Colombia,2014.0,Caturra,Washed / Wet,7.58,7.5,7.5,7.67,7.5,7.67,10.0,10.0,10.0,7.75,83.17,,0,0.0,Desconocido,4,1775.0,1,0,0
Uganda,2014.0,SL14,Washed / Wet,8.0,7.67,7.5,7.42,7.33,7.58,10.0,10.0,10.0,7.67,83.17,0.1,0,0.0,Bluish-Green,0,1800.0,1,1,0
Colombia,2014.0,Desconocido,Washed / Wet,7.58,7.75,7.5,7.58,7.58,7.58,10.0,10.0,10.0,7.58,83.17,0.11,10,0.0,Green,3,,0,1,0
Honduras,2013.0,Catuai,Natural / Dry,7.5,7.5,7.5,7.67,7.67,7.67,10.0,10.0,10.0,7.67,83.17,0.1,0,0.0,Green,5,1450.0,1,1,0
Honduras,2014.0,Caturra,Natural / Dry,7.67,7.67,7.5,7.67,7.5,7.67,10.0,10.0,10.0,7.5,83.17,0.11,0,0.0,Green,3,1350.0,1,1,0
Guatemala,2014.0,Catuai,Washed / Wet,7.33,7.83,7.17,8.17,7.33,7.67,10.0,10.0,10.0,7.67,83.17,0.09,0,0.0,Green,1,1524.0,1,1,0
United States (Hawaii),2013.0,Hawaiian Kona,Natural / Dry,7.5,7.5,7.58,7.42,7.92,7.67,10.0,10.0,10.0,7.58,83.17,0.11,0,0.0,Bluish-Green,0,,0,1,0
"Tanzania, United Republic Of",2014.0,Bourbon,Washed / Wet,7.58,7.5,7.58,7.75,7.58,7.58,10.0,10.0,10.0,7.58,83.17,0.12,0,0.0,Green,1,1800.0,1,1,0
Guatemala,2013.0,Bourbon,Washed / Wet,7.67,7.83,7.33,7.67,7.5,7.67,10.0,10.0,10.0,7.5,83.17,0.11,0,0.0,Green,2,1310.64,1,1,0
Mexico,2013.0,Typica,Washed / Wet,7.75,7.58,7.58,7.58,7.5,7.42,10.0,10.0,10.0,7.75,83.17,0.11,0,0.0,Green,2,1500.0,1,1,0
Mexico,2012.0,Typica,Washed / Wet,7.75,7.67,7.58,7.5,7.42,7.58,10.0,10.0,10.0,7.67,83.17,0.12,3,0.0,Desconocido,8,532.0,1,1,0
Mexico,2012.0,Pacamara,Washed / Wet,7.58,7.75,7.42,7.67,7.5,7.58,10.0,10.0,10.0,7.67,83.17,0.14,0,0.0,Desconocido,10,1089.0,1,1,0
Colombia,2012.0,Caturra,Washed / Wet,7.67,7.5,7.5,7.5,7.58,8.17,10.0,10.0,10.0,7.25,83.17,0.11,1,0.0,Green,2,1775.0,1,1,0
Mexico,2012.0,Typica,Washed / Wet,7.75,7.5,7.42,7.75,7.58,7.58,10.0,10.0,10.0,7.58,83.17,0.13,0,0.0,Green,5,700.0,1,1,0
Colombia,2012.0,Caturra,Washed / Wet,7.58,7.67,7.5,7.58,7.67,7.67,10.0,10.0,10.0,7.5,83.17,0.11,0,0.0,Blue-Green,0,1750.0,1,1,0
Mexico,2012.0,Typica,Washed / Wet,7.5,7.75,7.58,7.58,7.67,7.5,10.0,10.0,10.0,7.58,83.17,0.11,0,0.0,Desconocido,5,1380.0,1,1,0
Brazil,2012.0,Mundo Novo,Natural / Dry,7.75,7.67,7.58,7.5,7.58,7.58,10.0,10.0,10.0,7.5,83.17,0.12,0,0.0,Green,1,1000.0,1,1,0
Brazil,2012.0,Mundo Novo,Natural / Dry,7.92,7.58,7.5,7.58,7.42,7.5,10.0,10.0,10.0,7.67,83.17,0.11,0,0.0,Green,4,950.0,1,1,0
Guatemala,2012.0,Bourbon,Washed / Wet,7.75,7.5,7.67,7.5,7.92,8.0,10.0,10.0,9.33,7.5,83.17,,0,0.0,Green,10,1402.08,1,0,2
Brazil,2011.0,Mundo Novo,Semi-washed / Semi-pulped,7.75,7.5,7.58,7.5,7.75,7.5,10.0,10.0,10.0,7.58,83.17,0.12,0,0.0,Blue-Green,3,1000.0,1,1,0
Brazil,2011.0,Desconocido,Desconocido,7.58,7.75,7.67,7.5,7.67,7.58,10.0,10.0,10.0,7.42,83.17,0.02,0,0.0,Desconocido,2,900.0,1,1,0
El Salvador,2010.0,Desconocido,Desconocido,7.42,7.83,8.17,8.08,7.17,7.58,10.0,9.33,10.0,7.58,83.17,0.14,0,0.0,Desconocido,3,1200.0,1,1,0
Ethiopia,,Desconocido,Desconocido,7.75,8.0,7.67,8.08,7.83,7.92,9.33,9.33,9.33,7.92,83.17,0.01,0,0.0,Desconocido,0,1850.0,1,1,2
Colombia,2016.0,Caturra,Washed / Wet,7.58,7.67,7.33,7.67,7.75,7.58,10.0,10.0,10.0,7.5,83.08,,0,1.0,Green,4,1799.0,1,0,0
Colombia,2016.0,Caturra,Washed / Wet,7.75,7.5,7.5,7.42,8.0,7.75,10.0,10.0,10.0,7.17,83.08,,1,2.0,Green,5,,0,0,0
Brazil,2015.0,Yellow Bourbon,Pulped natural / honey,7.58,7.58,7.58,7.5,7.67,7.58,10.0,10.0,10.0,7.58,83.08,0.11,0,2.0,Bluish-Green,2,905.0,1,1,0
Brazil,2015.0,Yellow Bourbon,Natural / Dry,7.33,7.67,7.67,7.33,7.75,7.42,10.0,10.0,10.0,7.92,83.08,,0,0.0,Green,3,,0,0,0
Taiwan,2015.0,Typica,Natural / Dry,7.83,7.92,7.5,7.83,7.67,7.25,9.33,10.0,10.0,7.75,83.08,,0,0.0,Green,0,750.0,1,0,0
Brazil,2015.0,Mundo Novo,Natural / Dry,7.42,7.67,7.58,7.5,7.75,7.67,10.0,10.0,10.0,7.5,83.08,0.11,0,0.0,Green,13,,0,1,0
Brazil,2014.0,Bourbon,Washed / Wet,7.58,7.83,7.67,7.42,7.42,7.5,10.0,10.0,10.0,7.67,83.08,,0,0.0,Green,1,1200.0,1,0,0
Costa Rica,2014.0,Catuai,Washed / Wet,7.83,7.33,7.5,7.67,7.58,7.67,10.0,10.0,10.0,7.5,83.08,0.1,0,0.0,Green,3,1300.0,1,1,0
United States (Hawaii),2013.0,Hawaiian Kona,Natural / Dry,7.33,7.75,7.58,7.33,7.83,7.67,10.0,10.0,10.0,7.58,83.08,0.12,0,0.0,Bluish-Green,8,,0,1,0
Taiwan,2013.0,Typica,Other,7.75,7.75,7.5,7.5,7.5,7.5,10.0,10.0,10.0,7.58,83.08,0.11,0,0.0,Desconocido,0,1300.0,1,1,0
United States (Hawaii),2012.0,Hawaiian Kona,Natural / Dry,7.83,7.83,7.33,7.17,7.75,7.67,10.0,10.0,10.0,7.5,83.08,0.1,0,0.0,Bluish-Green,0,,0,1,0
Mexico,2012.0,Other,Washed / Wet,7.75,7.67,7.42,7.75,7.5,7.5,10.0,10.0,10.0,7.5,83.08,0.1,0,0.0,Desconocido,1,1400.0,1,1,0
United States (Hawaii),2012.0,Hawaiian Kona,Natural / Dry,7.67,7.58,7.5,7.67,7.92,8.0,9.33,9.33,10.0,8.08,83.08,,1,0.0,Desconocido,4,,0,0,2
United States (Hawaii),2012.0,Hawaiian Kona,Washed / Wet,7.33,7.58,7.58,7.92,7.67,7.58,10.0,10.0,10.0,7.42,83.08,0.12,0,0.0,Green,0,,0,1,0
Colombia,,Caturra,Desconocido,7.33,7.33,7.33,7.58,7.25,8.08,10.0,10.0,10.0,8.17,83.08,0.01,0,0.0,Desconocido,0,1775.0,1,1,0
Colombia,2010.0,Desconocido,Desconocido,7.83,7.75,7.33,7.25,7.42,7.92,10.0,10.0,10.0,7.58,83.08,0.08,1,0.0,Desconocido,3,1880.0,1,1,0
Indonesia,2010.0,Desconocido,Desconocido,7.67,7.58,7.5,7.58,7.67,7.58,10.0,10.0,10.0,7.5,83.08,,0,0.0,Desconocido,0,1350.0,1,0,0
Guatemala,,Desconocido,Desconocido,7.92,7.67,7.67,7.25,7.83,7.67,9.33,10.0,10.0,7.75,83.08,0.02,0,0.0,Desconocido,1,,0,1,0
Brazil,2017.0,Bourbon,Natural / Dry,7.58,7.5,7.5,7.75,7.67,7.5,10.0,10.0,10.0,7.5,83.0,,0,0.0,Green,4,890.0,1,0,0
Brazil,2016.0,Bourbon,Natural / Dry,7.5,7.58,7.58,7.67,7.58,7.5,10.0,10.0,10.0,7.58,83.0,0.11,0,3.0,Green,5,894.0,1,1,0
Brazil,2016.0,Bourbon,Natural / Dry,7.5,7.67,7.58,7.67,7.58,7.42,10.0,10.0,10.0,7.58,83.0,0.11,0,2.0,Bluish-Green,3,872.0,1,1,0
Uganda,2015.0,Bourbon,Washed / Wet,7.67,7.58,7.42,7.42,7.83,7.5,10.0,10.0,10.0,7.58,83.0,0.12,0,0.0,Green,6,1473.0,1,1,0
Uganda,2015.0,Bourbon,Natural / Dry,7.67,7.67,7.5,7.58,7.42,7.5,10.0,10.0,10.0,7.67,83.0,0.12,0,5.0,Green,8,1645.0,1,1,0
Colombia,2016.0,Desconocido,Desconocido,7.67,7.67,7.33,7.67,7.5,7.58,10.0,10.0,10.0,7.58,83.0,0.11,0,0.0,Green,4,442.0,1,1,0
Vietnam,2014.0,Caturra,Other,7.75,7.67,7.58,7.58,7.42,7.67,9.33,10.0,10.0,8.0,83.0,,0,0.0,Green,0,1550.0,1,0,0
Guatemala,2015.0,Catuai,Washed / Wet,7.67,7.75,7.33,7.92,7.42,7.5,10.0,10.0,10.0,7.42,83.0,0.11,0,0.0,Green,3,1550.0,1,1,0
Guatemala,2015.0,Catuai,Washed / Wet,7.75,7.67,7.33,7.75,7.5,7.42,10.0,10.0,10.0,7.58,83.0,0.11,0,0.0,Green,2,1371.6,1,1,0
Guatemala,2015.0,Bourbon,Washed / Wet,7.83,7.67,7.25,7.67,7.75,7.5,10.0,10.0,10.0,7.33,83.0,0.11,0,0.0,Green,2,1500.0,1,1,0
Brazil,2014.0,Catuai,Natural / Dry,7.67,7.67,7.67,7.5,7.42,7.5,10.0,10.0,10.0,7.58,83.0,,0,0.0,Green,0,1000.0,1,0,0
Taiwan,2014.0,Typica,Washed / Wet,7.92,7.92,7.83,7.58,7.33,7.25,10.0,10.0,10.0,7.17,83.0,0.08,0,0.0,Green,0,1200.0,1,1,0
Uganda,2013.0,SL14,Washed / Wet,7.83,7.58,7.5,7.5,7.58,7.5,10.0,10.0,10.0,7.5,83.0,0.12,0,0.0,Green,0,1800.0,1,1,0
United States (Puerto Rico),2013.0,Other,Washed / Wet,7.67,7.5,7.67,7.83,7.75,7.83,10.0,10.0,9.33,7.42,83.0,,0,0.0,Bluish-Green,0,853.44,1,0,0
Guatemala,2014.0,Bourbon,Washed / Wet,7.67,7.67,7.42,7.83,7.5,7.5,10.0,10.0,10.0,7.42,83.0,0.1,1,0.0,Green,0,1500.0,1,1,0
Costa Rica,2013.0,Catuai,Washed / Wet,7.67,7.58,7.5,7.58,7.5,7.5,10.0,10.0,10.0,7.67,83.0,0.11,0,0.0,Green,3,1200.0,1,1,0
Brazil,2013.0,Yellow Bourbon,Semi-washed / Semi-pulped,7.75,7.58,7.42,7.67,7.42,7.67,10.0,10.0,10.0,7.5,83.0,0.12,0,0.0,Bluish-Green,4,1250.0,1,1,0
Colombia,2013.0,Caturra,Washed / Wet,7.75,7.42,7.33,7.5,7.58,7.17,10.0,10.0,10.0,8.25,83.0,0.11,1,0.0,Green,1,1775.0,1,1,0
Colombia,2013.0,Caturra,Washed / Wet,7.83,7.5,7.58,7.33,7.5,7.67,10.0,10.0,10.0,7.58,83.0,,0,0.0,Green,0,1750.0,1,0,0
Colombia,2013.0,Caturra,Natural / Dry,7.33,7.67,7.75,7.42,7.75,7.58,10.0,10.0,10.0,7.5,83.0,0.11,0,0.0,Green,1,1000.0,1,1,0
Colombia,2013.0,Caturra,Natural / Dry,7.58,7.75,7.42,7.67,7.58,7.42,10.0,10.0,10.0,7.58,83.0,,0,0.0,Green,2,1000.0,1,0,0
Colombia,2012.0,Caturra,Washed / Wet,7.5,7.5,7.42,7.58,7.75,7.58,10.0,10.0,10.0,7.67,83.0,0.11,1,0.0,Green,2,1775.0,1,1,0
Mexico,2012.0,Typica,Washed / Wet,7.67,7.58,7.42,7.5,7.67,7.58,10.0,10.0,10.0,7.58,83.0,0.11,0,0.0,Green,20,750.0,1,1,0
Mexico,2012.0,Typica,Semi-washed / Semi-pulped,7.67,7.83,7.5,7.58,7.58,7.67,9.33,10.0,10.0,7.83,83.0,0.11,0,0.0,Green,7,1200.0,1,1,0
Mexico,2012.0,Bourbon,Washed / Wet,7.5,7.67,7.5,7.5,7.58,7.58,10.0,10.0,10.0,7.67,83.0,0.11,5,0.0,Green,8,1200.0,1,1,0
Colombia,2012.0,Arusha,Natural / Dry,7.67,7.58,7.5,7.5,7.75,7.5,10.0,10.0,10.0,7.5,83.0,,1,0.0,Desconocido,4,,0,0,0
Colombia,2012.0,Caturra,Washed / Wet,7.75,7.58,7.5,7.67,7.83,7.75,9.33,10.0,10.0,7.58,83.0,,0,0.0,Green,4,1625.0,1,0,0
Colombia,2012.0,Caturra,Washed / Wet,7.67,7.58,7.58,7.58,7.67,7.42,10.0,10.0,10.0,7.5,83.0,0.11,0,0.0,Green,0,1750.0,1,1,0
Guatemala,2012.0,Bourbon,Washed / Wet,7.5,7.67,7.5,7.67,7.5,7.83,10.0,10.0,10.0,7.33,83.0,0.1,0,0.0,Green,2,1371.6,1,1,0
Colombia,2011.0,Caturra,Washed / Wet,7.67,7.67,7.58,7.5,7.67,7.42,10.0,10.0,10.0,7.5,83.0,0.12,0,0.0,Bluish-Green,0,1775.0,1,1,0
Thailand,2011.0,Desconocido,Desconocido,7.33,7.67,7.58,7.5,7.75,7.67,10.0,10.0,10.0,7.5,83.0,0.28,0,0.0,Desconocido,0,,0,1,0
Colombia,,Desconocido,Desconocido,7.33,7.67,7.58,7.33,7.58,7.92,10.0,10.0,10.0,7.58,83.0,0.08,0,0.0,Desconocido,1,1450.0,1,1,0
United States (Hawaii),,Desconocido,Desconocido,7.83,7.83,7.67,7.83,7.92,7.83,9.33,9.33,9.33,8.08,83.0,,0,0.0,Desconocido,0,,0,0,2
United States (Hawaii),,Desconocido,Desconocido,7.5,7.58,7.42,7.58,7.58,7.67,10.0,10.0,10.0,7.67,83.0,,0,0.0,Desconocido,1,,0,0,0
Colombia,2011.0,Desconocido,Desconocido,7.5,7.58,7.67,7.67,7.58,7.58,10.0,10.0,10.0,7.42,83.0,0.06,0,0.0,Desconocido,2,1800.0,1,1,0
Nicaragua,2009.0,Caturra,Desconocido,7.58,7.83,7.75,7.92,7.92,8.08,9.33,9.33,9.33,7.92,83.0,0.07,0,0.0,Desconocido,0,,0,1,2
Thailand,,Desconocido,Desconocido,7.5,7.25,7.42,7.75,8.17,7.5,10.0,10.0,10.0,7.42,83.0,,0,0.0,Desconocido,0,,0,0,0
Brazil,2017.0,Bourbon,Natural / Dry,7.67,7.58,7.5,7.58,7.58,7.5,10.0,10.0,10.0,7.5,82.92,,0,0.0,Green,0,890.0,1,0,0
El Salvador,2017.0,Bourbon,Washed / Wet,7.5,7.5,7.75,7.58,7.92,7.83,10.0,10.0,9.33,7.5,82.92,,0,0.0,Green,1,1350.0,1,0,0
Colombia,2017.0,Caturra,Washed / Wet,7.58,7.67,7.5,7.33,7.67,7.58,10.0,10.0,10.0,7.58,82.92,0.11,0,0.0,Green,1,1500.0,1,1,0
Taiwan,2016.0,Caturra,Natural / Dry,7.17,7.83,7.25,7.67,7.67,7.58,10.0,10.0,10.0,7.75,82.92,0.09,31,0.0,Green,0,350.0,1,1,0
Ethiopia,2016.0,Ethiopian Heirlooms,Washed / Wet,7.58,7.58,7.5,7.5,7.58,7.58,10.0,10.0,10.0,7.58,82.92,,1,0.0,Bluish-Green,20,2000.0,1,0,0
Taiwan,2014.0,Typica,Natural / Dry,7.5,7.58,7.67,7.33,7.5,7.75,10.0,10.0,10.0,7.58,82.92,,0,0.0,Green,9,775.0,1,0,0
Philippines,2015.0,Other,Washed / Wet,7.58,7.58,7.67,7.58,7.5,7.5,10.0,10.0,10.0,7.5,82.92,0.11,0,0.0,Blue-Green,1,1200.0,1,1,0
Philippines,2014.0,Other,Washed / Wet,8.08,7.5,7.67,7.42,7.33,7.5,10.0,10.0,10.0,7.42,82.92,,0,0.0,Bluish-Green,0,1600.0,1,0,0
Mexico,2015.0,Typica,Natural / Dry,7.83,7.67,7.25,7.58,7.5,7.5,10.0,10.0,10.0,7.58,82.92,0.13,0,0.0,Blue-Green,3,1059.0,1,1,0
Mexico,2015.0,Bourbon,Washed / Wet,7.75,7.67,7.42,7.42,7.75,7.5,10.0,10.0,10.0,7.42,82.92,0.12,2,0.0,Bluish-Green,8,1300.0,1,1,0
Brazil,2014.0,Moka Peaberry,Semi-washed / Semi-pulped,7.08,7.5,7.5,7.83,7.75,7.67,10.0,10.0,10.0,7.58,82.92,0.11,0,0.0,Green,16,,0,1,0
Uganda,2013.0,SL14,Washed / Wet,8.0,7.5,7.5,7.58,7.33,7.42,10.0,10.0,10.0,7.58,82.92,0.12,0,0.0,Green,0,1650.0,1,1,0
Uganda,2013.0,SL14,Washed / Wet,7.75,7.58,7.58,7.5,7.5,7.5,10.0,10.0,10.0,7.5,82.92,0.12,0,0.0,Green,4,1400.0,1,1,0
Guatemala,2014.0,Bourbon,Washed / Wet,7.75,7.5,7.42,7.58,7.67,7.5,10.0,10.0,10.0,7.5,82.92,0.1,0,0.0,Green,1,1500.0,1,1,0
Guatemala,2014.0,Caturra,Natural / Dry,7.67,7.83,7.42,7.5,7.33,7.5,10.0,10.0,10.0,7.67,82.92,0.1,0,0.0,Green,2,1500.0,1,1,0
Guatemala,2012.0,Desconocido,Washed / Wet,7.58,7.58,7.25,7.58,7.58,7.58,10.0,10.0,10.0,7.75,82.92,0.1,0,0.0,Green,4,,0,1,0
Colombia,2013.0,Caturra,Washed / Wet,7.58,7.5,7.75,7.33,7.58,7.58,10.0,10.0,10.0,7.58,82.92,0.11,0,0.0,Green,2,1900.0,1,1,0
Colombia,2013.0,Caturra,Natural / Dry,7.75,7.5,7.25,7.5,7.75,7.5,10.0,10.0,10.0,7.67,82.92,,0,0.0,Bluish-Green,0,1750.0,1,0,0
Guatemala,2013.0,Bourbon,Washed / Wet,7.83,7.75,7.25,7.92,7.5,7.17,10.0,10.0,10.0,7.5,82.92,0.11,0,0.0,Green,2,1706.88,1,1,0
Colombia,2013.0,Other,Washed / Wet,7.83,7.67,7.42,7.42,7.5,7.58,10.0,10.0,10.0,7.5,82.92,0.11,3,0.0,Green,5,1450.0,1,1,0
Mexico,2012.0,Typica,Natural / Dry,7.58,7.58,7.33,7.25,7.58,7.75,10.0,10.0,10.0,7.83,82.92,0.1,0,0.0,Green,4,1248.0,1,1,0
Vietnam,2012.0,Other,Natural / Dry,7.67,7.33,7.17,7.58,8.08,7.42,10.0,10.0,10.0,7.67,82.92,,0,0.0,Desconocido,17,1040.0,1,0,0
Mexico,2012.0,Typica,Washed / Wet,8.0,7.92,7.67,7.17,7.67,7.42,9.33,10.0,10.0,7.75,82.92,0.14,1,0.0,Green,4,1400.0,1,1,0
United States (Hawaii),2012.0,Hawaiian Kona,Washed / Wet,7.5,7.5,7.5,7.42,7.67,7.83,10.0,10.0,10.0,7.5,82.92,0.1,0,0.0,Green,0,,0,1,0
Colombia,2011.0,Desconocido,Desconocido,7.5,7.75,7.33,7.75,7.08,7.83,10.0,10.0,10.0,7.67,82.92,0.15,0,0.0,Desconocido,0,1450.0,1,1,0
Thailand,,Desconocido,Desconocido,7.42,7.58,7.5,7.17,7.5,8.0,10.0,10.0,10.0,7.75,82.92,,0,0.0,Desconocido,0,,0,0,0
Kenya,2017.0,SL28,Washed / Wet,7.75,7.58,7.42,7.58,7.5,7.5,10.0,10.0,10.0,7.5,82.83,0.1,0,0.0,Green,3,1754.0,1,1,0
Guatemala,2017.0,Bourbon,Washed / Wet,7.5,7.58,7.33,7.67,7.58,7.58,10.0,10.0,10.0,7.58,82.83,0.11,1,1.0,Green,2,1700.0,1,1,0
Brazil,2015.0,Yellow Bourbon,Pulped natural / honey,7.67,7.58,7.58,7.5,7.5,7.42,10.0,10.0,10.0,7.58,82.83,0.11,0,2.0,Bluish-Green,2,905.0,1,1,0
El Salvador,2016.0,Pacas,Washed / Wet,7.33,7.67,7.67,7.83,7.33,7.67,10.0,10.0,10.0,7.33,82.83,,0,0.0,Green,4,1250.0,1,0,0
Rwanda,2015.0,Bourbon,Washed / Wet,7.83,7.92,7.75,7.83,7.75,7.75,9.33,9.33,9.33,8.0,82.83,0.11,0,0.0,Bluish-Green,0,1900.0,1,1,2
Vietnam,2014.0,Other,Other,7.25,7.58,7.5,7.42,7.75,7.42,10.0,10.0,10.0,7.92,82.83,0.11,11,0.0,Green,0,1040.0,1,1,0
Guatemala,2015.0,Bourbon,Washed / Wet,7.58,7.58,7.33,7.67,7.67,7.5,10.0,10.0,10.0,7.5,82.83,0.11,0,0.0,Green,2,1219.2,1,1,0
Brazil,2015.0,Catuai,Natural / Dry,7.58,7.83,7.33,7.67,7.42,7.33,10.0,10.0,10.0,7.67,82.83,0.12,2,0.0,Green,6,900.0,1,1,0
Colombia,2014.0,Other,Washed / Wet,7.83,7.67,7.5,7.58,7.5,7.67,10.0,10.0,10.0,7.08,82.83,,0,0.0,Desconocido,1,1600.0,1,0,0
United States,2014.0,Other,Other,7.42,7.58,7.25,7.5,7.75,7.75,10.0,10.0,10.0,7.58,82.83,,0,0.0,Desconocido,9,1200.0,1,0,0
Guatemala,2014.0,Bourbon,Washed / Wet,7.67,7.67,7.75,7.67,7.42,7.17,10.0,10.0,10.0,7.5,82.83,0.1,0,0.0,Green,4,1500.0,1,1,0
Colombia,2013.0,Typica,Natural / Dry,7.5,7.42,7.58,7.5,7.58,7.58,10.0,10.0,10.0,7.67,82.83,,4,0.0,Green,4,1800.0,1,0,0
Colombia,2013.0,Caturra,Washed / Wet,7.83,7.5,7.5,7.42,7.5,7.5,10.0,10.0,10.0,7.58,82.83,0.11,0,0.0,Green,3,1775.0,1,1,0
"Tanzania, United Republic Of",2012.0,Arusha,Washed / Wet,7.67,7.5,7.33,7.25,7.58,7.75,10.0,10.0,10.0,7.75,82.83,0.11,0,0.0,Green,5,1400.0,1,1,0
Mexico,2012.0,Caturra,Washed / Wet,7.58,7.67,7.5,7.58,7.5,7.5,10.0,10.0,10.0,7.5,82.83,0.12,2,0.0,Green,10,1550.0,1,1,0
Mexico,2012.0,Bourbon,Washed / Wet,7.67,7.58,7.42,7.75,7.42,7.42,10.0,10.0,10.0,7.58,82.83,0.12,0,0.0,Blue-Green,7,1250.0,1,1,0
Guatemala,2012.0,Bourbon,Washed / Wet,7.67,7.67,7.33,7.5,7.33,7.92,10.0,10.0,10.0,7.42,82.83,0.11,0,0.0,Green,10,1310.64,1,1,0
Mexico,2012.0,Typica,Washed / Wet,7.58,7.58,7.5,7.42,7.67,7.58,10.0,10.0,10.0,7.5,82.83,0.11,0,0.0,Desconocido,2,1380.0,1,1,0
El Salvador,2010.0,Desconocido,Desconocido,7.75,7.58,7.75,7.75,7.25,7.5,10.0,10.0,10.0,7.25,82.83,,1,0.0,Desconocido,3,1200.0,1,0,0
Guatemala,,Caturra,Washed / Wet,7.5,7.58,7.42,7.67,7.58,7.5,10.0,10.0,10.0,7.5,82.75,0.1,0,1.0,Green,3,1100.0,1,1,0
Guatemala,2017.0,Caturra,Washed / Wet,7.58,7.67,7.5,7.58,7.5,7.42,10.0,10.0,10.0,7.5,82.75,0.11,0,0.0,Green,8,1800.0,1,1,0
Guatemala,2017.0,Bourbon,Washed / Wet,7.5,7.67,7.17,7.67,7.67,7.58,10.0,10.0,10.0,7.5,82.75,0.11,0,0.0,Green,4,1700.0,1,1,0
Guatemala,2017.0,Bourbon,Washed / Wet,7.5,7.5,7.42,7.58,7.67,7.5,10.0,10.0,10.0,7.58,82.75,0.1,0,0.0,Green,1,1219.2,1,1,0
Guatemala,2017.0,Bourbon,Washed / Wet,7.42,7.58,7.42,7.67,7.5,7.5,10.0,10.0,10.0,7.67,82.75,0.1,0,0.0,Green,1,1219.2,1,1,0
Indonesia,2017.0,Sulawesi,Other,7.5,7.58,7.42,7.58,7.58,7.5,10.0,10.0,10.0,7.58,82.75,0.12,0,0.0,Blue-Green,15,1500.0,1,1,0
Guatemala,2017.0,Bourbon,Washed / Wet,7.58,7.58,7.33,7.58,7.33,7.67,10.0,10.0,10.0,7.67,82.75,0.12,0,0.0,Green,0,,0,1,0
Taiwan,2016.0,Yellow Bourbon,Natural / Dry,7.83,7.67,7.33,7.67,7.58,7.67,9.33,10.0,10.0,7.67,82.75,,0,0.0,Green,0,650.0,1,0,0
El Salvador,2017.0,Bourbon,Washed / Wet,7.67,7.67,7.17,7.33,7.58,7.67,10.0,10.0,10.0,7.67,82.75,,0,0.0,Desconocido,4,1250.0,1,0,0
Costa Rica,2016.0,Caturra,Washed / Wet,7.58,7.5,7.42,7.67,7.42,7.5,10.0,10.0,10.0,7.67,82.75,0.09,0,0.0,Bluish-Green,1,1850.0,1,1,0
Honduras,2017.0,Caturra,Natural / Dry,7.58,7.5,7.42,7.58,7.5,7.5,10.0,10.0,10.0,7.67,82.75,0.09,0,1.0,Green,6,1400.0,1,1,0
Brazil,2015.0,Yellow Bourbon,Pulped natural / honey,7.5,7.5,7.58,7.5,7.58,7.58,10.0,10.0,10.0,7.5,82.75,0.11,0,2.0,Bluish-Green,1,905.0,1,1,0
China,2015.0,Catimor,Natural / Dry,7.67,7.5,7.33,7.33,7.67,7.67,10.0,10.0,10.0,7.58,82.75,0.1,0,0.0,Green,0,1100.0,1,1,0
China,2015.0,Catimor,Washed / Wet,7.5,7.67,7.42,7.67,7.5,7.5,10.0,10.0,10.0,7.5,82.75,0.11,0,0.0,Green,2,1500.0,1,1,0
Colombia,2014.0,Caturra,Washed / Wet,7.5,7.58,7.58,7.75,7.33,7.5,10.0,10.0,10.0,7.5,82.75,,0,0.0,Blue-Green,2,1775.0,1,0,0
Malawi,2014.0,Gesha,Washed / Wet,7.75,7.58,7.42,7.5,7.33,7.5,10.0,10.0,10.0,7.67,82.75,0.12,0,0.0,Bluish-Green,0,1442.0,1,1,0
Guatemala,2014.0,Pacas,Washed / Wet,7.75,7.42,7.25,7.75,7.5,7.67,10.0,10.0,10.0,7.42,82.75,0.13,0,0.0,Green,2,1524.0,1,1,0
Colombia,2014.0,Typica,Washed / Wet,7.67,7.42,7.42,7.58,7.33,7.67,10.0,10.0,10.0,7.67,82.75,0.12,0,0.0,Green,0,,0,1,0
United States (Hawaii),2013.0,Hawaiian Kona,Natural / Dry,7.67,7.58,7.42,7.83,7.33,7.5,10.0,10.0,10.0,7.42,82.75,0.1,6,0.0,Blue-Green,0,,0,1,0
United States (Hawaii),2013.0,Hawaiian Kona,Natural / Dry,7.58,7.83,7.75,7.75,7.42,8.0,9.33,9.33,10.0,7.75,82.75,0.1,0,0.0,Green,0,,0,1,2
Colombia,2013.0,Caturra,Washed / Wet,7.58,7.33,7.17,7.33,7.25,8.58,10.0,10.0,10.0,7.5,82.75,0.1,0,0.0,Green,2,1300.0,1,1,0
Mexico,2013.0,Typica,Washed / Wet,7.58,7.58,7.5,7.5,7.5,7.5,10.0,10.0,10.0,7.58,82.75,0.12,0,0.0,Green,6,1550.0,1,1,0
Mexico,2012.0,Typica,Washed / Wet,7.58,7.58,7.33,7.75,7.25,7.58,10.0,10.0,10.0,7.67,82.75,0.12,0,0.0,Desconocido,0,1200.0,1,1,0
Mexico,2012.0,Typica,Natural / Dry,8.08,8.17,8.0,8.0,7.83,7.92,6.67,10.0,10.0,8.08,82.75,0.12,1,0.0,Desconocido,4,1200.0,1,1,2
Colombia,2012.0,Caturra,Washed / Wet,7.5,7.58,7.42,7.67,7.5,7.58,10.0,10.0,10.0,7.5,82.75,,0,0.0,Blue-Green,0,1625.0,1,0,0
Colombia,2012.0,Caturra,Washed / Wet,7.67,7.58,7.58,7.58,7.5,7.42,10.0,10.0,10.0,7.42,82.75,0.11,0,0.0,Green,3,1775.0,1,1,0
United States (Hawaii),2012.0,Hawaiian Kona,Washed / Wet,7.25,7.75,7.5,7.83,7.67,7.67,9.33,10.0,10.0,7.75,82.75,0.12,0,0.0,Green,0,,0,1,0
Panama,2012.0,Catuai,Washed / Wet,7.42,7.42,7.5,7.58,7.5,7.75,10.0,10.0,10.0,7.58,82.75,,0,0.0,Green,4,1100.0,1,0,0
United States (Hawaii),,Desconocido,Desconocido,7.75,7.67,7.5,7.83,7.17,7.42,10.0,10.0,10.0,7.42,82.75,,0,0.0,Desconocido,2,,0,0,0
Brazil,2017.0,Bourbon,Natural / Dry,7.5,7.58,7.25,7.75,7.58,7.5,10.0,10.0,10.0,7.5,82.67,,0,0.0,Green,4,890.0,1,0,0
Brazil,2016.0,Bourbon,Natural / Dry,7.5,7.58,7.5,7.67,7.5,7.42,10.0,10.0,10.0,7.5,82.67,0.11,0,2.0,Bluish-Green,3,934.0,1,1,0
Laos,2015.0,Catimor,Washed / Wet,7.67,7.67,7.42,7.42,7.42,7.5,10.0,10.0,10.0,7.58,82.67,0.13,0,0.0,Bluish-Green,0,1300.0,1,1,0
El Salvador,2016.0,Pacas,Washed / Wet,7.67,7.67,7.67,7.67,7.5,7.67,10.0,10.0,9.33,7.5,82.67,,0,0.0,Green,7,1200.0,1,0,0
Mexico,2016.0,Desconocido,Desconocido,7.5,7.67,7.42,7.75,7.42,7.17,10.0,10.0,10.0,7.75,82.67,0.11,0,2.0,Green,3,1300.0,1,1,0
Colombia,2015.0,Desconocido,Washed / Wet,7.75,7.5,7.33,7.58,7.33,7.75,10.0,10.0,10.0,7.42,82.67,,1,0.0,Green,9,,0,0,0
Brazil,2015.0,Yellow Bourbon,Natural / Dry,7.58,7.5,7.42,7.67,7.5,7.5,10.0,10.0,10.0,7.5,82.67,,0,0.0,Green,0,,0,0,0
Brazil,2014.0,Catuai,Natural / Dry,7.33,7.5,7.58,7.58,7.67,7.5,10.0,10.0,10.0,7.5,82.67,0.12,0,0.0,Desconocido,9,,0,1,0
"Tanzania, United Republic Of",2014.0,Other,Washed / Wet,7.5,7.5,7.5,7.5,7.5,7.58,10.0,10.0,10.0,7.58,82.67,0.12,0,0.0,Green,0,1700.0,1,1,0
"Tanzania, United Republic Of",2014.0,Bourbon,Washed / Wet,7.58,7.5,7.5,7.58,7.33,7.58,10.0,10.0,10.0,7.58,82.67,0.12,0,0.0,Green,4,1550.0,1,1,0
Taiwan,2014.0,Typica,Washed / Wet,8.0,7.83,7.83,7.42,7.25,7.25,10.0,10.0,10.0,7.08,82.67,0.08,0,0.0,Green,0,1200.0,1,1,0
Mexico,2014.0,Typica,Natural / Dry,7.67,7.58,7.42,7.5,7.42,7.5,10.0,10.0,10.0,7.58,82.67,0.11,0,0.0,Green,0,1296.0,1,1,0
Uganda,2013.0,SL14,Washed / Wet,7.67,7.5,7.33,7.67,7.5,7.5,10.0,10.0,10.0,7.5,82.67,0.12,0,0.0,Green,0,1650.0,1,1,0
Taiwan,2013.0,Typica,Washed / Wet,7.67,7.5,7.5,7.5,7.5,7.5,10.0,10.0,10.0,7.5,82.67,0.11,0,0.0,Green,0,1240.0,1,1,0
Thailand,2013.0,Caturra,Washed / Wet,7.42,7.5,7.5,7.67,7.58,7.5,10.0,10.0,10.0,7.5,82.67,0.11,0,0.0,Bluish-Green,0,1500.0,1,1,0
Colombia,2012.0,Caturra,Washed / Wet,7.75,7.58,7.67,7.25,7.58,7.42,10.0,10.0,10.0,7.42,82.67,0.11,0,0.0,Bluish-Green,3,1800.0,1,1,0
El Salvador,2012.0,Other,Washed / Wet,7.92,8.0,7.5,6.75,7.92,7.58,10.0,10.0,9.33,7.67,82.67,,0,0.0,Desconocido,17,,0,0,0
Guatemala,2012.0,Caturra,Washed / Wet,7.67,7.67,7.17,7.67,7.5,7.5,10.0,10.0,10.0,7.5,82.67,0.11,0,0.0,Green,0,1500.0,1,1,0
Thailand,2012.0,Other,Washed / Wet,7.83,7.33,7.83,7.33,7.58,7.83,10.0,10.0,9.33,7.58,82.67,0.12,0,0.0,Bluish-Green,0,,0,1,0
Mexico,2012.0,Other,Washed / Wet,7.58,7.58,7.42,7.58,7.42,7.5,10.0,10.0,10.0,7.58,82.67,0.11,0,0.0,Desconocido,2,1100.0,1,1,0
Mexico,2012.0,Typica,Washed / Wet,7.5,7.58,7.58,7.58,7.42,7.42,10.0,10.0,10.0,7.58,82.67,0.12,0,0.0,Desconocido,0,950.0,1,1,0
Colombia,2011.0,Desconocido,Desconocido,7.33,7.58,7.42,7.42,7.67,7.67,10.0,10.0,10.0,7.58,82.67,0.11,0,0.0,Green,0,,0,1,0
United States (Hawaii),,Desconocido,Desconocido,7.83,7.67,7.5,7.67,7.5,7.58,10.0,10.0,9.33,7.58,82.67,0.03,2,0.0,Desconocido,0,,0,1,0
Mexico,2010.0,Blue Mountain,Desconocido,7.75,7.58,7.25,7.75,7.67,7.58,10.0,10.0,10.0,7.08,82.67,,0,0.0,Desconocido,1,1400.0,1,0,0
Colombia,,Desconocido,Desconocido,8.08,7.67,7.67,7.33,7.33,7.17,10.0,10.0,10.0,7.42,82.67,0.08,0,0.0,Desconocido,3,1800.0,1,1,0
Colombia,2009.0,Desconocido,Desconocido,7.5,7.42,7.33,7.33,7.67,7.83,10.0,10.0,10.0,7.58,82.67,0.21,0,0.0,Desconocido,2,,0,1,0
Guatemala,2017.0,Bourbon,Washed / Wet,7.5,7.42,7.42,7.75,7.5,7.5,10.0,10.0,10.0,7.5,82.58,0.1,0,1.0,Green,2,1219.2,1,1,0
Taiwan,2016.0,Typica,Pulped natural / honey,7.67,7.42,7.5,7.42,7.58,7.5,10.0,10.0,10.0,7.5,82.58,0.11,0,5.0,Green,0,1050.0,1,1,0
Brazil,2016.0,Desconocido,Pulped natural / honey,7.5,7.58,7.42,7.5,7.75,7.33,10.0,10.0,10.0,7.5,82.58,0.11,0,0.0,Green,7,,0,1,0
Taiwan,2016.0,Desconocido,Desconocido,7.25,7.25,7.0,7.08,7.0,7.0,10.0,10.0,10.0,10.0,82.58,0.11,0,0.0,Blue-Green,0,,0,1,0
Brazil,2016.0,Desconocido,Desconocido,7.42,7.42,7.5,7.33,7.25,7.67,10.0,10.0,10.0,8.0,82.58,,1,9.0,Green,2,,0,0,0
Indonesia,2015.0,Typica,Semi-washed / Semi-pulped,7.83,7.58,7.42,7.33,7.42,7.5,10.0,10.0,10.0,7.5,82.58,0.13,0,0.0,Blue-Green,6,1250.0,1,1,0
Thailand,2014.0,Desconocido,Washed / Wet,7.75,7.33,7.42,7.67,7.42,7.5,10.0,10.0,10.0,7.5,82.58,0.12,0,0.0,Green,0,800.0,1,1,0
Thailand,2014.0,Caturra,Washed / Wet,7.42,7.58,7.58,7.42,7.58,7.5,10.0,10.0,10.0,7.5,82.58,0.12,0,0.0,Blue-Green,1,1450.0,1,1,0
"Tanzania, United Republic Of",2014.0,Other,Washed / Wet,7.75,7.42,7.33,7.5,7.58,7.5,10.0,10.0,10.0,7.5,82.58,0.12,0,0.0,Desconocido,1,1317.0,1,1,0
Uganda,2013.0,SL14,Natural / Dry,7.83,7.5,7.42,7.58,7.42,7.42,10.0,10.0,10.0,7.42,82.58,0.12,0,0.0,Green,0,1650.0,1,1,0
Costa Rica,2013.0,Catuai,Washed / Wet,7.67,7.42,7.5,7.67,7.0,7.75,10.0,10.0,10.0,7.58,82.58,0.11,0,0.0,Green,3,1300.0,1,1,0
Mexico,2014.0,Desconocido,Washed / Wet,7.58,7.58,7.42,7.75,7.67,7.67,9.33,10.0,10.0,7.58,82.58,,0,0.0,Green,11,,0,0,0
Guatemala,2012.0,Desconocido,Natural / Dry,7.5,7.58,7.42,7.58,7.42,7.58,10.0,10.0,10.0,7.5,82.58,,0,0.0,Blue-Green,4,,0,0,0
Colombia,2013.0,Caturra,Washed / Wet,7.75,7.25,7.33,7.42,7.5,7.83,10.0,10.0,10.0,7.5,82.58,0.11,0,0.0,Blue-Green,3,1750.0,1,1,0
Colombia,2012.0,Caturra,Washed / Wet,7.75,7.5,7.75,7.25,7.33,7.58,10.0,10.0,10.0,7.42,82.58,0.11,0,0.0,Desconocido,3,1750.0,1,1,0
Colombia,2013.0,Caturra,Washed / Wet,7.58,7.5,7.42,7.58,7.67,7.42,10.0,10.0,10.0,7.42,82.58,0.11,0,0.0,Green,0,1750.0,1,1,0
Mexico,2012.0,Typica,Washed / Wet,7.5,7.58,7.5,7.5,7.42,7.5,10.0,10.0,10.0,7.58,82.58,0.1,0,0.0,Green,6,1250.0,1,1,0
Mexico,2012.0,Typica,Washed / Wet,7.67,7.58,7.58,7.75,7.67,6.83,10.0,10.0,10.0,7.5,82.58,0.12,0,0.0,Green,0,1150.0,1,1,0
Colombia,2012.0,Caturra,Washed / Wet,7.33,7.42,7.58,7.42,7.67,7.5,10.0,10.0,10.0,7.67,82.58,0.11,2,0.0,Green,2,1775.0,1,1,0
Brazil,2011.0,Mundo Novo,Desconocido,7.58,7.5,7.33,7.75,7.5,7.5,10.0,10.0,10.0,7.42,82.58,,0,0.0,Desconocido,4,975.0,1,0,0
Brazil,2017.0,Bourbon,Natural / Dry,7.5,7.5,7.5,7.5,7.58,7.5,10.0,10.0,10.0,7.42,82.5,0.11,0,0.0,Green,4,890.0,1,1,0
Indonesia,2017.0,Other,Washed / Wet,7.83,7.75,7.25,7.5,7.42,7.33,10.0,10.0,10.0,7.42,82.5,0.11,0,0.0,Green,5,1250.0,1,1,0
Honduras,2017.0,Caturra,Washed / Wet,7.58,7.58,7.33,7.5,7.5,7.5,10.0,10.0,10.0,7.5,82.5,0.1,0,0.0,Green,4,1400.0,1,1,0
Guatemala,2016.0,Bourbon,Washed / Wet,7.5,7.5,7.33,7.5,7.67,7.5,10.0,10.0,10.0,7.5,82.5,0.1,0,2.0,Green,2,1219.2,1,1,0
Thailand,2014.0,Desconocido,Washed / Wet,7.5,7.83,7.5,7.75,7.33,7.42,9.33,10.0,10.0,7.83,82.5,0.12,0,0.0,Green,0,800.0,1,1,0
Thailand,2014.0,Caturra,Washed / Wet,7.33,7.5,7.5,7.5,7.67,7.5,10.0,10.0,10.0,7.5,82.5,0.11,0,0.0,Desconocido,0,1450.0,1,1,0
"Tanzania, United Republic Of",2014.0,Other,Washed / Wet,7.67,7.42,7.33,7.58,7.5,7.5,10.0,10.0,10.0,7.5,82.5,0.12,0,0.0,Green,1,1600.0,1,1,0
"Tanzania, United Republic Of",2014.0,Other,Washed / Wet,7.75,7.0,7.42,7.58,7.58,7.58,10.0,10.0,10.0,7.58,82.5,0.12,0,0.0,Bluish-Green,3,,0,1,0
Mexico,2013.0,Other,Washed / Wet,7.42,7.58,7.5,7.67,7.25,7.5,10.0,10.0,10.0,7.58,82.5,,0,0.0,Green,1,1600.0,1,0,0
Brazil,2013.0,Yellow Bourbon,Semi-washed / Semi-pulped,7.42,7.5,7.67,7.33,7.42,7.67,10.0,10.0,10.0,7.5,82.5,0.11,0,0.0,Bluish-Green,0,1260.0,1,1,0
Guatemala,2013.0,Bourbon,Washed / Wet,7.83,7.42,7.33,7.67,7.42,7.5,10.0,10.0,10.0,7.33,82.5,0.12,0,0.0,Green,4,1310.64,1,1,0
Colombia,2013.0,Caturra,Washed / Wet,7.5,7.5,7.42,7.42,7.58,7.58,10.0,10.0,10.0,7.5,82.5,0.11,0,0.0,Green,1,1750.0,1,1,0
Guatemala,2013.0,Bourbon,Washed / Wet,7.83,7.67,7.17,7.33,7.5,7.67,10.0,10.0,10.0,7.33,82.5,0.11,0,0.0,Green,0,1310.64,1,1,0
Mexico,2012.0,Typica,Washed / Wet,7.5,7.58,7.5,7.5,7.42,7.42,10.0,10.0,10.0,7.58,82.5,0.13,0,0.0,Desconocido,10,1679.0,1,1,0
Mexico,2012.0,Typica,Washed / Wet,7.67,7.5,7.33,7.67,7.5,7.33,10.0,10.0,10.0,7.5,82.5,0.12,0,0.0,Green,5,1100.0,1,1,0
Mexico,2012.0,Typica,Semi-washed / Semi-pulped,7.92,7.5,7.33,7.58,7.25,7.42,10.0,10.0,10.0,7.5,82.5,0.11,0,0.0,Desconocido,2,1650.0,1,1,0
Guatemala,2012.0,Caturra,Natural / Dry,7.67,7.33,7.33,7.33,7.5,7.83,10.0,10.0,10.0,7.5,82.5,0.11,0,0.0,Green,5,,0,1,0
Brazil,2012.0,Bourbon,Semi-washed / Semi-pulped,7.67,7.42,7.33,7.67,7.5,7.5,10.0,10.0,10.0,7.42,82.5,,0,0.0,Blue-Green,4,1250.0,1,0,0
Colombia,2012.0,Caturra,Washed / Wet,7.67,7.5,7.33,7.5,7.25,7.67,10.0,10.0,10.0,7.58,82.5,0.11,1,0.0,Green,3,1775.0,1,1,0
United States (Hawaii),2012.0,Hawaiian Kona,Washed / Wet,7.33,7.42,7.33,7.75,7.42,7.67,10.0,10.0,10.0,7.58,82.5,0.12,2,0.0,Green,3,,0,1,0
Guatemala,,Desconocido,Desconocido,7.75,7.58,7.67,7.67,7.58,7.58,9.33,10.0,10.0,7.33,82.5,0.01,1,0.0,Desconocido,14,1600.0,1,1,0
Honduras,2017.0,Other,Washed / Wet,7.42,7.67,7.17,7.58,7.58,7.5,10.0,10.0,10.0,7.5,82.42,0.12,0,1.0,Green,6,1500.0,1,1,0
Guatemala,2017.0,Bourbon,Washed / Wet,7.58,7.5,7.33,7.75,7.33,7.5,10.0,10.0,10.0,7.42,82.42,0.1,0,1.0,Green,2,1700.0,1,1,0
Guatemala,2016.0,Bourbon,Washed / Wet,7.67,7.58,7.25,7.67,7.42,7.33,10.0,10.0,10.0,7.5,82.42,0.12,0,0.0,Green,0,1700.0,1,1,0
Guatemala,2017.0,Bourbon,Washed / Wet,7.58,7.5,7.25,7.67,7.5,7.5,10.0,10.0,10.0,7.42,82.42,0.12,0,0.0,Green,0,,0,1,0
Guatemala,2017.0,Caturra,Washed / Wet,7.5,7.42,7.08,7.75,7.67,7.5,10.0,10.0,10.0,7.5,82.42,0.11,0,2.0,Green,3,,0,1,0
Colombia,2016.0,Caturra,Washed / Wet,5.08,7.75,7.83,7.75,7.83,8.08,10.0,10.0,10.0,8.08,82.42,0.11,0,0.0,Green,1,1600.0,1,1,0
China,2015.0,Catimor,Washed / Wet,7.67,7.42,7.42,7.5,7.42,7.42,10.0,10.0,10.0,7.58,82.42,0.1,0,0.0,Green,0,1600.0,1,1,0
Brazil,2016.0,Desconocido,Desconocido,7.42,7.5,7.33,7.5,7.25,7.42,10.0,10.0,10.0,8.0,82.42,0.11,0,1.0,Green,0,,0,1,0
"Tanzania, United Republic Of",2015.0,Ruiru 11,Washed / Wet,7.67,7.25,7.42,7.42,7.67,7.42,10.0,10.0,10.0,7.58,82.42,0.13,0,0.0,Green,7,2285.0,1,1,0
Brazil,2015.0,Yellow Bourbon,Natural / Dry,7.17,7.83,7.33,7.5,7.75,7.42,10.0,10.0,10.0,7.42,82.42,,0,0.0,Green,0,,0,0,0
Guatemala,2013.0,Caturra,Washed / Wet,7.5,7.5,7.5,7.67,7.42,7.5,10.0,10.0,10.0,7.33,82.42,0.1,0,0.0,Green,0,1400.0,1,1,0
Mexico,2014.0,Typica,Washed / Wet,7.42,7.5,7.42,7.58,7.42,7.5,10.0,10.0,10.0,7.58,82.42,0.11,0,0.0,Green,0,1296.0,1,1,0
Brazil,2012.0,Catuai,Semi-washed / Semi-pulped,7.58,7.67,7.33,7.5,7.5,7.42,10.0,10.0,10.0,7.42,82.42,0.12,0,0.0,Blue-Green,1,1000.0,1,1,0
Peru,2013.0,Desconocido,Washed / Wet,7.58,7.58,7.58,7.75,7.5,7.58,9.33,10.0,10.0,7.5,82.42,,0,0.0,Green,3,,0,0,0
Brazil,2013.0,Yellow Bourbon,Natural / Dry,7.25,7.33,7.25,7.5,7.42,7.5,10.0,10.0,10.0,8.17,82.42,,0,0.0,Green,0,1260.0,1,0,0
Mexico,2013.0,Bourbon,Washed / Wet,7.5,7.58,7.5,7.92,7.42,7.67,9.33,10.0,10.0,7.5,82.42,0.12,0,0.0,Green,0,1170.0,1,1,0
Honduras,2012.0,Desconocido,Washed / Wet,7.25,7.67,7.42,7.17,7.75,7.5,10.0,10.0,10.0,7.67,82.42,0.09,0,0.0,Desconocido,2,,0,1,0
Colombia,2013.0,Caturra,Washed / Wet,7.67,7.42,7.33,7.5,7.58,7.5,10.0,10.0,10.0,7.42,82.42,0.11,0,0.0,Green,9,1775.0,1,1,0
Mexico,2013.0,Typica,Washed / Wet,7.5,7.42,7.42,7.67,7.42,7.58,10.0,10.0,10.0,7.42,82.42,0.12,0,0.0,Green,5,1560.0,1,1,0
Mexico,2012.0,Typica,Semi-washed / Semi-pulped,7.42,7.58,7.5,7.42,7.58,7.5,10.0,10.0,10.0,7.42,82.42,0.13,0,0.0,Green,2,1400.0,1,1,0
Mexico,2012.0,Typica,Washed / Wet,7.42,7.58,7.33,7.58,7.5,7.5,10.0,10.0,10.0,7.5,82.42,0.14,0,0.0,Green,9,1300.0,1,1,0
Mexico,2012.0,Caturra,Washed / Wet,7.75,7.33,7.25,7.58,7.58,7.33,10.0,10.0,10.0,7.58,82.42,0.13,0,0.0,Green,1,1170.0,1,1,0
Mexico,2012.0,Typica,Washed / Wet,7.5,7.58,7.33,7.5,7.5,7.5,10.0,10.0,10.0,7.5,82.42,0.11,0,0.0,Green,0,1300.0,1,1,0
Mexico,2012.0,Pacamara,Washed / Wet,7.58,7.58,7.17,7.5,7.5,7.5,10.0,10.0,10.0,7.58,82.42,0.14,0,0.0,Green,6,1350.0,1,1,0
Mexico,2012.0,Caturra,Washed / Wet,7.58,7.33,7.33,7.58,7.5,7.5,10.0,10.0,10.0,7.58,82.42,0.11,0,0.0,Green,0,1150.0,1,1,0
Mexico,2012.0,Bourbon,Washed / Wet,7.67,7.58,7.33,7.42,7.58,7.33,10.0,10.0,10.0,7.5,82.42,0.13,0,0.0,Desconocido,4,1250.0,1,1,0
Mexico,2012.0,Typica,Washed / Wet,7.83,7.5,7.42,7.67,7.17,7.33,10.0,10.0,10.0,7.5,82.42,0.12,0,0.0,Bluish-Green,0,1450.0,1,1,0
Colombia,2012.0,Caturra,Natural / Dry,7.67,7.33,7.25,7.42,7.5,7.67,10.0,10.0,10.0,7.58,82.42,,0,0.0,Desconocido,2,442.0,1,0,0
Brazil,2012.0,Arusha,Natural / Dry,7.75,7.5,7.42,7.42,7.5,7.42,10.0,10.0,10.0,7.42,82.42,0.11,0,0.0,Blue-Green,2,,0,1,0
Colombia,2011.0,Caturra,Washed / Wet,7.33,7.58,7.17,7.58,7.42,7.58,10.0,10.0,10.0,7.75,82.42,,0,0.0,Green,2,1750.0,1,0,0
Colombia,2011.0,Desconocido,Desconocido,7.58,7.25,7.42,7.25,7.58,7.83,10.0,10.0,10.0,7.5,82.42,0.02,0,0.0,Desconocido,1,1750.0,1,1,0
Honduras,2017.0,Caturra,Washed / Wet,7.5,7.58,7.33,7.5,7.42,7.42,10.0,10.0,10.0,7.58,82.33,0.1,0,1.0,Green,8,1396.0,1,1,0
Brazil,2016.0,Catuai,Natural / Dry,7.33,7.5,7.5,7.33,7.5,7.5,10.0,10.0,10.0,7.67,82.33,0.11,0,3.0,Green,11,982.0,1,1,0
Brazil,2016.0,Desconocido,Natural / Dry,7.42,7.42,7.42,7.5,7.5,7.58,10.0,10.0,10.0,7.5,82.33,0.11,0,4.0,Green,14,,0,1,0
Brazil,2016.0,Bourbon,Natural / Dry,7.5,7.5,7.42,7.5,7.42,7.5,10.0,10.0,10.0,7.5,82.33,0.11,0,2.0,Bluish-Green,3,934.0,1,1,0
Costa Rica,2015.0,Caturra,Washed / Wet,7.75,7.5,7.25,7.25,7.42,7.67,10.0,10.0,10.0,7.5,82.33,0.1,6,1.0,Bluish-Green,3,1850.0,1,1,0
Costa Rica,2015.0,Catuai,Washed / Wet,7.75,7.33,7.5,7.5,7.33,7.58,10.0,10.0,10.0,7.33,82.33,,0,2.0,Green,0,1550.0,1,0,0
China,2015.0,Catimor,Pulped natural / honey,7.5,7.58,7.42,7.5,7.42,7.42,10.0,10.0,10.0,7.5,82.33,0.12,0,6.0,Green,2,1580.0,1,1,0
Brazil,2015.0,Bourbon,Natural / Dry,8.25,7.83,7.25,8.33,8.17,8.08,10.0,6.67,10.0,7.75,82.33,0.07,0,0.0,Green,0,1268.0,1,1,2
Brazil,2015.0,Mundo Novo,Natural / Dry,7.42,7.5,7.5,7.42,7.5,7.58,10.0,10.0,10.0,7.42,82.33,0.11,0,0.0,Green,10,,0,1,0
Guatemala,2015.0,Bourbon,Washed / Wet,7.5,7.42,7.17,7.83,7.5,7.5,10.0,10.0,10.0,7.42,82.33,0.1,0,0.0,Green,6,1676.4,1,1,0
Malawi,2014.0,Gesha,Washed / Wet,7.33,7.58,7.42,7.58,7.33,7.5,10.0,10.0,10.0,7.58,82.33,0.12,0,0.0,Green,0,1450.0,1,1,0
Brazil,2014.0,Bourbon,Natural / Dry,7.75,8.08,7.67,8.08,8.08,8.0,10.0,10.0,6.67,8.0,82.33,0.11,0,0.0,Blue-Green,0,1100.0,1,1,2
Guatemala,2014.0,Pacas,Washed / Wet,7.58,7.67,7.5,7.58,7.75,7.5,9.33,10.0,10.0,7.42,82.33,0.12,0,0.0,Green,3,1524.0,1,1,0
Mexico,2014.0,Desconocido,Washed / Wet,7.33,7.58,7.42,7.5,7.5,7.5,10.0,10.0,10.0,7.5,82.33,0.11,0,0.0,Green,0,,0,1,0
Colombia,2013.0,Caturra,Washed / Wet,7.42,7.33,7.5,7.17,7.08,8.33,10.0,10.0,10.0,7.5,82.33,0.1,0,0.0,Green,2,1300.0,1,1,0
Taiwan,2013.0,Typica,Semi-washed / Semi-pulped,7.5,7.5,7.5,7.5,7.5,7.5,10.0,10.0,10.0,7.33,82.33,0.11,0,0.0,Green,0,,0,1,0
Taiwan,2013.0,Typica,Washed / Wet,7.5,7.5,7.5,7.5,7.5,7.5,10.0,10.0,10.0,7.33,82.33,0.11,0,0.0,Green,0,600.0,1,1,0
Guatemala,2013.0,Bourbon,Washed / Wet,7.5,7.42,7.58,7.5,7.5,7.58,10.0,10.0,10.0,7.25,82.33,0.12,2,0.0,Green,1,1310.64,1,1,0
Colombia,2013.0,Caturra,Washed / Wet,7.5,7.42,7.5,7.5,7.5,7.58,10.0,10.0,10.0,7.33,82.33,,0,0.0,Green,1,1750.0,1,0,0
Mexico,2013.0,Typica,Washed / Wet,7.67,7.5,7.42,7.5,7.42,7.42,10.0,10.0,10.0,7.42,82.33,0.12,0,0.0,Green,3,1300.0,1,1,0
Costa Rica,2012.0,Desconocido,Washed / Wet,7.92,7.58,7.25,7.75,7.92,7.58,9.33,9.33,10.0,7.67,82.33,,0,0.0,Green,14,,0,0,0
Guatemala,2012.0,Bourbon,Washed / Wet,7.67,7.5,7.33,7.67,7.5,7.33,10.0,10.0,10.0,7.33,82.33,0.11,0,0.0,Green,3,1752.6,1,1,0
Mexico,2012.0,Typica,Natural / Dry,7.58,7.67,7.58,7.33,7.0,7.58,10.0,10.0,10.0,7.58,82.33,0.15,1,0.0,Desconocido,8,441.0,1,1,0
Mexico,2012.0,Bourbon,Washed / Wet,7.67,7.58,7.5,7.58,7.5,7.5,10.0,10.0,10.0,7.0,82.33,0.13,0,0.0,Green,9,1170.0,1,1,0
Guatemala,2012.0,Bourbon,Washed / Wet,7.5,7.67,7.33,7.5,7.33,7.5,10.0,10.0,10.0,7.5,82.33,0.1,2,0.0,Green,5,1310.64,1,1,0
Brazil,2012.0,Mundo Novo,Natural / Dry,7.58,7.5,7.42,7.5,7.5,7.42,10.0,10.0,10.0,7.42,82.33,0.12,0,0.0,Green,2,1100.0,1,1,0
Mexico,2012.0,Typica,Washed / Wet,8.0,7.75,7.33,7.33,7.08,7.67,9.33,10.0,10.0,7.83,82.33,0.11,0,0.0,Green,0,1300.0,1,1,0
Brazil,2012.0,Mundo Novo,Washed / Wet,7.58,7.58,7.25,7.58,7.42,7.5,10.0,10.0,10.0,7.42,82.33,0.11,0,0.0,Green,2,950.0,1,1,0
Colombia,2012.0,Caturra,Natural / Dry,7.83,7.58,7.33,7.25,7.58,7.42,10.0,10.0,10.0,7.33,82.33,,0,0.0,Green,0,442.0,1,0,0
Brazil,,Catuai,Washed / Wet,7.58,7.5,7.25,7.42,7.67,7.33,10.0,10.0,10.0,7.5,82.25,0.09,2,6.0,Green,10,1100.0,1,1,0
Taiwan,2016.0,Desconocido,Desconocido,7.0,7.08,7.0,7.17,7.0,7.0,10.0,10.0,10.0,10.0,82.25,0.1,0,0.0,Blue-Green,0,,0,1,0
Guatemala,2016.0,Pacas,Washed / Wet,7.67,7.5,7.25,7.67,7.42,7.42,10.0,10.0,10.0,7.33,82.25,0.11,0,2.0,Green,2,1450.0,1,1,0
Brazil,2015.0,Yellow Bourbon,Natural / Dry,7.42,7.67,7.5,7.08,7.5,7.42,10.0,10.0,10.0,7.67,82.25,,0,0.0,Green,9,,0,0,0
El Salvador,2014.0,Bourbon,Washed / Wet,7.58,7.67,7.5,7.67,7.83,8.42,9.33,9.33,9.33,7.58,82.25,0.12,0,0.0,Green,0,1500.0,1,1,2
Honduras,2015.0,Catuai,Washed / Wet,7.58,7.5,7.42,7.58,7.42,7.42,10.0,10.0,10.0,7.33,82.25,0.11,0,0.0,Green,2,1350.0,1,1,0
Malawi,2014.0,Gesha,Washed / Wet,7.58,7.42,7.33,7.42,7.58,7.5,10.0,10.0,10.0,7.42,82.25,0.13,0,0.0,Blue-Green,0,1180.0,1,1,0
Brazil,2014.0,Bourbon,Natural / Dry,7.75,7.58,7.42,7.42,7.33,7.33,10.0,10.0,10.0,7.42,82.25,0.11,0,0.0,Green,0,1100.0,1,1,0
Taiwan,2013.0,Typica,Washed / Wet,7.5,7.5,7.5,7.5,7.5,7.5,10.0,10.0,10.0,7.25,82.25,0.11,0,0.0,Green,0,650.0,1,1,0
Mexico,2013.0,Mundo Novo,Washed / Wet,7.58,7.58,7.42,7.42,7.42,7.42,10.0,10.0,10.0,7.42,82.25,0.12,0,0.0,Blue-Green,4,1338.0,1,1,0
United States (Hawaii),2013.0,Hawaiian Kona,Natural / Dry,7.33,7.42,7.5,7.67,7.5,7.42,10.0,10.0,10.0,7.42,82.25,,0,0.0,Bluish-Green,1,,0,0,0
Mexico,2012.0,Bourbon,Washed / Wet,7.58,7.58,7.5,7.17,7.42,7.42,10.0,10.0,10.0,7.58,82.25,0.16,3,0.0,Desconocido,8,533.0,1,1,0
Guatemala,2012.0,Bourbon,Washed / Wet,7.5,7.5,7.33,7.58,7.67,7.33,10.0,10.0,10.0,7.33,82.25,0.11,0,0.0,Green,2,1390.8024,1,1,0
Mexico,2012.0,Bourbon,Washed / Wet,7.5,7.58,7.42,7.67,7.33,7.42,10.0,10.0,10.0,7.33,82.25,0.13,0,0.0,Green,3,1170.0,1,1,0
Mexico,2012.0,Typica,Washed / Wet,7.67,7.58,7.33,7.5,7.42,7.42,10.0,10.0,10.0,7.33,82.25,0.12,0,0.0,Green,13,1250.0,1,1,0
El Salvador,2012.0,Other,Washed / Wet,7.75,7.33,7.33,7.5,7.5,7.5,10.0,10.0,10.0,7.33,82.25,,2,0.0,Green,5,,0,0,0
Mexico,2012.0,Typica,Washed / Wet,7.33,7.58,7.42,7.67,7.33,7.5,10.0,10.0,10.0,7.42,82.25,0.11,0,0.0,Green,0,1100.0,1,1,0
Mexico,2012.0,Typica,Washed / Wet,7.42,7.5,7.42,7.58,7.42,7.5,10.0,10.0,10.0,7.42,82.25,0.1,0,0.0,Green,3,900.0,1,1,0
Colombia,2012.0,Caturra,Washed / Wet,7.5,7.42,7.67,7.33,7.58,7.33,10.0,10.0,10.0,7.42,82.25,0.12,0,0.0,Green,1,1750.0,1,1,0
Colombia,2012.0,Caturra,Washed / Wet,7.67,7.33,7.33,7.33,7.5,7.5,10.0,10.0,10.0,7.58,82.25,0.11,0,0.0,Green,0,1775.0,1,1,0
Brazil,2012.0,Arusha,Natural / Dry,7.67,7.58,7.42,7.0,7.5,7.58,10.0,10.0,10.0,7.5,82.25,0.12,0,0.0,Green,1,,0,1,0
Colombia,,Desconocido,Desconocido,7.17,7.25,7.58,7.25,7.58,7.67,10.0,10.0,10.0,7.75,82.25,0.22,0,0.0,Desconocido,2,,0,1,0
Brazil,2016.0,Bourbon,Natural / Dry,7.42,7.42,7.5,7.42,7.42,7.5,10.0,10.0,10.0,7.5,82.17,0.11,0,1.0,Green,5,934.0,1,1,0
Honduras,2015.0,Caturra,Washed / Wet,7.5,7.5,7.17,7.42,7.5,7.5,10.0,10.0,10.0,7.58,82.17,0.11,0,1.0,Bluish-Green,2,1500.0,1,1,0
Nicaragua,,Desconocido,Desconocido,7.5,7.5,7.33,7.42,7.5,7.42,10.0,10.0,10.0,7.5,82.17,0.1,0,0.0,Green,1,1000.0,1,1,0
"Tanzania, United Republic Of",2015.0,Bourbon,Washed / Wet,7.58,7.42,7.42,7.33,7.5,7.42,10.0,10.0,10.0,7.5,82.17,0.13,1,0.0,Green,6,1650.0,1,1,0
"Tanzania, United Republic Of",2015.0,Other,Washed / Wet,7.42,7.42,7.42,7.5,7.5,7.33,10.0,10.0,10.0,7.58,82.17,0.12,0,0.0,Green,1,1600.0,1,1,0
Brazil,2015.0,Yellow Bourbon,Natural / Dry,6.92,7.58,7.42,7.33,7.83,7.5,10.0,10.0,10.0,7.58,82.17,,0,0.0,Green,1,,0,0,0
Thailand,2014.0,Desconocido,Washed / Wet,7.42,7.42,7.17,7.75,7.25,7.67,10.0,10.0,10.0,7.5,82.17,0.12,0,0.0,Bluish-Green,0,800.0,1,1,0
Honduras,2015.0,Catuai,Washed / Wet,7.67,7.5,7.25,7.42,7.58,7.42,10.0,10.0,10.0,7.33,82.17,0.11,0,0.0,Green,2,1350.0,1,1,0
Guatemala,2014.0,Bourbon,Washed / Wet,7.42,7.42,7.5,7.5,7.42,7.5,10.0,10.0,10.0,7.42,82.17,0.09,0,0.0,Blue-Green,4,1500.0,1,1,0
Brazil,2014.0,Mundo Novo,Natural / Dry,7.58,7.5,7.42,7.25,7.5,7.42,10.0,10.0,10.0,7.5,82.17,0.12,0,0.0,Green,1,,0,1,0
"Tanzania, United Republic Of",2014.0,Other,Washed / Wet,7.75,7.42,7.42,7.58,7.33,7.42,10.0,10.0,10.0,7.25,82.17,0.12,0,0.0,Green,1,1700.0,1,1,0
Mexico,2013.0,Other,Washed / Wet,7.42,7.33,7.17,7.42,7.33,8.17,10.0,10.0,10.0,7.33,82.17,0.12,0,0.0,Green,0,1100.0,1,1,0
Mexico,2013.0,Other,Washed / Wet,7.5,7.5,7.33,7.42,7.5,7.42,10.0,10.0,10.0,7.5,82.17,0.1,1,0.0,Desconocido,1,1400.0,1,1,0
Taiwan,2013.0,Typica,Other,7.5,7.5,7.5,7.5,7.5,7.5,10.0,10.0,10.0,7.17,82.17,0.11,0,0.0,Green,0,1200.0,1,1,0
Taiwan,2012.0,Typica,Washed / Wet,7.67,7.5,7.5,7.17,7.17,7.58,10.0,10.0,10.0,7.58,82.17,,0,0.0,Green,0,800.0,1,0,0
Colombia,2013.0,Caturra,Washed / Wet,7.33,7.25,7.25,7.58,7.75,7.5,10.0,10.0,10.0,7.5,82.17,,0,0.0,Bluish-Green,1,1750.0,1,0,0
Mexico,2012.0,Typica,Washed / Wet,7.5,7.67,7.0,7.5,7.33,7.5,10.0,10.0,10.0,7.67,82.17,0.15,1,0.0,Desconocido,9,1144.0,1,1,0
Guatemala,2012.0,Caturra,Washed / Wet,7.25,7.75,7.0,7.75,8.17,7.75,10.0,10.0,9.33,7.17,82.17,0.12,0,0.0,Desconocido,2,1350.0,1,1,0
Mexico,2012.0,Typica,Washed / Wet,7.5,7.58,7.25,7.5,7.5,7.33,10.0,10.0,10.0,7.5,82.17,0.12,0,0.0,Green,4,1000.0,1,1,0
Mexico,2012.0,Typica,Washed / Wet,7.0,7.67,7.5,7.5,7.42,7.5,10.0,10.0,10.0,7.58,82.17,0.1,0,0.0,Green,1,1200.0,1,1,0
Colombia,,Desconocido,Desconocido,7.58,7.67,7.42,7.17,7.17,7.75,10.0,10.0,10.0,7.42,82.17,0.08,0,0.0,Desconocido,0,1800.0,1,1,0
Indonesia,2017.0,Bourbon,Washed / Wet,7.5,7.5,7.42,7.42,7.5,7.42,10.0,10.0,10.0,7.33,82.08,0.15,0,0.0,Desconocido,3,1300.0,1,1,0
Colombia,2016.0,Caturra,Washed / Wet,7.75,7.58,7.42,7.67,7.83,7.58,9.33,9.33,10.0,7.58,82.08,,0,7.0,Green,6,,0,0,0
Brazil,2016.0,Bourbon,Natural / Dry,7.42,7.58,7.42,7.5,7.42,7.25,10.0,10.0,10.0,7.5,82.08,0.11,0,1.0,Green,3,894.0,1,1,0
Brazil,2015.0,Yellow Bourbon,Natural / Dry,7.25,7.25,7.58,7.58,7.25,7.92,10.0,10.0,10.0,7.25,82.08,,0,0.0,Green,1,,0,0,0
Costa Rica,2015.0,Caturra,Washed / Wet,7.75,7.42,7.42,7.25,7.17,7.42,10.0,10.0,10.0,7.67,82.08,,0,0.0,Blue-Green,0,1300.0,1,0,0
"Tanzania, United Republic Of",2014.0,Bourbon,Washed / Wet,7.42,7.33,7.42,7.42,7.5,7.58,10.0,10.0,10.0,7.42,82.08,0.12,0,0.0,Green,5,1500.0,1,1,0
"Tanzania, United Republic Of",2014.0,Other,Washed / Wet,7.42,7.5,7.5,7.33,7.33,7.5,10.0,10.0,10.0,7.5,82.08,0.12,0,0.0,Green,3,1600.0,1,1,0
Colombia,2013.0,Desconocido,Washed / Wet,7.5,7.42,7.42,7.42,7.67,7.42,10.0,10.0,10.0,7.25,82.08,0.11,1,0.0,Green,0,,0,1,0
Costa Rica,2013.0,Caturra,Washed / Wet,7.58,7.33,7.33,7.33,7.5,7.67,10.0,10.0,10.0,7.33,82.08,0.11,0,0.0,Green,2,,0,1,0
United States (Hawaii),2012.0,Hawaiian Kona,Natural / Dry,7.25,7.58,7.58,7.25,7.5,7.42,10.0,10.0,10.0,7.5,82.08,0.11,0,0.0,Bluish-Green,0,,0,1,0
Mexico,2012.0,Typica,Washed / Wet,7.42,7.58,7.5,7.33,7.42,7.42,10.0,10.0,10.0,7.42,82.08,0.13,0,0.0,Green,7,1300.0,1,1,0
Mexico,2012.0,Typica,Washed / Wet,7.5,7.42,7.42,7.5,7.25,7.5,10.0,10.0,10.0,7.5,82.08,0.13,3,0.0,Green,13,1800.0,1,1,0
Mexico,2012.0,Typica,Washed / Wet,7.67,7.5,7.25,7.58,7.42,7.33,10.0,10.0,10.0,7.33,82.08,0.11,0,0.0,Green,11,1250.0,1,1,0
Vietnam,2012.0,Other,Natural / Dry,7.67,8.0,7.17,7.08,7.67,7.08,10.0,10.0,10.0,7.42,82.08,0.12,0,0.0,Green,2,1040.0,1,1,0
Mexico,2012.0,Typica,Washed / Wet,7.58,7.42,7.25,7.75,7.33,7.42,10.0,10.0,10.0,7.33,82.08,0.11,0,0.0,Green,1,1250.0,1,1,0
United States (Hawaii),2012.0,Hawaiian Kona,Washed / Wet,7.33,7.5,7.33,7.58,7.08,7.83,10.0,10.0,10.0,7.42,82.08,0.1,0,0.0,Green,2,,0,1,0
Colombia,2011.0,Desconocido,Desconocido,7.67,7.42,7.67,7.33,7.25,7.58,10.0,10.0,10.0,7.17,82.08,0.08,1,0.0,Desconocido,5,1600.0,1,1,0
Honduras,2017.0,Caturra,Washed / Wet,7.5,7.5,7.17,7.5,7.5,7.42,10.0,10.0,10.0,7.42,82.0,0.12,0,0.0,Green,1,1600.0,1,1,0
Honduras,2016.0,Caturra,Natural / Dry,7.5,7.5,7.25,7.33,7.42,7.5,10.0,10.0,10.0,7.5,82.0,0.1,0,1.0,Green,7,1600.0,1,1,0
Brazil,2016.0,Bourbon,Natural / Dry,7.5,7.33,7.42,7.5,7.33,7.42,10.0,10.0,10.0,7.5,82.0,0.11,0,2.0,Green,3,944.0,1,1,0
"Tanzania, United Republic Of",2015.0,Other,Washed / Wet,7.67,7.33,7.33,7.42,7.42,7.42,10.0,10.0,10.0,7.42,82.0,0.13,0,0.0,Green,20,1650.0,1,1,0
Laos,2015.0,Other,Washed / Wet,7.42,7.5,7.25,7.33,7.5,7.5,10.0,10.0,10.0,7.5,82.0,0.12,0,0.0,Blue-Green,0,1250.0,1,1,0
"Tanzania, United Republic Of",2014.0,Other,Washed / Wet,7.42,7.42,7.33,7.58,7.33,7.42,10.0,10.0,10.0,7.5,82.0,0.12,0,0.0,Green,3,1350.0,1,1,0
Malawi,2014.0,Gesha,Washed / Wet,7.5,7.42,7.33,7.58,7.33,7.5,10.0,10.0,10.0,7.33,82.0,0.13,0,0.0,Bluish-Green,1,2500.0,1,1,0
Taiwan,2013.0,Typica,Washed / Wet,7.33,7.5,7.17,7.42,7.5,7.33,10.0,10.0,10.0,7.75,82.0,0.09,0,0.0,Green,0,600.0,1,1,0
Thailand,2013.0,Desconocido,Washed / Wet,7.58,7.5,7.42,7.42,7.33,7.42,10.0,10.0,10.0,7.33,82.0,0.11,0,0.0,Green,0,800.0,1,1,0
Costa Rica,2013.0,Catuai,Washed / Wet,7.5,7.25,7.33,7.33,7.75,7.5,10.0,10.0,10.0,7.33,82.0,0.1,0,0.0,Green,4,1300.0,1,1,0
Honduras,2014.0,Caturra,Washed / Wet,7.33,7.33,7.33,7.5,7.5,7.83,10.0,10.0,10.0,7.17,82.0,0.11,0,0.0,Green,5,1400.0,1,1,0
Colombia,2013.0,Caturra,Washed / Wet,7.33,7.33,7.58,7.5,7.5,7.58,10.0,10.0,10.0,7.17,82.0,0.11,0,0.0,Green,1,1900.0,1,1,0
Taiwan,2012.0,Typica,Washed / Wet,7.42,7.58,7.33,7.42,8.0,7.5,9.33,10.0,10.0,7.42,82.0,0.12,0,0.0,Bluish-Green,0,650.0,1,1,0
Brazil,2012.0,Mundo Novo,Natural / Dry,7.33,7.67,7.42,7.17,7.33,7.42,10.0,10.0,10.0,7.67,82.0,0.11,0,0.0,Blue-Green,0,1038.5,1,1,0
Mexico,2012.0,Typica,Washed / Wet,7.67,7.33,7.25,7.5,7.42,7.42,10.0,10.0,10.0,7.42,82.0,0.12,0,0.0,Green,1,940.0,1,1,0
Brazil,2012.0,Mundo Novo,Natural / Dry,7.42,7.5,7.33,7.5,7.33,7.5,10.0,10.0,10.0,7.42,82.0,0.12,0,0.0,Green,1,1000.0,1,1,0
Brazil,2012.0,Catuai,Semi-washed / Semi-pulped,7.42,7.5,7.25,7.5,7.5,7.42,10.0,10.0,10.0,7.42,82.0,0.11,0,0.0,Blue-Green,1,1050.0,1,1,0
Guatemala,2012.0,Bourbon,Natural / Dry,7.33,7.33,7.33,7.5,7.67,7.67,10.0,10.0,10.0,7.17,82.0,0.11,0,0.0,Green,3,,0,1,0
Brazil,2012.0,Mundo Novo,Semi-washed / Semi-pulped,7.58,7.5,7.17,7.5,7.5,7.42,10.0,10.0,10.0,7.33,82.0,0.12,0,0.0,Green,2,950.0,1,1,0
Guatemala,2012.0,Bourbon,Washed / Wet,7.75,7.33,7.33,7.42,7.75,7.67,10.0,10.0,9.33,7.42,82.0,,0,0.0,Green,10,1402.08,1,0,0
Colombia,,Caturra,Desconocido,7.33,7.0,7.08,7.42,7.5,7.67,10.0,10.0,10.0,8.0,82.0,0.07,0,0.0,Desconocido,2,1775.0,1,1,0
Guatemala,2017.0,Bourbon,Washed / Wet,7.58,7.5,7.25,7.58,7.58,7.5,9.33,10.0,10.0,7.58,81.92,0.1,0,0.0,Green,1,1901.0,1,1,0
Guatemala,2017.0,Bourbon,Washed / Wet,7.5,7.5,7.25,7.42,7.42,7.42,10.0,10.0,10.0,7.42,81.92,0.11,0,2.0,Green,0,1219.2,1,1,0
Honduras,2017.0,Caturra,Washed / Wet,7.58,7.5,7.25,7.33,7.42,7.5,10.0,10.0,10.0,7.33,81.92,0.12,0,0.0,Green,1,1400.0,1,1,0
Brazil,2016.0,Catuai,Natural / Dry,7.42,7.33,7.33,7.5,7.5,7.33,10.0,10.0,10.0,7.5,81.92,0.11,0,0.0,Green,4,1020.0,1,1,0
El Salvador,2014.0,Bourbon,Washed / Wet,7.67,7.58,7.33,7.5,7.5,7.67,10.0,10.0,9.33,7.33,81.92,0.11,0,0.0,Green,2,1250.0,1,1,0
Guatemala,2015.0,Catuai,Washed / Wet,7.58,7.58,7.17,7.83,7.17,7.33,10.0,10.0,10.0,7.25,81.92,0.11,0,0.0,Green,7,1550.0,1,1,0
"Tanzania, United Republic Of",2014.0,Other,Washed / Wet,7.33,7.33,7.33,7.42,7.5,7.58,10.0,10.0,10.0,7.42,81.92,0.12,0,0.0,Green,4,1877.0,1,1,0
Nicaragua,2013.0,Desconocido,Washed / Wet,7.58,7.42,7.25,7.17,7.5,7.67,10.0,10.0,10.0,7.33,81.92,0.12,3,0.0,Green,4,,0,1,0
Zambia,2014.0,SL28,Washed / Wet,7.67,7.08,7.42,7.33,7.75,7.42,10.0,10.0,10.0,7.25,81.92,,1,0.0,Desconocido,3,1250.0,1,0,0
Honduras,2012.0,Desconocido,Washed / Wet,7.42,7.33,7.33,7.58,7.33,7.5,10.0,10.0,10.0,7.42,81.92,0.11,0,0.0,Green,0,,0,1,0
Taiwan,2012.0,Typica,Other,7.5,7.5,7.42,7.25,7.5,7.5,10.0,10.0,10.0,7.25,81.92,0.11,0,0.0,Green,0,1000.0,1,1,0
Mexico,2013.0,Bourbon,Washed / Wet,7.58,7.5,7.25,7.58,7.5,7.25,10.0,10.0,10.0,7.25,81.92,0.12,0,0.0,Green,6,1300.0,1,1,0
Mexico,2012.0,Typica,Semi-washed / Semi-pulped,7.5,7.5,7.25,7.25,7.5,7.5,10.0,10.0,10.0,7.42,81.92,0.13,2,0.0,Desconocido,7,981.0,1,1,0
Mexico,2012.0,Mundo Novo,Washed / Wet,7.5,7.42,7.25,7.5,7.33,7.33,10.0,10.0,10.0,7.58,81.92,0.14,2,0.0,Desconocido,8,690.0,1,1,0
Mexico,2012.0,Other,Washed / Wet,7.33,7.58,7.17,7.58,7.42,7.33,10.0,10.0,10.0,7.5,81.92,0.12,0,0.0,Green,4,1650.0,1,1,0
Mexico,2012.0,Bourbon,Washed / Wet,7.67,7.42,7.33,7.83,7.5,7.5,9.33,10.0,10.0,7.33,81.92,0.12,0,0.0,Green,0,1000.0,1,1,0
Brazil,2012.0,Mundo Novo,Natural / Dry,7.42,7.58,7.25,7.5,7.33,7.5,10.0,10.0,10.0,7.33,81.92,0.12,0,0.0,Green,3,1100.0,1,1,0
Colombia,2010.0,Desconocido,Desconocido,7.67,7.33,7.33,7.58,7.33,7.33,10.0,10.0,10.0,7.33,81.92,0.09,0,0.0,Desconocido,1,1600.0,1,1,0
Guatemala,2017.0,Bourbon,Washed / Wet,7.42,7.5,7.25,7.5,7.33,7.42,10.0,10.0,10.0,7.42,81.83,0.1,1,0.0,Green,1,,0,1,0
Costa Rica,2016.0,Catuai,Pulped natural / honey,7.25,7.33,7.5,7.33,7.67,7.42,10.0,10.0,10.0,7.33,81.83,,1,0.0,Green,4,1900.0,1,0,0
Brazil,2016.0,Mundo Novo,Natural / Dry,7.42,7.5,7.42,7.5,7.42,7.25,10.0,10.0,10.0,7.33,81.83,0.11,0,1.0,Green,3,973.0,1,1,0
Indonesia,2015.0,Other,Other,7.75,7.83,7.58,7.75,7.92,7.83,10.0,10.0,10.0,5.17,81.83,0.11,0,1.0,Green,0,1250.0,1,1,0
Guatemala,2015.0,Bourbon,Washed / Wet,7.58,7.5,7.33,7.42,7.58,7.25,10.0,10.0,10.0,7.17,81.83,0.1,2,0.0,Green,6,,0,1,0
Brazil,2015.0,Yellow Bourbon,Natural / Dry,7.17,7.58,6.83,7.5,7.75,7.25,10.0,10.0,10.0,7.75,81.83,,0,0.0,Green,1,,0,0,0
Brazil,2015.0,Yellow Bourbon,Natural / Dry,7.58,7.0,6.92,6.92,7.67,7.5,10.0,10.0,10.0,8.25,81.83,,0,0.0,Green,0,,0,0,0
Myanmar,2015.0,Catuai,Washed / Wet,7.33,7.58,7.5,7.42,7.33,7.33,10.0,10.0,10.0,7.33,81.83,,0,0.0,Green,2,,0,0,0
Mexico,2015.0,Catuai,Washed / Wet,7.58,7.5,7.33,7.5,7.17,7.33,10.0,10.0,10.0,7.42,81.83,0.11,0,0.0,Green,7,1425.0,1,1,0
Honduras,2015.0,Catuai,Washed / Wet,7.5,7.5,7.33,7.5,7.42,7.25,10.0,10.0,10.0,7.33,81.83,0.12,0,0.0,Green,1,1400.0,1,1,0
Costa Rica,2015.0,Caturra,Washed / Wet,7.67,7.5,7.5,7.25,7.08,7.42,10.0,10.0,10.0,7.42,81.83,0.09,0,0.0,Green,0,1300.0,1,1,0
Taiwan,2014.0,Typica,Washed / Wet,7.67,7.33,7.17,7.25,7.75,7.33,10.0,10.0,10.0,7.33,81.83,,0,0.0,Green,0,700.0,1,0,0
Indonesia,2014.0,Typica,Other,7.42,7.42,7.42,7.33,7.42,7.42,10.0,10.0,10.0,7.42,81.83,0.11,2,0.0,Desconocido,6,1300.0,1,1,0
Malawi,2014.0,Gesha,Washed / Wet,7.58,7.42,7.33,7.33,7.33,7.42,10.0,10.0,10.0,7.42,81.83,0.13,0,0.0,Green,0,1556.0,1,1,0
Brazil,2014.0,Bourbon,Natural / Dry,7.33,7.58,7.25,7.17,7.83,7.33,10.0,10.0,10.0,7.33,81.83,0.11,0,0.0,Green,0,1100.0,1,1,0
Honduras,2014.0,Caturra,Natural / Dry,7.5,7.5,7.33,7.33,7.33,7.33,10.0,10.0,10.0,7.5,81.83,0.1,0,0.0,Green,4,1350.0,1,1,0
Mexico,2014.0,Typica,Washed / Wet,7.42,7.42,7.25,7.5,7.33,7.42,10.0,10.0,10.0,7.5,81.83,0.11,0,0.0,Green,0,1550.0,1,1,0
Colombia,2013.0,Caturra,Washed / Wet,7.5,7.5,7.0,7.42,7.5,7.58,10.0,10.0,10.0,7.33,81.83,,2,0.0,Bluish-Green,0,1775.0,1,0,0
United States (Hawaii),2012.0,Hawaiian Kona,Natural / Dry,7.83,7.83,7.83,8.0,7.83,7.83,10.0,6.67,10.0,8.0,81.83,,1,0.0,Bluish-Green,1,,0,0,2
Brazil,2012.0,Bourbon,Semi-washed / Semi-pulped,7.75,7.75,7.5,7.42,7.83,7.75,9.33,9.33,9.33,7.83,81.83,0.12,0,0.0,Bluish-Green,0,1250.0,1,1,0
Guatemala,2013.0,Bourbon,Washed / Wet,7.83,7.67,7.33,7.33,7.67,7.83,9.33,10.0,9.33,7.5,81.83,0.11,0,0.0,Green,1,1310.64,1,1,0
Mexico,2012.0,Bourbon,Washed / Wet,7.83,7.33,7.25,7.58,7.25,7.33,10.0,10.0,10.0,7.25,81.83,0.12,0,0.0,Green,2,1500.0,1,1,0
Mexico,2012.0,Typica,Semi-washed / Semi-pulped,7.33,7.33,7.25,7.5,7.5,7.5,10.0,10.0,10.0,7.42,81.83,0.12,0,0.0,Green,10,1250.0,1,1,0
Brazil,2011.0,Mundo Novo,Desconocido,7.33,7.67,7.25,7.5,7.5,7.25,10.0,10.0,10.0,7.33,81.83,0.02,0,0.0,Desconocido,2,925.0,1,1,0
Colombia,2011.0,Desconocido,Desconocido,7.58,7.5,7.17,7.58,7.33,7.33,10.0,10.0,10.0,7.33,81.83,0.05,0,0.0,Desconocido,0,1700.0,1,1,0
United States (Hawaii),,Desconocido,Desconocido,7.25,7.58,7.83,7.67,7.75,7.75,9.33,9.33,10.0,7.33,81.83,0.02,3,0.0,Desconocido,12,,0,1,0
Guatemala,2017.0,Bourbon,Washed / Wet,7.5,7.5,7.25,7.42,7.42,7.33,10.0,10.0,10.0,7.33,81.75,0.11,0,1.0,Green,1,1700.0,1,1,0
Vietnam,2014.0,Caturra,Washed / Wet,7.0,7.08,7.33,7.5,7.5,7.33,10.0,10.0,10.0,8.0,81.75,0.12,0,0.0,Bluish-Green,0,1040.0,1,1,0
"Tanzania, United Republic Of",2014.0,Other,Washed / Wet,7.42,7.42,7.42,7.42,7.33,7.33,10.0,10.0,10.0,7.42,81.75,0.12,0,0.0,Bluish-Green,4,1600.0,1,1,0
Brazil,2013.0,Desconocido,Natural / Dry,7.17,7.25,7.17,7.25,7.42,8.25,10.0,10.0,10.0,7.25,81.75,0.1,0,0.0,Bluish-Green,1,,0,1,0
Mexico,2012.0,Bourbon,Washed / Wet,7.5,7.5,7.33,7.42,7.25,7.25,10.0,10.0,10.0,7.5,81.75,0.13,2,0.0,Desconocido,9,774.0,1,1,0
Mexico,2012.0,Mundo Novo,Washed / Wet,7.42,7.5,7.17,7.67,7.33,7.42,10.0,10.0,10.0,7.25,81.75,0.13,0,0.0,Green,23,1250.0,1,1,0
Mexico,2012.0,Typica,Washed / Wet,7.42,7.5,7.33,7.58,7.33,7.33,10.0,10.0,10.0,7.25,81.75,0.11,0,0.0,Green,1,1100.0,1,1,0
Mexico,2012.0,Caturra,Washed / Wet,7.33,7.42,7.33,7.67,7.42,7.25,10.0,10.0,10.0,7.33,81.75,0.12,10,0.0,Green,14,1550.0,1,1,0
Mexico,2012.0,Typica,Washed / Wet,7.5,7.42,7.25,7.33,7.67,7.25,10.0,10.0,10.0,7.33,81.75,0.12,0,0.0,Desconocido,1,1650.0,1,1,0
Colombia,2011.0,Caturra,Washed / Wet,7.33,7.42,7.33,7.33,7.5,7.67,10.0,10.0,10.0,7.17,81.75,,0,0.0,Green,1,1750.0,1,0,0
Colombia,,Desconocido,Desconocido,7.42,7.58,6.92,7.08,7.25,8.0,10.0,10.0,10.0,7.5,81.75,0.08,0,0.0,Desconocido,0,1775.0,1,1,0
Brazil,2017.0,Bourbon,Natural / Dry,7.42,7.5,7.25,7.5,7.5,7.25,10.0,10.0,10.0,7.25,81.67,0.11,0,0.0,Green,5,890.0,1,1,0
Guatemala,2017.0,Bourbon,Washed / Wet,7.42,7.42,7.08,7.42,7.33,7.42,10.0,10.0,10.0,7.58,81.67,0.1,0,0.0,Green,1,1700.0,1,1,0
Guatemala,2017.0,Bourbon,Washed / Wet,7.42,7.33,7.17,7.67,7.33,7.42,10.0,10.0,10.0,7.33,81.67,0.12,0,1.0,Green,3,1219.2,1,1,0
Honduras,2016.0,Catuai,Washed / Wet,7.58,7.5,7.33,7.33,7.42,7.25,10.0,10.0,10.0,7.25,81.67,0.11,0,0.0,Blue-Green,2,1450.0,1,1,0
"Tanzania, United Republic Of",2016.0,Desconocido,Desconocido,7.17,7.33,7.33,7.42,7.5,7.33,10.0,10.0,10.0,7.58,81.67,,0,0.0,Green,1,1800.0,1,0,0
Nicaragua,,Desconocido,Desconocido,7.58,7.5,7.25,7.25,7.5,7.25,10.0,10.0,10.0,7.33,81.67,0.1,0,0.0,Green,1,,0,1,0
Colombia,2016.0,Desconocido,Desconocido,7.75,7.75,7.75,7.67,5.25,7.83,10.0,10.0,10.0,7.67,81.67,,0,1.0,Desconocido,1,,0,0,0
Brazil,2015.0,Yellow Bourbon,Natural / Dry,7.25,7.75,6.92,7.42,7.5,7.58,10.0,10.0,10.0,7.25,81.67,,0,0.0,Green,0,,0,0,0
"Tanzania, United Republic Of",2014.0,Other,Washed / Wet,7.42,7.33,7.25,7.42,7.5,7.42,10.0,10.0,10.0,7.33,81.67,0.12,0,0.0,Green,0,1500.0,1,1,0
"Tanzania, United Republic Of",2013.0,Other,Washed / Wet,7.33,7.33,7.5,7.25,7.42,7.33,10.0,10.0,10.0,7.5,81.67,0.12,0,0.0,Green,7,1700.0,1,1,0
Brazil,2014.0,Bourbon,Washed / Wet,7.25,7.42,7.25,7.5,7.5,7.42,10.0,10.0,10.0,7.33,81.67,0.1,0,0.0,Green,2,1260.0,1,1,0
Indonesia,2013.0,Sumatra,Semi-washed / Semi-pulped,7.17,7.42,7.33,7.42,7.33,7.42,10.0,10.0,10.0,7.58,81.67,0.11,0,0.0,Bluish-Green,0,,0,1,0
Honduras,2014.0,Caturra,Natural / Dry,7.5,7.33,7.5,7.5,7.17,7.17,10.0,10.0,10.0,7.5,81.67,0.1,0,0.0,Green,5,1400.0,1,1,0
Costa Rica,2013.0,Caturra,Washed / Wet,7.5,7.17,7.17,7.17,7.5,7.08,10.0,10.0,10.0,8.08,81.67,0.11,0,0.0,Green,3,1850.0,1,1,0
Mexico,2014.0,Desconocido,Washed / Wet,7.42,7.42,7.67,8.0,7.58,7.5,9.33,9.33,10.0,7.42,81.67,,0,0.0,Green,4,,0,0,0
Taiwan,2013.0,Typica,Semi-washed / Semi-pulped,7.5,7.5,7.5,7.25,7.42,7.25,10.0,10.0,10.0,7.25,81.67,0.11,0,0.0,Green,0,,0,1,0
Taiwan,2013.0,Typica,Washed / Wet,7.58,7.42,7.33,7.42,7.33,7.33,10.0,10.0,10.0,7.25,81.67,0.11,0,0.0,Green,0,750.0,1,1,0
Mexico,2013.0,Typica,Washed / Wet,7.5,7.42,7.08,7.58,7.33,7.33,10.0,10.0,10.0,7.42,81.67,0.12,0,0.0,Green,6,1400.0,1,1,0
Guatemala,2012.0,Bourbon,Washed / Wet,7.5,7.67,7.33,7.33,7.33,7.33,10.0,10.0,10.0,7.17,81.67,0.11,0,0.0,Green,4,1752.6,1,1,0
Mexico,2012.0,Typica,Washed / Wet,7.25,7.67,7.58,7.67,7.67,7.58,8.67,10.0,10.0,7.58,81.67,0.13,1,0.0,Green,13,1650.0,1,1,0
Mexico,2012.0,Bourbon,Washed / Wet,7.67,7.25,7.17,7.75,7.5,7.25,10.0,10.0,10.0,7.08,81.67,0.11,0,0.0,Green,4,1400.0,1,1,0
Mexico,2012.0,Bourbon,Washed / Wet,7.5,7.42,7.33,7.42,7.42,7.42,10.0,10.0,10.0,7.17,81.67,0.11,0,0.0,Green,2,1200.0,1,1,0
Mexico,2012.0,Bourbon,Washed / Wet,7.58,7.42,7.25,7.58,7.25,7.17,10.0,10.0,10.0,7.42,81.67,0.11,0,0.0,Green,2,1400.0,1,1,0
Mexico,2012.0,Caturra,Semi-washed / Semi-pulped,7.75,7.58,7.25,7.17,7.58,7.33,9.33,10.0,10.0,7.67,81.67,0.11,0,0.0,Green,4,940.0,1,1,0
United States (Hawaii),2012.0,Hawaiian Kona,Washed / Wet,7.42,7.33,7.33,7.33,7.17,7.83,10.0,10.0,10.0,7.25,81.67,0.1,1,0.0,Green,1,,0,1,0
Honduras,2018.0,Catimor,Washed / Wet,7.5,7.42,7.08,7.42,7.5,7.33,10.0,10.0,10.0,7.33,81.58,0.11,0,1.0,Blue-Green,3,1200.0,1,1,0
Guatemala,2017.0,Bourbon,Washed / Wet,7.42,7.42,7.08,7.5,7.42,7.33,10.0,10.0,10.0,7.42,81.58,0.12,0,0.0,Green,0,,0,1,0
Taiwan,2016.0,Typica,Washed / Wet,7.42,7.42,7.25,7.67,7.33,7.25,10.0,10.0,10.0,7.25,81.58,0.1,0,0.0,Blue-Green,0,800.0,1,1,0
Costa Rica,2015.0,Caturra,Washed / Wet,7.58,7.42,7.5,7.17,7.08,7.58,10.0,10.0,10.0,7.25,81.58,0.12,0,0.0,Green,1,,0,1,0
"Tanzania, United Republic Of",2014.0,Other,Washed / Wet,7.42,7.42,7.33,7.42,7.42,7.33,10.0,10.0,10.0,7.25,81.58,0.12,0,0.0,Green,5,1800.0,1,1,0
Malawi,2014.0,Gesha,Washed / Wet,7.42,7.42,7.17,7.58,7.33,7.33,10.0,10.0,10.0,7.33,81.58,0.13,0,0.0,Green,0,1100.0,1,1,0
Taiwan,2014.0,Typica,Semi-washed / Semi-pulped,7.33,7.17,7.08,7.08,8.33,8.25,10.0,10.0,9.33,7.0,81.58,,0,0.0,Desconocido,0,850.0,1,0,0
Brazil,2013.0,Yellow Bourbon,Washed / Wet,7.42,7.42,7.33,7.33,7.5,7.25,10.0,10.0,10.0,7.33,81.58,0.12,0,0.0,Blue-Green,3,1260.0,1,1,0
Guatemala,2013.0,Bourbon,Washed / Wet,7.42,7.33,7.17,7.58,7.42,7.5,10.0,10.0,10.0,7.17,81.58,0.12,0,0.0,Green,1,1310.64,1,1,0
Mexico,2013.0,Typica,Washed / Wet,7.67,7.5,7.42,7.5,6.75,7.42,10.0,10.0,10.0,7.33,81.58,0.12,0,0.0,Green,9,1400.0,1,1,0
Mexico,2012.0,Marigojipe,Natural / Dry,7.33,7.5,7.25,7.5,7.5,7.17,10.0,10.0,10.0,7.33,81.58,0.11,0,0.0,Desconocido,0,1600.0,1,1,0
Mexico,2012.0,Typica,Natural / Dry,7.67,7.58,7.42,7.58,7.58,7.42,10.0,10.0,8.67,7.67,81.58,0.11,0,0.0,Desconocido,2,1650.0,1,1,0
Thailand,2011.0,Desconocido,Desconocido,7.08,7.33,7.58,7.58,7.17,7.5,10.0,10.0,10.0,7.33,81.58,0.01,0,0.0,Desconocido,0,1499.9208,1,1,0
Thailand,2011.0,Desconocido,Desconocido,7.33,7.33,7.17,7.5,7.58,7.33,10.0,10.0,10.0,7.33,81.58,0.2,0,0.0,Desconocido,0,,0,1,0
Costa Rica,,Desconocido,Desconocido,7.25,7.17,7.33,7.33,7.5,7.75,10.0,10.0,10.0,7.25,81.58,,0,0.0,Desconocido,1,1600.2,1,0,0
Guatemala,2017.0,Bourbon,Washed / Wet,7.67,7.58,7.17,7.42,7.33,7.42,9.33,10.0,10.0,7.58,81.5,0.1,0,0.0,Green,0,1219.2,1,1,0
Nicaragua,2017.0,Caturra,Other,7.5,7.42,7.33,7.33,7.25,7.33,10.0,10.0,10.0,7.33,81.5,0.11,0,0.0,Green,3,1100.0,1,1,0
Honduras,2017.0,Caturra,Washed / Wet,7.5,7.5,7.33,7.42,7.17,7.25,10.0,10.0,10.0,7.33,81.5,0.1,0,0.0,Green,5,1400.0,1,1,0
Guatemala,2017.0,Bourbon,Desconocido,7.5,7.42,7.25,7.25,7.5,7.25,10.0,10.0,10.0,7.33,81.5,0.12,0,0.0,Green,0,,0,1,0
Taiwan,2015.0,Typica,Natural / Dry,7.5,7.42,7.33,7.08,7.58,7.25,10.0,10.0,10.0,7.33,81.5,0.12,0,0.0,Green,2,,0,1,0
Myanmar,2015.0,Catuai,Washed / Wet,7.25,7.42,7.25,7.5,7.33,7.33,10.0,10.0,10.0,7.42,81.5,,0,0.0,Green,4,1219.2,1,0,0
Costa Rica,2014.0,Caturra,Washed / Wet,7.83,7.33,7.08,7.08,7.33,7.5,10.0,10.0,10.0,7.33,81.5,0.12,1,0.0,Green,2,1200.0,1,1,0
Malawi,2014.0,Gesha,Washed / Wet,7.67,7.42,6.92,7.5,7.5,7.17,10.0,10.0,10.0,7.33,81.5,0.12,0,0.0,Green,0,1599.0,1,1,0
Guatemala,2014.0,Other,Washed / Wet,7.5,7.42,7.17,7.58,7.25,7.42,10.0,10.0,10.0,7.17,81.5,0.12,0,0.0,Green,0,1219.2,1,1,0
Taiwan,2014.0,Typica,Washed / Wet,7.42,7.33,7.67,7.33,7.42,7.5,10.0,10.0,9.33,7.5,81.5,0.11,0,0.0,Blue-Green,0,900.0,1,1,0
Brazil,2014.0,Yellow Bourbon,Semi-washed / Semi-pulped,7.58,7.5,7.5,7.67,7.67,7.83,9.33,9.33,9.33,7.75,81.5,,1,0.0,Green,1,1200.0,1,0,0
Haiti,2013.0,Blue Mountain,Washed / Wet,7.42,7.33,7.25,7.42,7.42,7.33,10.0,10.0,10.0,7.33,81.5,0.11,0,0.0,Bluish-Green,0,825.0,1,1,0
Taiwan,2013.0,Typica,Other,7.5,7.42,7.25,7.25,7.33,7.33,10.0,10.0,10.0,7.42,81.5,0.11,0,0.0,Green,0,600.0,1,1,0
Mexico,2013.0,Typica,Washed / Wet,7.33,7.33,7.17,7.42,7.5,7.5,10.0,10.0,10.0,7.25,81.5,0.13,0,0.0,Green,2,1150.0,1,1,0
Mexico,2012.0,Typica,Washed / Wet,7.58,7.42,7.25,7.42,7.33,7.33,10.0,10.0,10.0,7.17,81.5,0.12,0,0.0,Green,5,1600.0,1,1,0
Mexico,2012.0,Catuai,Washed / Wet,7.42,7.25,7.17,7.42,7.17,8.0,10.0,10.0,10.0,7.08,81.5,0.12,0,0.0,Green,10,1100.0,1,1,0
Mexico,2012.0,Typica,Semi-washed / Semi-pulped,7.33,7.5,7.33,7.33,7.33,7.42,10.0,10.0,10.0,7.25,81.5,0.11,0,0.0,Green,6,1000.0,1,1,0
Mexico,2012.0,Bourbon,Washed / Wet,7.42,7.42,7.33,7.17,7.25,7.42,10.0,10.0,10.0,7.5,81.5,0.13,0,0.0,Green,5,1250.0,1,1,0
Mexico,2012.0,Typica,Natural / Dry,7.5,7.5,7.25,7.5,7.42,7.58,9.33,10.0,10.0,7.42,81.5,0.11,0,0.0,Green,3,1100.0,1,1,0
Indonesia,2012.0,Other,Washed / Wet,7.75,7.17,7.17,7.33,7.58,7.33,10.0,10.0,10.0,7.17,81.5,0.12,0,0.0,Green,0,1400.0,1,1,0
Brazil,2012.0,Bourbon,Semi-washed / Semi-pulped,7.5,7.42,7.17,7.42,7.5,7.33,10.0,10.0,10.0,7.17,81.5,0.12,0,0.0,Blue-Green,2,,0,1,0
Guatemala,2012.0,Bourbon,Washed / Wet,7.33,7.5,7.33,7.42,7.17,7.33,10.0,10.0,10.0,7.42,81.5,0.11,0,0.0,Green,1,,0,1,0
Colombia,,Desconocido,Desconocido,7.42,7.42,7.17,7.42,7.42,7.33,10.0,10.0,10.0,7.33,81.5,0.06,1,0.0,Desconocido,0,1450.0,1,1,0
United States (Hawaii),,Desconocido,Desconocido,7.33,7.33,7.33,7.5,7.5,7.83,9.33,10.0,10.0,7.33,81.5,,0,0.0,Desconocido,17,,0,0,0
Mexico,2017.0,Mundo Novo,Washed / Wet,7.58,7.33,7.08,7.33,7.5,7.33,10.0,10.0,10.0,7.25,81.42,0.12,1,5.0,Green,17,1100.0,1,1,0
Guatemala,2016.0,Catuai,Washed / Wet,7.42,7.33,7.08,7.58,7.33,7.25,10.0,10.0,10.0,7.42,81.42,0.1,0,0.0,Green,0,1371.6,1,1,0
Brazil,2015.0,Catuai,Natural / Dry,7.33,7.5,7.5,7.33,6.83,7.42,10.0,10.0,10.0,7.5,81.42,0.11,0,0.0,Green,2,1100.0,1,1,0
Honduras,2015.0,Catuai,Washed / Wet,7.5,7.33,7.17,7.25,7.5,7.42,10.0,10.0,10.0,7.25,81.42,0.12,0,0.0,Green,1,1400.0,1,1,0
Taiwan,2014.0,Typica,Washed / Wet,7.83,7.75,7.42,7.17,7.08,7.08,10.0,10.0,10.0,7.08,81.42,0.12,0,0.0,Green,0,,0,1,0
Malawi,2014.0,Gesha,Washed / Wet,7.58,7.17,7.33,7.42,7.08,7.42,10.0,10.0,10.0,7.42,81.42,0.12,0,0.0,Bluish-Green,0,1422.0,1,1,0
Brazil,2014.0,Bourbon,Natural / Dry,7.25,7.5,7.42,7.17,7.33,7.33,10.0,10.0,10.0,7.42,81.42,,0,0.0,Green,0,1100.0,1,0,0
Guatemala,2014.0,Bourbon,Washed / Wet,7.42,7.5,7.17,7.42,7.42,7.42,10.0,10.0,10.0,7.08,81.42,0.1,0,0.0,Green,6,1550.0,1,1,0
Mexico,2014.0,Typica,Washed / Wet,7.67,7.33,7.25,7.17,7.25,7.42,10.0,10.0,10.0,7.33,81.42,,1,0.0,Green,1,1550.0,1,0,0
Peru,2013.0,Desconocido,Washed / Wet,7.42,7.42,7.17,7.33,7.42,7.42,10.0,10.0,10.0,7.25,81.42,0.1,1,0.0,Bluish-Green,5,,0,1,0
Guatemala,2013.0,Bourbon,Washed / Wet,7.42,7.33,7.25,7.42,7.42,7.5,10.0,10.0,10.0,7.08,81.42,0.12,0,0.0,Green,4,1310.64,1,1,0
Mexico,2012.0,Caturra,Washed / Wet,7.42,7.33,7.25,7.17,7.25,7.42,10.0,10.0,10.0,7.58,81.42,0.13,1,0.0,Desconocido,8,763.0,1,1,0
Mexico,2012.0,Typica,Washed / Wet,7.42,7.42,7.25,7.25,7.5,7.33,10.0,10.0,10.0,7.25,81.42,0.13,0,0.0,Desconocido,1,1100.0,1,1,0
Colombia,2011.0,Caturra,Natural / Dry,7.5,7.42,7.25,7.17,7.17,7.75,10.0,10.0,10.0,7.17,81.42,0.11,0,0.0,Green,0,1750.0,1,1,0
Colombia,2010.0,Desconocido,Desconocido,7.75,7.33,7.42,7.0,7.33,7.25,10.0,10.0,10.0,7.33,81.42,0.16,0,0.0,Desconocido,2,1880.0,1,1,0
United States (Hawaii),,Peaberry,Desconocido,7.83,7.0,7.0,7.58,7.58,7.5,10.0,10.0,10.0,6.92,81.42,0.01,0,0.0,Desconocido,10,,0,1,0
Colombia,2016.0,Caturra,Washed / Wet,7.5,7.33,7.33,7.17,7.33,7.42,10.0,10.0,10.0,7.25,81.33,,0,0.0,Desconocido,0,,0,0,0
Honduras,2016.0,Caturra,Washed / Wet,7.5,7.5,7.0,7.17,7.5,7.33,10.0,10.0,10.0,7.33,81.33,0.11,0,2.0,Bluish-Green,3,1500.0,1,1,0
Mexico,2016.0,Desconocido,Desconocido,7.67,7.42,7.0,7.42,7.58,7.08,10.0,10.0,10.0,7.17,81.33,0.12,0,2.0,Green,0,1130.0,1,1,0
Brazil,2015.0,Catuai,Natural / Dry,7.25,7.33,7.33,7.33,7.33,7.42,10.0,10.0,10.0,7.33,81.33,0.11,0,0.0,Green,14,1100.0,1,1,0
Honduras,2015.0,Catuai,Washed / Wet,7.58,7.42,7.17,7.42,7.17,7.17,10.0,10.0,10.0,7.42,81.33,0.09,0,0.0,Green,4,1350.0,1,1,0
Brazil,2014.0,Yellow Bourbon,Other,7.17,7.33,7.42,7.25,7.42,7.33,10.0,10.0,10.0,7.42,81.33,0.12,0,0.0,Green,6,1200.0,1,1,0
Philippines,2014.0,Other,Washed / Wet,7.08,7.33,7.42,7.33,7.33,7.5,10.0,10.0,10.0,7.33,81.33,0.14,0,0.0,Green,3,1400.0,1,1,0
Malawi,2014.0,Gesha,Washed / Wet,7.75,7.33,7.08,7.33,7.33,7.25,10.0,10.0,10.0,7.25,81.33,0.13,0,0.0,Green,1,1200.0,1,1,0
Honduras,2014.0,Catuai,Washed / Wet,7.33,7.33,7.17,7.33,7.5,7.33,10.0,10.0,10.0,7.33,81.33,0.12,0,0.0,Green,3,1450.0,1,1,0
Mexico,2012.0,Typica,Washed / Wet,7.58,7.42,7.25,7.33,7.25,7.25,10.0,10.0,10.0,7.25,81.33,0.13,4,0.0,Green,13,1800.0,1,1,0
Mexico,2012.0,Typica,Washed / Wet,7.33,7.25,7.17,7.42,7.58,7.33,10.0,10.0,10.0,7.25,81.33,0.12,0,0.0,Desconocido,4,1000.0,1,1,0
Brazil,,Catuai,Natural / Dry,7.5,7.58,7.5,7.5,7.75,7.83,9.33,9.33,9.33,7.58,81.33,0.11,0,0.0,Green,0,1100.0,1,1,0
Taiwan,2015.0,Typica,Natural / Dry,7.83,7.75,7.67,7.83,7.83,7.75,9.33,10.0,10.0,5.25,81.25,0.12,0,0.0,Green,0,680.0,1,1,0
Brazil,2015.0,Yellow Bourbon,Natural / Dry,7.17,7.42,7.17,7.08,6.92,8.17,10.0,10.0,10.0,7.33,81.25,,0,0.0,Green,1,,0,0,1
Nicaragua,2015.0,Catuai,Washed / Wet,7.08,7.5,7.33,7.17,7.42,7.25,10.0,10.0,10.0,7.5,81.25,0.1,0,0.0,Green,4,1100.0,1,1,1
Honduras,2015.0,Catuai,Washed / Wet,7.42,7.17,7.17,7.5,7.33,7.25,10.0,10.0,10.0,7.42,81.25,0.12,0,0.0,Green,1,1400.0,1,1,1
Guatemala,2014.0,Pacamara,Washed / Wet,7.33,7.42,7.17,7.25,7.42,7.33,10.0,10.0,10.0,7.33,81.25,0.09,0,0.0,Bluish-Green,2,1700.0,1,1,1
"Tanzania, United Republic Of",2014.0,Other,Washed / Wet,7.33,7.17,7.17,7.5,7.25,7.42,10.0,10.0,10.0,7.42,81.25,0.13,0,0.0,Green,5,1700.0,1,1,1
Taiwan,2013.0,Typica,Semi-washed / Semi-pulped,7.5,7.5,7.25,7.25,7.25,7.25,10.0,10.0,10.0,7.25,81.25,0.11,0,0.0,Green,0,650.0,1,1,0
Guatemala,2013.0,Caturra,Washed / Wet,7.5,7.33,7.5,7.58,7.0,7.25,10.0,10.0,10.0,7.08,81.25,0.11,0,0.0,Green,4,1524.0,1,1,0
Mexico,2012.0,Typica,Washed / Wet,7.42,7.42,7.33,7.33,7.5,7.42,9.33,10.0,10.0,7.5,81.25,0.12,0,0.0,Green,1,1500.0,1,1,0
Nicaragua,2016.0,Desconocido,Washed / Wet,7.33,7.5,7.17,7.17,7.58,7.17,10.0,10.0,10.0,7.25,81.17,0.09,0,0.0,Green,7,1200.0,1,1,1
"Tanzania, United Republic Of",2015.0,Bourbon,Washed / Wet,7.67,7.17,7.17,7.33,7.5,7.17,10.0,10.0,10.0,7.17,81.17,0.12,0,0.0,Green,2,1050.0,1,1,1
Mexico,2015.0,Caturra,Washed / Wet,7.75,7.58,7.08,7.25,7.08,7.25,10.0,10.0,10.0,7.17,81.17,0.12,0,0.0,Green,10,1200.0,1,1,1
Costa Rica,2015.0,Caturra,Washed / Wet,7.5,7.5,7.33,7.17,7.08,7.17,10.0,10.0,10.0,7.42,81.17,0.11,0,0.0,Bluish-Green,0,1300.0,1,1,1
Honduras,2015.0,Catuai,Natural / Dry,7.42,7.33,7.0,7.42,7.33,7.33,10.0,10.0,10.0,7.33,81.17,0.13,0,0.0,Green,1,1450.0,1,1,1
Thailand,2014.0,Caturra,Washed / Wet,6.83,7.42,7.42,7.17,7.5,7.42,10.0,10.0,10.0,7.42,81.17,0.12,0,0.0,Blue-Green,0,1450.0,1,1,1
Philippines,2014.0,Typica,Natural / Dry,7.25,7.25,7.25,7.08,7.58,7.5,10.0,10.0,10.0,7.25,81.17,,0,0.0,Desconocido,4,1200.0,1,0,1
"Tanzania, United Republic Of",2014.0,Bourbon,Washed / Wet,7.58,7.17,7.17,7.33,7.33,7.25,10.0,10.0,10.0,7.33,81.17,0.12,0,0.0,Bluish-Green,2,1550.0,1,1,1
Malawi,2014.0,Caturra,Washed / Wet,7.58,7.25,7.33,7.08,7.33,7.33,10.0,10.0,10.0,7.25,81.17,0.12,0,0.0,Green,12,995.0,1,1,1
Costa Rica,2014.0,Catuai,Washed / Wet,7.33,7.08,7.33,7.25,7.33,7.58,10.0,10.0,10.0,7.25,81.17,0.11,0,0.0,Green,3,1300.0,1,1,1
Brazil,2013.0,Catuai,Natural / Dry,7.42,7.42,7.17,7.42,7.33,7.25,10.0,10.0,10.0,7.17,81.17,0.11,0,0.0,Green,3,,0,1,1
Mexico,2012.0,Typica,Natural / Dry,7.42,7.25,7.08,7.75,7.42,7.17,10.0,10.0,10.0,7.08,81.17,0.13,3,0.0,Green,7,1800.0,1,1,1
Guatemala,2012.0,Caturra,Washed / Wet,7.42,7.25,7.33,7.25,7.25,7.42,10.0,10.0,10.0,7.25,81.17,0.12,0,0.0,Green,4,1450.0,1,1,1
Brazil,2012.0,Mundo Novo,Natural / Dry,7.42,7.33,7.25,7.42,7.5,7.17,10.0,10.0,10.0,7.08,81.17,0.12,0,0.0,Green,1,1000.0,1,1,1
United States (Hawaii),,Desconocido,Desconocido,7.25,7.75,7.67,7.67,7.42,7.67,8.67,9.33,10.0,7.75,81.17,0.04,3,0.0,Desconocido,0,,0,1,0
Ethiopia,2016.0,Desconocido,Natural / Dry,7.42,7.33,7.17,7.33,7.42,7.17,10.0,10.0,10.0,7.25,81.08,0.11,0,0.0,Desconocido,1,,0,1,1
Brazil,2016.0,Mundo Novo,Natural / Dry,7.58,7.42,7.5,7.25,7.75,7.58,9.33,10.0,9.33,7.33,81.08,0.11,5,0.0,Green,8,695.0,1,1,0
Nicaragua,2015.0,Other,Washed / Wet,7.33,7.33,7.33,7.42,7.33,7.33,10.0,10.0,10.0,7.0,81.08,0.11,0,0.0,Desconocido,1,1100.0,1,1,1
United States,2014.0,Pache Comun,Natural / Dry,7.42,7.17,7.33,7.42,7.25,7.33,10.0,10.0,10.0,7.17,81.08,,0,0.0,Desconocido,0,1706.88,1,0,1
"Tanzania, United Republic Of",2014.0,Other,Washed / Wet,7.42,7.33,7.33,7.25,7.25,7.33,10.0,10.0,10.0,7.17,81.08,0.13,0,0.0,Green,2,1456.0,1,1,1
Costa Rica,2014.0,Caturra,Washed / Wet,7.42,7.25,7.17,7.25,7.25,7.58,10.0,10.0,10.0,7.17,81.08,0.13,0,0.0,Green,0,1500.0,1,1,1
United States (Puerto Rico),2013.0,Other,Washed / Wet,7.67,7.75,7.67,7.58,7.58,7.67,6.67,10.0,10.0,8.5,81.08,,0,0.0,Green,0,853.44,1,0,2
Mexico,2012.0,Typica,Washed / Wet,7.25,7.42,7.33,7.33,7.17,7.33,10.0,10.0,10.0,7.25,81.08,0.13,5,0.0,Desconocido,16,1650.0,1,1,1
Mexico,2012.0,Typica,Washed / Wet,7.33,7.25,7.33,7.42,7.25,7.42,10.0,10.0,10.0,7.08,81.08,0.12,0,0.0,Green,2,1300.0,1,1,1
Mexico,2012.0,Typica,Washed / Wet,7.33,7.33,7.25,7.42,7.25,7.25,10.0,10.0,10.0,7.25,81.08,0.11,0,0.0,Green,5,1642.0,1,1,1
Mexico,2012.0,Typica,Washed / Wet,7.42,7.33,7.25,7.42,7.17,7.25,10.0,10.0,10.0,7.25,81.08,0.1,0,0.0,Green,1,1200.0,1,1,1
United States (Hawaii),2012.0,Hawaiian Kona,Washed / Wet,7.42,7.42,7.25,7.58,6.92,7.17,10.0,10.0,10.0,7.33,81.08,0.06,0,0.0,Blue-Green,0,,0,1,1
Brazil,,Bourbon,Pulped natural / honey,7.25,7.25,7.17,7.5,7.33,7.17,10.0,10.0,10.0,7.33,81.0,0.11,0,6.0,Green,9,,0,1,1
El Salvador,2017.0,Bourbon,Washed / Wet,7.42,7.08,7.08,7.33,7.25,7.58,10.0,10.0,10.0,7.25,81.0,,0,2.0,Green,6,1450.0,1,0,1
Brazil,2016.0,Yellow Bourbon,Pulped natural / honey,7.33,7.17,7.17,7.67,7.33,7.17,10.0,10.0,10.0,7.17,81.0,0.11,0,2.0,Bluish-Green,3,,0,1,1
Guatemala,2016.0,Bourbon,Washed / Wet,7.42,7.25,7.17,7.5,7.25,7.17,10.0,10.0,10.0,7.25,81.0,0.09,0,0.0,Green,8,,0,1,1
Colombia,2016.0,Caturra,Washed / Wet,7.67,7.5,7.42,5.25,7.67,7.75,10.0,10.0,10.0,7.75,81.0,,0,4.0,Green,4,1600.0,1,0,1
Guatemala,2015.0,Bourbon,Washed / Wet,7.5,7.25,7.0,7.25,7.5,7.25,10.0,10.0,10.0,7.25,81.0,0.11,0,0.0,Green,1,1219.2,1,1,1
Taiwan,2015.0,Typica,Washed / Wet,7.25,7.17,7.17,7.25,7.5,7.33,10.0,10.0,10.0,7.33,81.0,0.12,0,0.0,Bluish-Green,0,758.0,1,1,1
Honduras,2014.0,Caturra,Natural / Dry,7.42,7.25,7.25,7.33,7.25,7.17,10.0,10.0,10.0,7.33,81.0,0.12,0,0.0,Green,1,1350.0,1,1,1
Brazil,2014.0,Mundo Novo,Natural / Dry,7.67,7.75,7.83,7.75,7.83,7.75,10.0,6.67,10.0,7.75,81.0,0.12,0,0.0,Green,0,,0,1,2
"Tanzania, United Republic Of",2014.0,Other,Washed / Wet,7.33,7.33,7.08,7.42,7.17,7.33,10.0,10.0,10.0,7.33,81.0,0.12,0,0.0,Green,5,1525.0,1,1,1
Uganda,2013.0,SL14,Natural / Dry,7.33,6.92,7.17,7.33,7.42,7.42,10.0,10.0,10.0,7.42,81.0,0.12,0,0.0,Green,3,1700.0,1,1,1
Taiwan,2013.0,Typica,Semi-washed / Semi-pulped,7.5,6.92,7.33,7.33,7.33,7.33,10.0,10.0,10.0,7.25,81.0,0.11,0,0.0,Green,0,1100.0,1,1,1
Thailand,2012.0,Desconocido,Washed / Wet,7.33,7.42,7.25,7.42,7.25,7.17,10.0,10.0,10.0,7.17,81.0,,0,0.0,Green,3,800.0,1,0,1
Mexico,2012.0,Other,Washed / Wet,7.08,7.33,7.33,7.33,7.42,7.25,10.0,10.0,10.0,7.25,81.0,0.12,0,0.0,Green,12,950.0,1,1,1
Mexico,2012.0,Typica,Washed / Wet,7.58,7.67,7.5,7.67,7.58,7.5,8.0,10.0,10.0,7.5,81.0,,0,0.0,Green,8,1100.0,1,0,0
Taiwan,2017.0,Other,Washed / Wet,7.33,7.17,7.25,7.33,7.33,7.25,10.0,10.0,10.0,7.25,80.92,,0,0.0,Blue-Green,0,,0,0,1
Guatemala,2017.0,Bourbon,Washed / Wet,7.67,7.67,7.33,7.58,7.67,7.5,9.33,9.33,9.33,7.5,80.92,0.1,0,0.0,Green,2,1901.0,1,1,0
Kenya,2017.0,SL28,Washed / Wet,7.17,7.58,7.5,7.5,8.0,7.75,10.0,10.0,10.0,5.42,80.92,0.11,0,0.0,Green,3,1600.0,1,1,0
Mexico,2017.0,Bourbon,Washed / Wet,7.5,7.33,7.17,7.42,7.5,7.33,9.33,10.0,10.0,7.33,80.92,0.11,0,0.0,Green,11,1100.0,1,1,0
Myanmar,2015.0,Other,Other,7.17,7.42,7.0,7.58,7.33,7.0,10.0,10.0,10.0,7.42,80.92,,0,0.0,Desconocido,5,1066.8,1,0,1
United States (Hawaii),2014.0,Hawaiian Kona,Natural / Dry,7.42,7.08,7.17,7.17,7.58,7.25,10.0,10.0,10.0,7.25,80.92,0.1,2,0.0,Bluish-Green,5,,0,1,1
"Tanzania, United Republic Of",2014.0,Other,Washed / Wet,7.33,7.17,7.17,7.25,7.42,7.33,10.0,10.0,10.0,7.25,80.92,0.12,0,0.0,Green,0,1700.0,1,1,1
Brazil,2014.0,Yellow Bourbon,Natural / Dry,7.25,7.33,7.25,7.25,7.25,7.33,10.0,10.0,10.0,7.25,80.92,0.12,0,0.0,Green,8,1200.0,1,1,1
Taiwan,2014.0,Typica,Washed / Wet,7.92,7.67,7.33,7.08,7.08,7.08,10.0,10.0,10.0,6.75,80.92,0.09,0,0.0,Green,0,550.0,1,1,1
Brazil,2014.0,Bourbon,Natural / Dry,7.17,7.42,7.17,7.25,7.25,7.33,10.0,10.0,10.0,7.33,80.92,0.1,0,0.0,Desconocido,0,1100.0,1,1,1
Nicaragua,2013.0,Caturra,Washed / Wet,7.33,7.08,7.25,7.0,7.5,7.42,10.0,10.0,10.0,7.33,80.92,0.1,1,0.0,Green,3,1050.0,1,1,1
Guatemala,2014.0,Pacas,Washed / Wet,7.58,7.42,6.92,7.5,7.25,7.17,10.0,10.0,10.0,7.08,80.92,0.12,2,0.0,Green,5,1524.0,1,1,1
Taiwan,2013.0,Typica,Washed / Wet,7.42,7.25,7.25,7.25,7.25,7.25,10.0,10.0,10.0,7.25,80.92,0.11,0,0.0,Desconocido,0,900.0,1,1,1
Taiwan,2013.0,Typica,Other,7.25,7.17,7.08,7.08,7.08,8.08,10.0,10.0,10.0,7.17,80.92,0.11,0,0.0,Green,0,688.0,1,1,1
Taiwan,2013.0,Typica,Washed / Wet,7.42,7.25,7.25,7.25,7.25,7.25,10.0,10.0,10.0,7.25,80.92,0.11,0,0.0,Green,0,300.0,1,1,1
Mexico,2012.0,Typica,Washed / Wet,7.58,7.33,7.08,7.5,7.17,7.25,10.0,10.0,10.0,7.0,80.92,0.13,0,0.0,Green,12,1186.0,1,1,1
Thailand,,Peaberry,Desconocido,7.67,7.58,7.33,7.33,7.17,7.0,10.0,10.0,10.0,6.83,80.92,,0,0.0,Desconocido,0,,0,0,1
Laos,2016.0,Catimor,Washed / Wet,7.42,7.33,7.17,7.17,7.17,7.25,10.0,10.0,10.0,7.33,80.83,,0,0.0,Green,0,1300.0,1,0,1
Guatemala,2013.0,Caturra,Washed / Wet,7.67,7.25,7.08,7.33,7.17,7.25,10.0,10.0,10.0,7.08,80.83,0.11,0,0.0,Green,1,1200.0,1,1,1
Mexico,2012.0,Catuai,Semi-washed / Semi-pulped,7.17,7.08,7.25,7.42,7.25,7.33,10.0,10.0,10.0,7.33,80.83,0.13,0,0.0,Green,7,1210.0,1,1,1
Mexico,2012.0,Typica,Washed / Wet,7.33,7.25,7.33,7.33,7.25,7.17,10.0,10.0,10.0,7.17,80.83,0.11,0,0.0,Green,3,1100.0,1,1,1
Mexico,2012.0,Bourbon,Washed / Wet,7.5,7.17,7.33,7.25,7.17,7.17,10.0,10.0,10.0,7.25,80.83,0.13,0,0.0,Green,1,,0,1,1
United States (Hawaii),2012.0,Hawaiian Kona,Washed / Wet,7.42,7.33,7.0,7.25,7.33,7.5,10.0,10.0,10.0,7.0,80.83,0.1,2,0.0,Blue-Green,0,,0,1,1
Colombia,2010.0,Desconocido,Desconocido,7.33,7.33,7.0,6.83,7.33,7.67,10.0,10.0,10.0,7.33,80.83,0.01,0,0.0,Desconocido,1,1800.0,1,1,1
Brazil,2015.0,Desconocido,Natural / Dry,7.17,7.25,7.08,7.17,7.25,7.58,10.0,10.0,10.0,7.25,80.75,,0,0.0,Green,1,,0,0,1
Myanmar,2015.0,Catuai,Washed / Wet,6.92,7.5,7.0,7.58,7.5,7.08,10.0,10.0,10.0,7.17,80.75,,0,0.0,Green,2,,0,0,1
Guatemala,2015.0,Caturra,Washed / Wet,7.5,7.33,7.0,7.42,7.17,7.17,10.0,10.0,10.0,7.17,80.75,0.12,0,0.0,Green,1,1706.88,1,1,1
Nicaragua,2015.0,Other,Washed / Wet,7.25,7.25,7.17,7.25,7.33,7.25,10.0,10.0,10.0,7.25,80.75,0.12,0,0.0,Green,5,,0,1,1
Honduras,2015.0,Caturra,Natural / Dry,7.5,7.33,7.0,7.42,7.25,7.17,10.0,10.0,10.0,7.08,80.75,0.11,0,0.0,Green,2,1450.0,1,1,1
Panama,2014.0,Caturra,Other,7.25,7.33,7.17,7.33,7.33,7.17,10.0,10.0,10.0,7.17,80.75,0.11,1,0.0,Green,4,1680.0,1,1,1
Honduras,2015.0,Catuai,Washed / Wet,7.42,7.17,7.08,7.42,7.25,7.25,10.0,10.0,10.0,7.17,80.75,0.09,0,0.0,Green,2,1350.0,1,1,1
Honduras,2015.0,Catuai,Natural / Dry,7.25,7.33,7.08,7.5,7.25,7.33,10.0,10.0,10.0,7.0,80.75,0.13,0,0.0,Green,1,1450.0,1,1,1
Costa Rica,2014.0,Caturra,Washed / Wet,7.33,7.33,7.25,7.25,7.17,7.17,10.0,10.0,10.0,7.25,80.75,0.11,0,0.0,Green,0,1300.0,1,1,1
Mexico,2012.0,Typica,Washed / Wet,7.58,7.33,7.42,7.25,7.5,7.5,9.33,9.33,10.0,7.5,80.75,0.11,0,0.0,Green,2,1200.0,1,1,0
Haiti,2012.0,Typica,Washed / Wet,7.42,7.0,7.42,7.25,7.08,7.33,10.0,10.0,10.0,7.25,80.75,0.12,0,0.0,Green,0,1000.0,1,1,1
United States (Hawaii),2011.0,Arusha,Natural / Dry,7.08,7.33,7.17,7.25,7.33,7.67,10.0,10.0,10.0,6.92,80.75,0.13,0,0.0,Bluish-Green,6,,0,1,1
Taiwan,2016.0,Typica,Other,7.33,7.08,7.08,7.08,7.42,7.33,10.0,10.0,10.0,7.33,80.67,,0,0.0,Green,1,,0,0,1
Indonesia,2015.0,Mandheling,Semi-washed / Semi-pulped,7.58,7.42,7.0,7.67,7.5,7.5,9.33,9.33,10.0,7.33,80.67,0.13,0,0.0,Blue-Green,1,1350.0,1,1,0
Guatemala,2015.0,Bourbon,Washed / Wet,7.67,7.42,6.83,7.17,7.42,7.17,10.0,10.0,10.0,7.0,80.67,0.11,0,0.0,Green,0,1500.0,1,1,1
Costa Rica,2015.0,Caturra,Washed / Wet,7.83,7.5,7.67,7.67,7.83,7.5,6.67,10.0,10.0,8.0,80.67,0.11,0,0.0,Blue-Green,4,,0,1,2
Malawi,2014.0,Caturra,Washed / Wet,7.5,7.25,7.17,7.17,7.25,7.17,10.0,10.0,10.0,7.17,80.67,0.12,0,0.0,Bluish-Green,1,995.0,1,1,1
Mexico,2014.0,Typica,Washed / Wet,7.25,7.17,7.17,7.25,7.17,7.42,10.0,10.0,10.0,7.25,80.67,0.12,0,0.0,Green,4,1200.0,1,1,1
Colombia,2014.0,Caturra,Natural / Dry,7.67,7.5,7.42,7.67,7.5,7.75,10.0,10.0,6.67,8.5,80.67,,0,0.0,Desconocido,1,1550.0,1,0,0
Guatemala,2013.0,Bourbon,Washed / Wet,7.67,7.17,7.0,7.5,7.0,7.0,10.0,10.0,10.0,7.33,80.67,0.12,0,0.0,Green,5,1550.0,1,1,1
Guatemala,2012.0,Bourbon,Washed / Wet,7.0,7.33,7.5,7.33,7.0,7.33,10.0,10.0,10.0,7.17,80.67,0.11,0,0.0,Green,2,,0,1,1
Guatemala,2012.0,Bourbon,Washed / Wet,7.0,7.5,7.33,7.17,7.17,7.17,10.0,10.0,10.0,7.33,80.67,0.11,0,0.0,Green,3,,0,1,1
Colombia,,Desconocido,Desconocido,7.17,7.25,7.08,7.42,7.08,7.42,10.0,10.0,10.0,7.25,80.67,0.18,0,0.0,Desconocido,2,,0,1,1
Brazil,2016.0,Desconocido,Desconocido,7.33,7.25,7.33,7.08,7.58,7.25,9.33,10.0,10.0,7.42,80.58,0.11,0,0.0,Green,7,,0,1,1
Nicaragua,2016.0,Desconocido,Desconocido,7.08,7.5,7.0,7.25,7.42,7.0,10.0,10.0,10.0,7.33,80.58,0.11,0,1.0,Green,0,,0,1,1
"Tanzania, United Republic Of",2014.0,Other,Washed / Wet,7.25,7.08,7.08,7.33,7.33,7.25,10.0,10.0,10.0,7.25,80.58,0.12,0,0.0,Bluish-Green,1,1400.0,1,1,1
Brazil,2014.0,Bourbon,Semi-washed / Semi-pulped,7.42,7.25,7.33,7.0,7.08,7.25,10.0,10.0,10.0,7.25,80.58,,0,0.0,Green,3,1200.0,1,0,1
Honduras,2014.0,Caturra,Washed / Wet,7.5,7.17,7.0,7.42,7.33,7.0,10.0,10.0,10.0,7.17,80.58,0.11,0,0.0,Green,5,1400.0,1,1,1
Guatemala,2014.0,Bourbon,Natural / Dry,7.17,7.42,6.83,7.5,7.17,7.25,10.0,10.0,10.0,7.25,80.58,0.11,0,0.0,Green,5,1383.792,1,1,1
United States (Hawaii),,Desconocido,Desconocido,7.42,7.58,7.5,7.92,7.83,7.83,8.67,8.67,9.33,7.83,80.58,,0,0.0,Desconocido,0,,0,0,2
Colombia,,Desconocido,Desconocido,7.08,7.25,7.0,7.5,7.08,7.33,10.0,10.0,10.0,7.33,80.58,,0,0.0,Desconocido,2,,0,0,1
Taiwan,2017.0,Other,Natural / Dry,7.17,7.17,7.17,7.42,7.17,7.25,10.0,10.0,10.0,7.17,80.5,,0,0.0,Blue-Green,0,,0,0,1
Guatemala,2017.0,Caturra,Washed / Wet,7.33,7.25,7.08,7.17,7.25,7.17,10.0,10.0,10.0,7.25,80.5,0.1,0,0.0,Green,4,1500.0,1,1,1
Honduras,2017.0,Catuai,Washed / Wet,7.58,7.33,7.0,7.17,7.33,7.08,10.0,10.0,10.0,7.0,80.5,0.11,0,0.0,Green,5,1650.0,1,1,1
Mauritius,2016.0,Desconocido,Desconocido,7.25,7.25,7.17,7.17,7.25,7.17,10.0,10.0,10.0,7.25,80.5,0.12,0,0.0,Green,0,280.0,1,1,1
Brazil,2015.0,Yellow Bourbon,Semi-washed / Semi-pulped,7.25,7.33,7.17,7.5,7.33,7.25,9.33,10.0,10.0,7.33,80.5,0.11,0,0.0,Green,3,1250.0,1,1,1
Myanmar,2015.0,Other,Washed / Wet,7.17,7.33,7.17,7.42,7.25,7.08,10.0,10.0,10.0,7.08,80.5,,0,0.0,Green,2,,0,0,1
Guatemala,2014.0,Other,Washed / Wet,7.5,7.17,6.83,7.5,7.17,7.17,10.0,10.0,10.0,7.17,80.5,0.11,0,0.0,Green,3,1219.2,1,1,1
Brazil,2013.0,Yellow Bourbon,Semi-washed / Semi-pulped,7.42,7.42,7.08,7.33,7.67,7.5,9.33,9.33,10.0,7.42,80.5,0.1,0,0.0,Desconocido,10,1250.0,1,1,0
United States (Hawaii),2013.0,Hawaiian Kona,Natural / Dry,7.42,7.33,7.33,7.58,7.58,7.42,8.67,10.0,10.0,7.17,80.5,0.11,1,0.0,Green,0,,0,1,0
Guatemala,2013.0,Bourbon,Washed / Wet,7.5,7.5,7.0,7.67,7.17,7.0,10.0,10.0,10.0,6.67,80.5,0.12,1,0.0,Green,1,1859.28,1,1,1
Mexico,2012.0,Typica,Washed / Wet,7.25,7.25,7.08,7.33,7.25,7.17,10.0,10.0,10.0,7.17,80.5,0.15,0,0.0,Desconocido,1,1450.0,1,1,1
Honduras,2016.0,Desconocido,Desconocido,7.25,7.42,7.0,7.42,7.33,7.0,10.0,10.0,10.0,7.0,80.42,0.1,0,0.0,Green,0,1450.0,1,1,1
Taiwan,2014.0,Typica,Washed / Wet,7.58,7.17,7.17,7.17,7.17,7.17,10.0,10.0,10.0,7.0,80.42,0.14,0,0.0,Green,0,600.0,1,1,1
El Salvador,2013.0,Bourbon,Washed / Wet,7.33,7.17,7.08,7.08,7.33,7.17,10.0,10.0,10.0,7.25,80.42,,0,0.0,Green,1,1450.0,1,0,1
China,2013.0,Other,Washed / Wet,7.25,7.08,7.25,7.17,7.33,7.17,10.0,10.0,10.0,7.17,80.42,0.17,0,0.0,Green,14,1700.0,1,1,1
Taiwan,2013.0,Typica,Washed / Wet,7.25,7.25,7.17,7.25,7.25,7.25,10.0,10.0,10.0,7.0,80.42,0.11,0,0.0,Green,0,600.0,1,1,1
Mexico,2012.0,Typica,Washed / Wet,6.92,7.17,7.08,7.5,7.33,7.17,10.0,10.0,10.0,7.25,80.42,0.1,2,0.0,Green,4,1050.0,1,1,1
Mexico,2012.0,Caturra,Washed / Wet,7.42,7.08,7.08,7.33,7.25,7.17,10.0,10.0,10.0,7.08,80.42,0.12,4,0.0,Green,16,1550.0,1,1,1
Burundi,2016.0,Desconocido,Desconocido,7.08,7.25,7.17,7.33,7.08,7.08,10.0,10.0,10.0,7.33,80.33,0.12,0,0.0,Green,0,1700.0,1,1,1
"Tanzania, United Republic Of",2015.0,Bourbon,Washed / Wet,7.25,7.17,7.0,7.25,7.42,7.08,10.0,10.0,10.0,7.17,80.33,0.13,0,0.0,Green,5,1700.0,1,1,1
"Tanzania, United Republic Of",2014.0,Other,Washed / Wet,7.25,7.17,7.25,7.25,7.25,7.08,10.0,10.0,10.0,7.08,80.33,0.12,0,0.0,Bluish-Green,5,,0,1,1
Taiwan,2013.0,Yellow Bourbon,Other,7.25,7.25,7.08,7.25,7.25,7.25,10.0,10.0,10.0,7.0,80.33,0.11,0,0.0,Green,0,600.0,1,1,1
Guatemala,2013.0,Bourbon,Washed / Wet,7.33,7.33,6.83,7.5,7.0,7.17,10.0,10.0,10.0,7.17,80.33,0.11,1,0.0,Green,4,1310.64,1,1,1
Mexico,2012.0,Typica,Semi-washed / Semi-pulped,7.25,7.08,7.08,7.33,7.33,7.17,10.0,10.0,10.0,7.08,80.33,0.11,0,0.0,Green,21,940.0,1,1,1
United States (Hawaii),2012.0,Hawaiian Kona,Washed / Wet,7.17,7.5,6.92,7.33,7.67,7.33,9.33,10.0,10.0,7.08,80.33,0.12,5,0.0,Green,7,,0,1,1
Ethiopia,2010.0,Desconocido,Desconocido,7.25,7.25,7.25,7.33,7.5,8.0,9.33,9.33,10.0,7.08,80.33,0.1,0,0.0,Desconocido,1,,0,1,0
Brazil,2017.0,Catuai,Natural / Dry,7.17,7.33,7.42,7.08,7.0,7.0,10.0,10.0,10.0,7.25,80.25,0.11,0,1.0,Green,1,995.0,1,1,1
Honduras,2016.0,Caturra,Natural / Dry,7.25,7.25,7.0,7.0,7.42,7.0,10.0,10.0,10.0,7.33,80.25,0.1,0,0.0,Green,4,1400.0,1,1,1
Mexico,2016.0,Caturra,Washed / Wet,7.25,7.17,7.0,7.33,7.33,7.0,10.0,10.0,10.0,7.17,80.25,0.1,0,0.0,Green,2,1600.0,1,1,1
Myanmar,2015.0,Other,Natural / Dry,8.0,7.08,7.0,7.33,7.08,6.92,10.0,10.0,10.0,6.83,80.25,0.11,1,0.0,Green,26,914.4,1,1,1
Myanmar,2014.0,Catuai,Natural / Dry,7.42,7.0,7.08,7.0,7.17,7.33,10.0,10.0,10.0,7.25,80.25,,0,0.0,Green,1,,0,0,1
Nicaragua,2015.0,Caturra,Washed / Wet,7.08,6.92,7.0,7.25,7.5,7.25,10.0,10.0,10.0,7.25,80.25,0.11,0,0.0,Green,2,900.0,1,1,1
United States (Hawaii),2014.0,Hawaiian Kona,Natural / Dry,7.5,7.08,7.67,7.67,7.42,7.58,9.33,9.33,9.33,7.33,80.25,0.12,4,0.0,Green,13,,0,1,0
Colombia,2012.0,Typica,Washed / Wet,7.42,8.0,7.83,7.75,8.08,7.58,8.67,8.67,8.67,7.58,80.25,0.1,0,0.0,Green,0,,0,1,2
Taiwan,2013.0,Typica,Semi-washed / Semi-pulped,7.25,7.08,7.25,7.25,7.17,7.25,10.0,10.0,10.0,7.0,80.25,0.11,0,0.0,Green,0,700.0,1,1,1
Guatemala,2012.0,Caturra,Washed / Wet,7.0,7.17,7.33,7.33,7.0,7.17,10.0,10.0,10.0,7.25,80.25,0.11,1,0.0,Green,12,1400.0,1,1,1
Mexico,2012.0,Caturra,Washed / Wet,7.58,7.33,7.17,7.25,6.75,7.0,10.0,10.0,10.0,7.17,80.25,0.11,2,0.0,Desconocido,8,808.0,1,1,1
Vietnam,2017.0,Catimor,Other,7.42,7.25,7.25,7.58,7.42,7.33,8.67,10.0,10.0,7.25,80.17,,0,0.0,Desconocido,2,1550.0,1,0,0
Nicaragua,2015.0,Caturra,Washed / Wet,7.17,7.08,7.08,7.33,7.25,7.08,10.0,10.0,10.0,7.17,80.17,0.11,0,0.0,Desconocido,2,1187.5,1,1,1
Honduras,2015.0,Catuai,Washed / Wet,7.25,7.25,7.0,7.17,7.08,7.08,10.0,10.0,10.0,7.33,80.17,0.11,0,0.0,Green,0,1400.0,1,1,1
Guatemala,2013.0,Bourbon,Washed / Wet,7.33,7.33,7.0,7.17,7.17,7.17,10.0,10.0,10.0,7.0,80.17,0.11,0,0.0,Green,2,1310.64,1,1,1
Mexico,2012.0,Typica,Washed / Wet,7.33,7.08,6.92,7.42,7.25,7.08,10.0,10.0,10.0,7.08,80.17,0.11,0,0.0,Green,2,1250.0,1,1,1
Mexico,2012.0,Typica,Washed / Wet,7.58,7.42,7.33,7.5,7.08,7.17,8.67,10.0,10.0,7.42,80.17,0.14,1,0.0,Green,2,1550.0,1,1,0
Mexico,2012.0,Bourbon,Washed / Wet,7.33,7.33,7.17,7.08,7.25,7.0,10.0,10.0,10.0,7.0,80.17,0.12,0,0.0,Green,12,1000.0,1,1,1
Guatemala,2012.0,Bourbon,Washed / Wet,7.33,7.33,7.0,7.33,7.0,7.0,10.0,10.0,10.0,7.17,80.17,0.11,0,0.0,Green,5,1310.64,1,1,1
United States (Hawaii),,Desconocido,Desconocido,7.58,7.5,7.33,7.33,7.67,7.33,9.33,9.33,9.33,7.42,80.17,0.05,12,0.0,Desconocido,1,,0,1,0
Brazil,2017.0,Bourbon,Pulped natural / honey,7.17,7.17,7.0,7.17,7.25,7.25,10.0,10.0,10.0,7.08,80.08,0.11,0,0.0,Green,5,1100.0,1,1,1
Taiwan,2014.0,Typica,Washed / Wet,7.42,7.25,7.25,7.17,7.0,7.0,10.0,10.0,10.0,7.0,80.08,0.07,0,0.0,Green,0,850.0,1,1,1
Nicaragua,2013.0,Desconocido,Natural / Dry,7.25,7.17,6.92,7.25,7.17,7.25,10.0,10.0,10.0,7.08,80.08,0.1,0,0.0,Green,4,,0,1,1
Taiwan,2013.0,Typica,Other,7.25,7.25,7.25,7.25,7.08,7.0,10.0,10.0,10.0,7.0,80.08,0.11,0,0.0,Green,0,,0,1,1
Taiwan,2013.0,Typica,Washed / Wet,7.25,7.25,7.25,7.0,7.25,7.08,10.0,10.0,10.0,7.0,80.08,0.11,0,0.0,Green,0,,0,1,1
Taiwan,2013.0,Typica,Semi-washed / Semi-pulped,7.25,7.25,7.25,7.08,7.17,7.08,10.0,10.0,10.0,7.0,80.08,0.11,0,0.0,Green,0,250.0,1,1,1
Mexico,2012.0,Typica,Washed / Wet,7.33,7.17,7.25,7.08,7.08,7.08,10.0,10.0,10.0,7.08,80.08,0.15,0,0.0,Desconocido,0,1300.0,1,1,1
Mexico,2012.0,Typica,Washed / Wet,7.25,7.08,7.0,7.17,7.33,7.17,10.0,10.0,10.0,7.08,80.08,0.14,1,0.0,Green,17,1300.0,1,1,1
Nicaragua,2017.0,Caturra,Washed / Wet,7.33,7.08,6.92,7.08,7.42,7.17,10.0,10.0,10.0,7.0,80.0,0.1,0,0.0,Green,5,1250.0,1,1,1
Myanmar,2015.0,Other,Washed / Wet,7.17,7.33,7.0,7.42,7.17,7.0,10.0,10.0,10.0,6.92,80.0,,0,0.0,Green,4,,0,0,1
Mexico,2014.0,Typica,Washed / Wet,7.58,7.75,7.42,7.5,7.5,7.5,8.67,8.67,10.0,7.42,80.0,,0,0.0,Green,2,1400.0,1,0,0
Taiwan,2013.0,Typica,Washed / Wet,7.25,7.25,7.25,7.0,7.25,7.0,10.0,10.0,10.0,7.0,80.0,0.11,0,0.0,Green,0,250.0,1,1,1
Thailand,2012.0,Desconocido,Washed / Wet,7.33,6.67,7.08,7.42,7.42,7.08,10.0,10.0,10.0,7.0,80.0,,0,0.0,Green,0,800.0,1,0,1
Mexico,2012.0,Typica,Washed / Wet,7.25,7.25,7.08,7.17,7.33,7.33,9.33,10.0,10.0,7.25,80.0,0.12,0,0.0,Green,9,1250.0,1,1,1
Mexico,2012.0,Other,Washed / Wet,7.08,7.33,7.0,7.33,7.08,7.0,10.0,10.0,10.0,7.17,80.0,0.11,0,0.0,Green,12,1100.0,1,1,1
Ethiopia,2010.0,Desconocido,Desconocido,7.42,7.42,7.5,7.92,7.75,7.58,8.67,9.33,8.67,7.75,80.0,0.05,0,0.0,Desconocido,2,,0,1,0
Colombia,2015.0,Desconocido,Washed / Wet,7.83,7.67,7.58,7.75,7.83,7.17,6.67,10.0,10.0,7.42,79.92,,0,0.0,Green,1,,0,0,0
United States (Hawaii),2014.0,Hawaiian Kona,Natural / Dry,7.5,7.0,7.0,6.92,7.33,7.17,10.0,10.0,10.0,7.0,79.92,0.11,1,0.0,Green,3,,0,1,1
Mexico,2013.0,Bourbon,Washed / Wet,7.33,7.08,7.08,7.33,7.42,7.17,9.33,10.0,10.0,7.17,79.92,0.12,0,0.0,Green,4,1300.0,1,1,1
Mexico,2012.0,Other,Washed / Wet,7.17,7.17,6.92,7.25,7.33,7.08,10.0,10.0,10.0,7.0,79.92,0.12,1,0.0,Green,7,1100.0,1,1,1
Mexico,2012.0,Bourbon,Washed / Wet,7.5,7.17,7.0,7.17,7.25,7.08,10.0,10.0,10.0,6.75,79.92,,0,0.0,Desconocido,0,1100.0,1,0,1
Mexico,2012.0,Catuai,Washed / Wet,7.17,7.08,7.08,7.08,7.5,7.33,9.33,10.0,10.0,7.33,79.92,0.11,0,0.0,Green,3,1100.0,1,1,1
Mexico,2012.0,Typica,Natural / Dry,7.33,7.25,7.0,7.42,7.17,7.17,9.33,10.0,10.0,7.25,79.92,0.12,0,0.0,Green,6,1250.0,1,1,1
Mexico,2012.0,Mundo Novo,Washed / Wet,7.17,7.33,7.08,7.58,7.33,7.08,10.0,9.33,10.0,7.0,79.92,0.11,0,0.0,Green,0,1250.0,1,1,1
United States (Hawaii),,Desconocido,Desconocido,7.5,7.42,7.58,7.42,7.5,7.58,8.67,8.67,10.0,7.58,79.92,0.05,3,0.0,Desconocido,0,,0,1,0
Kenya,2017.0,SL34,Washed / Wet,7.0,7.08,7.0,7.17,7.25,7.25,10.0,10.0,10.0,7.08,79.83,0.11,0,1.0,Desconocido,5,1500.0,1,1,1
Guatemala,2017.0,Bourbon,Washed / Wet,7.33,7.25,6.92,7.33,7.25,7.33,9.33,10.0,10.0,7.08,79.83,0.1,0,0.0,Green,2,1700.0,1,1,1
Nicaragua,2014.0,Caturra,Washed / Wet,6.83,7.17,7.17,6.92,7.5,7.08,10.0,10.0,10.0,7.17,79.83,0.11,0,0.0,Green,0,1250.0,1,1,1
Mexico,2012.0,Typica,Washed / Wet,7.17,7.08,7.0,7.25,7.5,7.0,10.0,10.0,10.0,6.83,79.83,0.12,0,0.0,Green,3,1300.0,1,1,1
United States (Hawaii),2012.0,Hawaiian Kona,Natural / Dry,7.58,7.08,6.83,7.17,7.5,7.17,9.33,10.0,10.0,7.17,79.83,0.12,7,0.0,Blue-Green,10,,0,1,1
Guatemala,2016.0,Bourbon,Washed / Wet,7.5,7.42,7.25,7.58,7.33,7.42,9.33,9.33,9.33,7.25,79.75,0.1,0,4.0,Green,1,,0,1,0
Taiwan,2014.0,Typica,Natural / Dry,7.75,7.33,7.17,7.33,7.67,7.83,9.33,9.33,8.67,7.33,79.75,,0,0.0,Desconocido,0,1000.0,1,0,0
Taiwan,2013.0,Typica,Washed / Wet,7.08,7.08,7.25,7.0,7.17,7.17,10.0,10.0,10.0,7.0,79.75,0.1,0,0.0,Blue-Green,0,600.0,1,1,1
Thailand,2013.0,Desconocido,Washed / Wet,7.25,7.08,6.92,7.5,7.08,6.92,10.0,10.0,10.0,7.0,79.75,0.12,0,0.0,Green,0,800.0,1,1,1
Peru,2013.0,Desconocido,Washed / Wet,7.0,7.08,7.0,7.25,7.5,7.42,9.33,10.0,10.0,7.17,79.75,0.12,1,0.0,Green,2,,0,1,1
Costa Rica,2013.0,Catuai,Washed / Wet,7.58,7.5,7.67,7.75,7.67,7.58,8.0,8.0,10.0,8.0,79.75,0.1,0,0.0,Bluish-Green,4,1100.0,1,1,0
Mexico,2013.0,Typica,Washed / Wet,7.58,7.08,7.0,7.0,7.5,6.92,10.0,10.0,10.0,6.67,79.75,0.12,0,0.0,Green,4,1400.0,1,1,1
Mexico,2013.0,Bourbon,Washed / Wet,7.58,7.08,6.92,7.58,7.5,6.92,10.0,9.33,10.0,6.83,79.75,0.13,0,0.0,Green,4,1022.0,1,1,1
Mexico,2013.0,Bourbon,Washed / Wet,7.25,7.08,7.0,7.17,7.17,7.08,10.0,10.0,10.0,7.0,79.75,0.12,0,0.0,Green,5,1300.0,1,1,1
Mexico,2012.0,Bourbon,Washed / Wet,7.25,7.17,7.17,7.08,7.17,7.0,10.0,10.0,10.0,6.92,79.75,0.14,0,0.0,Desconocido,0,1450.0,1,1,1
Mexico,2012.0,Typica,Washed / Wet,7.33,7.25,7.0,7.08,7.08,7.0,10.0,10.0,10.0,7.0,79.75,0.1,1,0.0,Green,22,1050.0,1,1,1
Guatemala,2012.0,Bourbon,Washed / Wet,7.58,7.33,7.5,7.33,7.0,7.33,9.33,9.33,9.33,7.67,79.75,,0,0.0,Green,4,,0,0,0
Mexico,2012.0,Typica,Washed / Wet,7.25,6.83,6.92,7.08,7.25,7.08,10.0,10.0,10.0,7.33,79.75,0.12,0,0.0,Desconocido,7,1100.0,1,1,1
Guatemala,2016.0,Bourbon,Washed / Wet,7.42,7.42,7.25,7.58,7.42,7.33,9.33,9.33,9.33,7.25,79.67,0.1,0,2.0,Green,1,1219.2,1,1,0
El Salvador,2016.0,Bourbon,Washed / Wet,7.25,7.08,7.0,6.83,7.33,7.17,10.0,10.0,10.0,7.0,79.67,,0,0.0,Bluish-Green,12,1250.0,1,0,1
Thailand,2013.0,Desconocido,Washed / Wet,6.92,7.17,6.83,7.42,7.17,7.08,10.0,10.0,10.0,7.08,79.67,0.12,0,0.0,Blue-Green,0,800.0,1,1,1
Guatemala,2013.0,Bourbon,Washed / Wet,7.5,7.0,6.83,7.08,7.08,7.17,10.0,10.0,10.0,7.0,79.67,0.11,0,0.0,Green,6,1310.64,1,1,1
Mexico,2013.0,Typica,Washed / Wet,7.42,7.25,6.83,7.58,7.17,6.58,10.0,10.0,10.0,6.83,79.67,0.12,0,0.0,Green,6,1400.0,1,1,1
Mexico,2012.0,Caturra,Washed / Wet,7.33,7.17,7.0,6.75,7.08,7.0,10.0,10.0,10.0,7.33,79.67,0.13,5,0.0,Desconocido,6,975.0,1,1,1
Mexico,2012.0,Mundo Novo,Washed / Wet,6.92,7.17,7.17,7.17,7.08,7.08,10.0,10.0,10.0,7.08,79.67,,0,0.0,Desconocido,9,1264.0,1,0,1
Thailand,,Peaberry,Desconocido,7.17,7.17,7.0,7.0,7.25,6.92,10.0,10.0,10.0,7.17,79.67,,1,0.0,Desconocido,0,,0,0,1
Mexico,2012.0,Typica,Washed / Wet,7.08,7.0,6.92,7.33,7.25,7.08,10.0,10.0,10.0,6.92,79.58,0.12,0,0.0,Desconocido,11,1250.0,1,1,1
Mexico,2012.0,Caturra,Washed / Wet,7.25,6.92,6.92,7.33,7.25,7.0,10.0,10.0,10.0,6.92,79.58,0.13,0,0.0,Green,5,1550.0,1,1,1
Colombia,,Desconocido,Desconocido,7.25,7.17,7.0,6.75,7.17,7.33,10.0,10.0,10.0,6.92,79.58,0.1,0,0.0,Desconocido,4,1800.0,1,1,1
Guatemala,2009.0,Desconocido,Desconocido,7.08,7.0,6.83,7.33,7.25,7.0,10.0,10.0,10.0,7.08,79.58,0.17,1,0.0,Desconocido,19,1325.88,1,1,1
Nicaragua,2015.0,Caturra,Natural / Dry,6.92,6.92,7.0,7.42,7.25,7.0,10.0,10.0,10.0,7.0,79.5,0.12,0,0.0,Green,6,1050.0,1,1,1
Taiwan,2014.0,Typica,Natural / Dry,6.92,7.0,7.17,7.0,7.42,7.0,10.0,10.0,10.0,7.0,79.5,,0,0.0,Desconocido,1,700.0,1,0,1
Colombia,2013.0,Caturra,Washed / Wet,7.83,7.5,7.42,7.42,7.67,7.5,10.0,6.67,10.0,7.5,79.5,,0,0.0,Green,2,1550.0,1,0,0
Mexico,2012.0,Caturra,Washed / Wet,7.25,7.08,6.92,7.25,7.58,7.08,9.33,10.0,10.0,7.0,79.5,0.12,1,0.0,Green,20,1550.0,1,1,1
Mexico,2012.0,Typica,Washed / Wet,7.25,7.33,7.0,7.25,7.17,7.17,9.33,10.0,10.0,7.0,79.5,0.12,0,0.0,Bluish-Green,5,1100.0,1,1,1
Guatemala,2013.0,Bourbon,Washed / Wet,7.08,7.33,7.25,7.58,7.33,7.42,9.33,9.33,9.33,7.42,79.42,0.1,0,0.0,Green,2,1219.2,1,1,0
Guatemala,2014.0,Other,Washed / Wet,7.25,7.33,6.83,7.0,7.0,7.17,10.0,10.0,10.0,6.83,79.42,0.1,1,0.0,Green,4,1219.2,1,1,1
Mexico,2012.0,Typica,Washed / Wet,7.0,6.83,6.83,7.42,7.33,7.17,10.0,10.0,10.0,6.83,79.42,0.13,0,0.0,Green,30,800.0,1,1,1
Cote d?Ivoire,2016.0,Desconocido,Washed / Wet,7.42,7.25,6.83,7.0,7.33,7.08,9.33,10.0,10.0,7.08,79.33,0.13,1,0.0,Bluish-Green,2,,0,1,1
Colombia,2013.0,Caturra,Washed / Wet,7.42,7.25,6.75,7.25,7.42,7.25,9.33,9.33,10.0,7.33,79.33,,0,0.0,Green,3,1200.0,1,0,1
Mexico,2012.0,Typica,Washed / Wet,7.0,7.0,6.83,7.33,7.42,6.92,10.0,10.0,10.0,6.83,79.33,0.14,0,0.0,Desconocido,23,950.0,1,1,1
Mexico,2012.0,Typica,Washed / Wet,7.42,7.17,7.08,7.17,7.08,7.08,9.33,10.0,10.0,7.0,79.33,0.14,0,0.0,Green,19,750.0,1,1,1
Guatemala,2012.0,Bourbon,Washed / Wet,7.17,6.5,6.33,7.25,7.58,7.33,10.0,10.0,10.0,7.17,79.33,0.11,0,0.0,Green,6,,0,1,1
Taiwan,2014.0,Typica,Washed / Wet,7.08,6.83,6.83,7.25,7.42,7.08,10.0,10.0,10.0,6.75,79.25,0.11,0,0.0,Blue-Green,0,850.0,1,1,1
Mexico,2012.0,Bourbon,Washed / Wet,7.0,7.0,6.92,7.17,7.17,7.08,10.0,10.0,10.0,6.92,79.25,0.13,0,0.0,Green,10,1000.0,1,1,1
Guatemala,2017.0,Bourbon,Washed / Wet,7.33,7.42,7.33,7.42,7.5,7.42,8.67,9.33,9.33,7.42,79.17,0.1,0,0.0,Green,0,1219.2,1,1,0
Honduras,2017.0,Catuai,Washed / Wet,7.58,7.0,6.75,6.92,7.0,6.92,10.0,10.0,10.0,7.0,79.17,0.11,0,0.0,Green,5,1650.0,1,1,1
Guatemala,2016.0,Bourbon,Washed / Wet,7.08,7.0,6.92,7.42,7.0,6.92,10.0,10.0,10.0,6.83,79.17,0.11,0,8.0,Green,6,1320.0,1,1,1
Guatemala,2015.0,Catuai,Washed / Wet,7.25,7.17,6.75,7.25,7.0,6.92,10.0,10.0,10.0,6.83,79.17,0.11,0,0.0,Green,6,1550.0,1,1,1
Costa Rica,2012.0,Catuai,Washed / Wet,7.17,7.42,7.5,8.0,7.25,7.83,10.0,10.0,6.67,7.33,79.17,0.1,5,0.0,Desconocido,20,,0,1,0
Mexico,2012.0,Typica,Washed / Wet,7.25,7.08,6.92,7.08,7.17,7.17,9.33,10.0,10.0,7.17,79.17,0.14,0,0.0,Desconocido,8,1550.0,1,1,1
Mexico,2012.0,Typica,Washed / Wet,7.17,6.92,6.92,7.08,7.17,7.0,10.0,10.0,10.0,6.92,79.17,0.14,0,0.0,Green,34,1450.0,1,1,1
Mexico,,Typica,Desconocido,6.75,6.75,6.83,7.25,7.58,7.08,10.0,10.0,10.0,6.92,79.17,0.01,0,0.0,Desconocido,8,1200.0,1,1,1
Guatemala,2017.0,Bourbon,Washed / Wet,7.58,7.67,7.42,7.42,7.67,7.67,8.67,8.67,8.67,7.67,79.08,0.1,0,0.0,Green,1,1700.0,1,1,0
United States (Puerto Rico),2013.0,Other,Washed / Wet,7.42,7.08,6.75,7.33,7.33,6.92,10.0,9.33,10.0,6.92,79.08,0.13,0,0.0,Green,0,853.44,1,1,1
Mexico,2012.0,Typica,Washed / Wet,7.33,7.0,6.92,7.25,7.33,7.08,9.33,10.0,10.0,6.83,79.08,0.16,0,0.0,Desconocido,2,1500.0,1,1,1
Mexico,2012.0,Mundo Novo,Washed / Wet,7.25,7.08,6.75,7.33,7.42,7.0,9.33,10.0,10.0,6.92,79.08,0.11,0,0.0,Green,45,1100.0,1,1,1
Mexico,2012.0,Typica,Washed / Wet,7.17,7.25,7.25,7.17,7.25,7.08,9.33,9.33,10.0,7.25,79.08,0.1,0,0.0,Bluish-Green,0,1200.0,1,1,1
Desconocido,,Desconocido,Desconocido,6.75,6.75,6.42,6.83,7.58,7.5,10.0,10.0,10.0,7.25,79.08,0.1,0,0.0,Desconocido,3,,0,1,1
Guatemala,2014.0,Other,Washed / Wet,7.33,7.17,6.58,7.42,7.08,6.83,10.0,10.0,10.0,6.58,79.0,0.12,0,0.0,Green,3,1219.2,1,1,1
Honduras,2014.0,Pacas,Washed / Wet,7.0,7.0,7.0,7.0,7.0,7.0,10.0,10.0,10.0,7.0,79.0,0.11,0,0.0,Green,12,1350.0,1,1,1
Peru,2012.0,Typica,Washed / Wet,7.67,7.17,7.08,7.25,8.0,7.5,8.67,9.33,9.33,7.0,79.0,,0,0.0,Desconocido,4,1400.0,1,0,0
Mexico,2012.0,Mundo Novo,Natural / Dry,6.75,7.08,6.67,7.25,7.17,7.08,10.0,10.0,10.0,7.0,79.0,0.12,0,0.0,Desconocido,12,1300.0,1,1,1
Mexico,2012.0,Typica,Semi-washed / Semi-pulped,7.5,7.17,6.92,7.5,7.25,7.0,8.67,10.0,10.0,7.0,79.0,0.14,3,0.0,Green,17,1550.0,1,1,1
Mexico,2012.0,Typica,Washed / Wet,7.17,6.83,6.83,7.25,7.17,6.92,10.0,10.0,10.0,6.83,79.0,0.14,7,0.0,Green,38,,0,1,1
Mexico,2013.0,Typica,Washed / Wet,7.33,7.0,6.75,7.08,7.17,7.25,9.33,10.0,10.0,7.0,78.92,0.12,0,0.0,Green,8,1300.0,1,1,1
Mexico,2012.0,Typica,Washed / Wet,7.5,7.0,6.92,7.08,6.92,6.75,10.0,10.0,10.0,6.75,78.92,0.16,0,0.0,Desconocido,0,1400.0,1,1,1
Nicaragua,2016.0,Caturra,Other,7.17,7.0,6.92,7.0,7.0,7.0,10.0,10.0,10.0,6.75,78.83,0.1,0,2.0,Green,4,1100.0,1,1,1
United States (Hawaii),2013.0,Desconocido,Natural / Dry,7.5,6.92,6.92,7.25,7.58,7.42,9.33,9.33,9.33,7.17,78.75,0.12,5,0.0,Green,8,,0,1,1
Guatemala,2013.0,Bourbon,Washed / Wet,7.33,7.08,6.33,7.25,7.0,7.0,10.0,10.0,10.0,6.75,78.75,0.12,1,0.0,Green,8,1310.64,1,1,1
Mexico,2012.0,Typica,Washed / Wet,7.25,6.83,6.83,7.0,7.17,7.0,10.0,10.0,10.0,6.67,78.75,0.14,0,0.0,Green,0,1320.0,1,1,1
Mexico,2012.0,Typica,Semi-washed / Semi-pulped,7.25,7.33,7.17,7.25,7.08,7.0,8.67,10.0,10.0,7.0,78.75,0.14,0,0.0,Desconocido,0,1250.0,1,1,1
Mexico,2012.0,Bourbon,Washed / Wet,7.67,7.17,6.83,7.33,7.58,7.17,9.33,10.0,8.67,7.0,78.75,0.12,0,0.0,Desconocido,0,1350.0,1,1,1
China,2013.0,Typica,Washed / Wet,7.0,6.92,6.83,7.17,7.17,7.17,10.0,10.0,9.33,7.08,78.67,,0,0.0,Green,5,1850.0,1,0,1
Mexico,2012.0,Caturra,Washed / Wet,6.92,6.92,6.67,7.25,7.17,6.92,10.0,10.0,10.0,6.83,78.67,0.13,0,0.0,Desconocido,2,1150.0,1,1,1
Nicaragua,2016.0,Desconocido,Desconocido,7.08,7.0,6.75,6.83,7.08,6.92,10.0,10.0,10.0,6.92,78.58,0.1,1,5.0,Green,7,,0,1,1
Nicaragua,2014.0,Desconocido,Natural / Dry,6.83,7.08,6.92,6.75,7.25,7.08,10.0,10.0,10.0,6.67,78.58,0.11,1,0.0,Green,1,,0,1,1
Guatemala,2014.0,Other,Washed / Wet,7.33,7.17,6.92,7.58,7.25,7.17,8.67,9.33,10.0,7.17,78.58,0.12,0,0.0,Green,3,1219.2,1,1,1
Taiwan,2013.0,Typica,Washed / Wet,6.83,6.75,7.17,7.25,7.0,6.92,10.0,10.0,10.0,6.67,78.58,0.1,0,0.0,Green,0,800.0,1,1,1
Mexico,2012.0,Typica,Washed / Wet,7.0,7.0,6.75,7.33,6.92,6.92,10.0,10.0,10.0,6.67,78.58,0.13,0,0.0,Green,1,1400.0,1,1,1
Mexico,2012.0,Typica,Washed / Wet,7.92,7.58,7.58,7.92,7.92,7.5,8.0,6.67,10.0,7.5,78.58,0.1,0,0.0,Desconocido,1,1300.0,1,1,2
United States (Hawaii),,Desconocido,Desconocido,7.92,6.83,7.08,7.42,6.75,7.33,8.67,9.33,10.0,7.25,78.58,,0,0.0,Desconocido,0,,0,0,1
Mexico,2014.0,Bourbon,Washed / Wet,7.25,6.75,6.92,6.92,7.25,7.58,9.33,9.33,10.0,7.17,78.5,,0,0.0,Green,0,1600.0,1,0,1
Mexico,2012.0,Typica,Washed / Wet,7.08,6.83,6.83,7.0,7.0,6.92,10.0,10.0,10.0,6.83,78.5,0.12,0,0.0,Desconocido,14,1400.0,1,1,1
Mexico,2012.0,Caturra,Washed / Wet,7.25,7.17,7.0,6.83,7.58,7.08,8.67,10.0,10.0,6.92,78.5,0.13,1,0.0,Green,3,1200.0,1,1,1
Brazil,2014.0,Catuai,Natural / Dry,6.83,7.0,6.92,7.08,6.92,6.83,10.0,10.0,10.0,6.83,78.42,0.12,3,0.0,Green,4,,0,1,1
Mexico,2012.0,Typica,Washed / Wet,7.58,7.17,7.0,7.17,7.33,7.0,8.0,10.0,10.0,7.17,78.42,0.14,0,0.0,Desconocido,0,1500.0,1,1,1
United States (Hawaii),2014.0,Hawaiian Kona,Natural / Dry,7.5,7.75,7.58,7.83,7.92,7.92,7.33,8.0,8.67,7.83,78.33,0.1,0,0.0,Bluish-Green,0,,0,1,2
Guatemala,2014.0,Other,Washed / Wet,7.17,6.5,6.67,7.0,7.17,7.17,10.0,10.0,10.0,6.67,78.33,0.1,0,0.0,Green,2,1219.2,1,1,1
Guatemala,2012.0,Bourbon,Washed / Wet,7.17,7.17,6.5,7.17,7.0,6.83,10.0,10.0,10.0,6.5,78.33,0.11,1,0.0,Green,4,1310.64,1,1,1
Mexico,2012.0,Typica,Natural / Dry,7.25,7.25,7.0,7.5,7.33,7.42,8.0,9.33,10.0,7.75,78.33,0.13,31,0.0,Green,47,1300.0,1,1,0
Guatemala,2012.0,Bourbon,Washed / Wet,7.17,6.08,6.17,7.25,7.33,7.33,10.0,10.0,10.0,7.0,78.33,0.11,0,0.0,Green,9,,0,1,1
United States (Hawaii),2014.0,Hawaiian Kona,Natural / Dry,7.5,7.5,7.33,7.58,7.5,7.42,8.67,8.67,8.67,7.42,78.25,0.11,2,0.0,Green,8,,0,1,0
United States (Hawaii),2012.0,Hawaiian Kona,Natural / Dry,7.42,7.33,7.33,7.5,7.67,7.75,8.0,8.67,9.33,7.25,78.25,0.11,4,0.0,Green,31,,0,1,0
Indonesia,2016.0,Java,Washed / Wet,6.92,6.83,6.92,6.92,6.92,6.83,10.0,10.0,10.0,6.83,78.17,0.13,0,0.0,Desconocido,1,1300.0,1,1,1
Mexico,2012.0,Typica,Washed / Wet,7.08,6.83,6.67,7.25,7.25,6.92,10.0,9.33,10.0,6.75,78.08,0.11,0,0.0,Green,3,1050.0,1,1,1
Taiwan,2016.0,Yellow Bourbon,Washed / Wet,7.5,7.08,7.33,7.17,7.5,7.5,6.67,10.0,10.0,7.25,78.0,,3,0.0,Green,4,650.0,1,0,0
Honduras,2014.0,Pacas,Natural / Dry,6.83,7.0,6.67,7.0,7.0,6.83,10.0,10.0,10.0,6.67,78.0,0.11,2,0.0,Green,6,1350.0,1,1,1
United States (Hawaii),2014.0,Hawaiian Kona,Natural / Dry,7.58,7.33,7.5,7.42,7.5,7.33,8.0,8.67,9.33,7.33,78.0,0.12,2,0.0,Green,3,,0,1,0
Guatemala,2014.0,Other,Washed / Wet,7.42,7.25,6.83,7.33,7.0,6.92,9.33,9.33,9.33,7.25,78.0,0.1,1,0.0,Green,2,1219.2,1,1,1
China,2013.0,Typica,Washed / Wet,7.33,7.17,6.92,7.08,7.33,7.0,9.33,9.33,9.33,7.17,78.0,0.1,0,0.0,Green,28,1200.0,1,1,1
Guatemala,2013.0,Bourbon,Washed / Wet,7.0,6.83,6.83,7.17,6.67,6.83,10.0,10.0,10.0,6.67,78.0,0.11,3,0.0,Green,9,1310.64,1,1,1
Mexico,2012.0,Other,Washed / Wet,7.25,7.33,7.0,7.0,7.25,7.08,10.0,10.0,8.0,7.08,78.0,0.12,2,0.0,Green,7,850.0,1,1,1
Colombia,,Desconocido,Desconocido,7.42,7.17,7.0,7.17,7.67,7.17,8.67,9.33,9.33,7.08,78.0,0.1,1,0.0,Green,3,,0,1,1
Costa Rica,2014.0,Caturra,Washed / Wet,7.5,7.25,7.42,7.0,7.08,6.83,8.67,9.33,10.0,6.83,77.92,0.12,2,0.0,Green,4,1200.0,1,1,1
Mexico,2012.0,Typica,Washed / Wet,7.42,7.25,7.0,7.0,7.25,7.08,8.0,10.0,10.0,6.92,77.92,0.11,0,0.0,Green,3,1248.0,1,1,1
Guatemala,2012.0,Bourbon,Washed / Wet,7.17,6.17,6.17,7.08,7.33,6.83,10.0,10.0,10.0,7.17,77.92,0.11,0,0.0,Green,7,,0,1,1
Nicaragua,2016.0,Desconocido,Desconocido,7.42,7.0,7.0,7.17,7.08,7.0,9.33,8.67,10.0,7.17,77.83,0.1,0,0.0,Bluish-Green,0,1000.0,1,1,1
Brazil,2014.0,Desconocido,Washed / Wet,7.0,6.75,6.67,6.83,7.08,6.83,10.0,10.0,10.0,6.67,77.83,0.11,0,0.0,Desconocido,2,,0,1,1
Guatemala,2013.0,Bourbon,Washed / Wet,7.0,6.83,6.67,7.17,6.83,6.83,10.0,10.0,10.0,6.5,77.83,0.11,0,0.0,Green,2,1310.64,1,1,1
Taiwan,2012.0,Typica,Washed / Wet,7.17,6.75,6.58,7.33,7.33,7.17,9.33,9.33,10.0,6.67,77.67,0.11,0,0.0,Bluish-Green,0,775.0,1,1,1
United States (Hawaii),2013.0,Desconocido,Natural / Dry,7.58,7.67,7.58,7.67,7.42,7.42,9.33,9.33,6.0,7.58,77.58,0.12,1,0.0,Green,5,,0,1,0
Mexico,2012.0,Typica,Washed / Wet,7.17,6.75,6.58,6.75,6.83,6.75,10.0,10.0,10.0,6.67,77.5,0.13,0,0.0,Green,3,1300.0,1,1,1
Guatemala,2013.0,Bourbon,Washed / Wet,7.08,6.92,6.33,7.0,6.92,7.0,10.0,10.0,10.0,6.17,77.42,0.11,2,0.0,Green,15,1310.64,1,1,1
Brazil,2017.0,Bourbon,Natural / Dry,7.5,7.33,7.42,7.58,7.58,6.92,8.0,8.0,10.0,7.0,77.33,,0,0.0,Green,3,890.0,1,0,0
Guatemala,2014.0,Other,Washed / Wet,7.33,7.0,6.83,7.17,7.17,7.17,9.33,9.33,9.33,6.67,77.33,0.1,1,0.0,Green,2,1219.2,1,1,1
Mexico,2012.0,Typica,Washed / Wet,7.33,7.0,6.67,7.0,6.92,6.92,9.33,9.33,10.0,6.83,77.33,0.15,4,0.0,Desconocido,5,1500.0,1,1,1
Haiti,2013.0,Typica,Washed / Wet,6.83,6.83,6.83,6.75,6.92,6.92,9.33,10.0,10.0,6.83,77.25,0.1,0,0.0,Desconocido,1,825.0,1,1,1
United States (Hawaii),2013.0,Desconocido,Natural / Dry,7.08,6.92,6.83,6.67,7.58,7.42,8.67,9.33,10.0,6.75,77.25,0.12,1,0.0,Green,5,,0,1,1
Mexico,2012.0,Other,Washed / Wet,7.08,7.0,7.0,7.25,7.33,7.25,8.67,8.67,10.0,6.92,77.17,0.12,1,0.0,Green,11,1200.0,1,1,1
Peru,2014.0,Caturra,Washed / Wet,7.42,7.75,7.42,7.67,7.92,7.83,8.67,5.33,9.33,7.67,77.0,,7,0.0,Green,9,1200.0,1,0,0
India,2016.0,Desconocido,Natural / Dry,7.67,7.33,7.17,6.67,7.17,7.42,9.33,10.0,6.67,7.42,76.83,,0,7.0,Green,0,,0,0,1
Mexico,,Typica,Desconocido,6.67,6.33,6.42,6.83,7.0,6.92,10.0,10.0,10.0,6.58,76.75,,0,0.0,Desconocido,0,1200.0,1,0,1
Guatemala,2012.0,Bourbon,Washed / Wet,6.42,6.5,6.5,7.33,6.33,6.92,10.0,10.0,10.0,6.5,76.5,0.12,0,0.0,Desconocido,4,,0,1,1
Mexico,2012.0,Typica,Washed / Wet,7.17,6.58,6.58,7.0,7.25,6.58,9.33,9.33,10.0,6.58,76.42,0.13,0,0.0,Green,14,1100.0,1,1,1
Guatemala,2012.0,Bourbon,Washed / Wet,7.5,7.0,6.83,7.5,7.17,7.33,8.67,8.67,8.67,7.0,76.33,0.11,0,0.0,Green,8,1310.64,1,1,1
Guatemala,2011.0,Bourbon,Washed / Wet,6.17,6.5,6.5,7.17,7.0,6.83,10.0,10.0,10.0,6.17,76.33,0.11,0,0.0,Desconocido,5,,0,1,1
United States (Hawaii),2014.0,Hawaiian Kona,Natural / Dry,7.25,7.08,6.83,7.17,7.33,6.83,8.67,8.67,9.33,7.08,76.25,,0,0.0,Green,0,,0,0,1
United States (Hawaii),2013.0,Desconocido,Natural / Dry,7.5,7.33,7.33,7.58,7.67,7.25,8.0,8.0,8.0,7.5,76.17,,0,0.0,Bluish-Green,3,,0,0,0
Mexico,2012.0,Typica,Washed / Wet,7.42,7.0,6.83,7.08,6.92,6.83,7.33,10.0,10.0,6.75,76.17,0.16,2,0.0,Desconocido,4,1400.0,1,1,1
Indonesia,2011.0,Other,Natural / Dry,7.33,7.0,6.5,6.08,7.58,6.33,9.33,10.0,9.33,6.67,76.17,0.12,4,0.0,Desconocido,26,,0,1,1
Mexico,2012.0,Bourbon,Washed / Wet,7.08,6.83,6.83,7.17,7.17,7.08,10.0,7.33,10.0,6.58,76.08,0.12,0,0.0,Green,12,1250.0,1,1,1
Honduras,2014.0,Pacas,Natural / Dry,6.83,6.83,6.67,6.83,7.0,6.83,9.33,8.67,10.0,7.0,76.0,0.11,0,0.0,Green,7,1350.0,1,1,1
Philippines,2012.0,Desconocido,Washed / Wet,6.83,6.5,6.5,6.92,6.75,7.0,9.33,10.0,9.33,6.67,75.83,0.12,0,0.0,Green,2,1000.0,1,1,1
Brazil,2017.0,Desconocido,Natural / Dry,7.17,7.0,6.83,7.5,7.17,7.0,8.0,8.0,10.0,7.0,75.67,0.11,0,1.0,Green,6,,0,1,1
Guatemala,2012.0,Bourbon,Washed / Wet,7.92,7.58,7.17,7.58,7.33,7.17,8.0,8.0,8.0,6.83,75.58,0.11,0,0.0,Green,15,1310.64,1,1,0
Guatemala,2012.0,Bourbon,Washed / Wet,6.67,6.5,6.33,7.0,7.17,6.75,8.67,10.0,10.0,6.5,75.58,0.12,0,0.0,Desconocido,10,,0,1,1
Mexico,2012.0,Pacamara,Washed / Wet,7.5,7.25,6.92,7.0,7.17,6.83,8.0,8.0,10.0,6.83,75.5,0.11,4,0.0,Green,20,1100.0,1,1,1
Mexico,2012.0,Mundo Novo,Washed / Wet,7.17,6.92,6.67,6.83,7.25,7.75,10.0,6.0,10.0,6.58,75.17,0.11,0,0.0,Green,20,1200.0,1,1,1
Mexico,2012.0,Other,Washed / Wet,7.25,6.83,6.67,7.08,7.17,6.83,10.0,6.67,10.0,6.67,75.17,0.12,0,0.0,Desconocido,8,1100.0,1,1,1
Mexico,2012.0,Typica,Washed / Wet,7.17,7.17,6.83,7.17,7.42,6.67,8.67,7.33,10.0,6.75,75.17,0.13,23,0.0,Bluish-Green,29,1280.0,1,1,1
Mexico,2012.0,Typica,Washed / Wet,7.0,6.92,6.75,6.92,7.17,6.83,10.0,6.67,10.0,6.75,75.0,0.14,15,0.0,Green,7,850.0,1,1,1
Mexico,2012.0,Typica,Washed / Wet,7.08,6.75,6.58,7.0,7.0,6.75,8.67,8.67,10.0,6.42,74.92,0.17,0,0.0,Desconocido,6,1500.0,1,1,1
Mexico,2012.0,Typica,Washed / Wet,7.33,6.75,6.67,7.25,7.5,7.0,10.0,5.33,10.0,7.0,74.83,0.12,0,0.0,Green,30,1250.0,1,1,1
Guatemala,2012.0,Bourbon,Washed / Wet,6.75,6.5,6.17,7.0,7.25,6.75,8.0,10.0,10.0,6.33,74.75,0.11,0,0.0,Desconocido,8,,0,1,1
Guatemala,2012.0,Bourbon,Washed / Wet,6.75,6.67,6.17,7.17,7.0,6.58,8.0,10.0,10.0,6.42,74.75,0.11,0,0.0,Desconocido,10,,0,1,1
Mexico,2013.0,Typica,Washed / Wet,7.08,7.0,6.83,7.5,7.33,6.83,8.0,7.33,10.0,6.75,74.67,0.12,0,0.0,Green,7,1700.0,1,1,1
United States (Hawaii),2014.0,Hawaiian Kona,Natural / Dry,7.5,7.25,7.0,7.25,7.42,7.33,8.0,8.67,6.67,7.33,74.42,,1,0.0,Blue-Green,2,,0,0,1
Guatemala,2013.0,Bourbon,Washed / Wet,6.5,6.33,6.5,7.5,7.33,6.83,8.67,10.0,8.67,6.0,74.33,0.11,1,0.0,Green,1,1310.64,1,1,1
Mexico,2012.0,Typica,Washed / Wet,7.0,6.58,6.67,6.83,7.08,6.83,10.0,6.67,10.0,6.67,74.33,0.14,3,0.0,Green,11,1140.0,1,1,1
Mexico,2012.0,Typica,Washed / Wet,6.92,6.42,6.17,7.33,7.25,6.75,10.0,6.67,10.0,6.5,74.0,0.13,0,0.0,Desconocido,27,1200.0,1,1,1
Mexico,2012.0,Typica,Washed / Wet,7.67,7.0,7.17,7.58,7.33,7.33,10.0,2.67,10.0,7.08,73.83,0.12,0,0.0,Green,19,1250.0,1,1,1
United States (Hawaii),2012.0,Hawaiian Kona,Natural / Dry,7.17,7.17,7.17,7.58,7.67,6.92,9.33,6.67,6.67,7.33,73.67,,9,0.0,Desconocido,17,,0,0,1
Brazil,2016.0,Desconocido,Desconocido,7.25,6.58,6.58,7.0,7.0,6.42,8.0,8.0,10.0,6.67,73.5,0.11,0,1.0,Green,0,,0,1,1
Honduras,2014.0,Pacas,Washed / Wet,7.0,7.17,6.83,7.17,7.0,7.17,8.0,8.0,8.0,7.08,73.42,0.11,1,0.0,Green,16,1350.0,1,1,1
Mexico,2014.0,Typica,Washed / Wet,7.08,7.08,6.92,7.08,6.92,6.92,8.0,8.0,8.0,6.92,72.92,,1,0.0,Desconocido,1,1200.0,1,0,1
Colombia,2013.0,Desconocido,Natural / Dry,8.0,7.33,7.75,7.33,7.42,7.67,6.67,6.67,6.67,7.33,72.83,,0,0.0,Bluish-Green,15,,0,0,0
United States (Hawaii),2014.0,Hawaiian Kona,Natural / Dry,6.92,6.92,6.92,7.5,7.58,7.17,6.67,6.67,9.33,6.92,72.58,0.11,5,0.0,Green,9,,0,1,1
Haiti,2010.0,Desconocido,Desconocido,6.92,6.75,7.08,7.17,7.33,6.67,10.0,5.33,8.67,6.42,72.33,0.08,1,0.0,Desconocido,0,1020.0,1,1,1
Costa Rica,2014.0,Caturra,Washed / Wet,6.33,6.5,6.33,6.83,6.33,6.5,10.0,6.67,10.0,6.25,71.75,0.11,0,0.0,Green,7,1200.0,1,1,1
Mexico,2012.0,Mundo Novo,Washed / Wet,6.92,6.92,6.92,6.92,7.17,7.0,10.0,2.67,10.0,6.58,71.08,0.12,4,0.0,Green,24,800.0,1,1,1
Mexico,2012.0,Bourbon,Washed / Wet,6.5,6.67,6.42,7.17,7.33,6.5,8.0,6.0,10.0,6.42,71.0,0.11,0,0.0,Green,0,1800.0,1,1,1
Mexico,2014.0,Typica,Washed / Wet,6.92,7.0,6.83,6.92,7.42,6.92,6.0,6.0,10.0,6.75,70.75,0.12,0,0.0,Green,1,1000.0,1,1,1
Brazil,2017.0,Desconocido,Natural / Dry,7.0,7.0,6.83,7.0,7.33,6.83,6.0,6.0,10.0,6.67,70.67,0.11,0,1.0,Green,55,,0,1,1
Honduras,2014.0,Catuai,Washed / Wet,6.67,6.5,6.17,6.67,6.83,6.17,8.0,8.0,8.0,6.33,69.33,0.1,0,0.0,Green,4,1450.0,1,1,1
Honduras,2014.0,Catuai,Washed / Wet,7.0,6.17,6.17,6.67,6.5,6.17,8.0,8.0,8.0,6.5,69.17,0.1,0,0.0,Green,3,1450.0,1,1,1
Honduras,2014.0,Catuai,Washed / Wet,7.0,6.33,6.17,6.5,6.67,6.17,8.0,8.0,8.0,6.33,69.17,0.1,0,0.0,Green,4,1450.0,1,1,1
Mexico,2012.0,Bourbon,Washed / Wet,7.08,6.83,6.25,7.42,7.25,6.75,10.0,0.0,10.0,6.75,68.33,0.11,0,0.0,Desconocido,20,900.0,1,1,1
Haiti,2012.0,Typica,Natural / Dry,6.75,6.58,6.42,6.67,7.08,6.67,9.33,6.0,6.0,6.42,67.92,0.14,8,0.0,Blue-Green,16,350.0,1,1,1
Nicaragua,2016.0,Caturra,Other,7.25,6.58,6.33,6.25,6.42,6.08,6.0,6.0,6.0,6.17,63.08,0.13,1,0.0,Green,5,1100.0,1,1,1
Guatemala,2012.0,Catuai,Washed / Wet,7.5,6.67,6.67,7.67,7.33,6.67,8.0,1.33,1.33,6.67,59.83,0.1,0,0.0,Green,4,1417.32,1,1,1
